timestamp,park_id,facility_id,facility_type,industry_segment,contracted_capacity_kw,equipment_efficiency,gross_load_kw,renewable_generation_kw,net_load_kw,temperature_c,tariff_usd_kwh,is_weekend,is_anomaly,quality_flag,data_source
2026-01-01T00:00:00-05:00,PARK-DEMO-01,F-101,energy_intensive,Metal processing,1736.11,0.8702,779.287,0.0,779.287,3.24,0.091,0,0,valid,synthetic_generator_v1
2026-01-01T01:00:00-05:00,PARK-DEMO-01,F-101,energy_intensive,Metal processing,1736.11,0.8702,859.074,0.0,859.074,1.03,0.091,0,0,valid,synthetic_generator_v1
2026-01-01T02:00:00-05:00,PARK-DEMO-01,F-101,energy_intensive,Metal processing,1736.11,0.8702,862.491,0.0,862.491,2.11,0.091,0,0,valid,synthetic_generator_v1
2026-01-01T03:00:00-05:00,PARK-DEMO-01,F-101,energy_intensive,Metal processing,1736.11,0.8702,874.978,0.0,874.978,0.38,0.091,0,0,valid,synthetic_generator_v1
2026-01-01T04:00:00-05:00,PARK-DEMO-01,F-101,energy_intensive,Metal processing,1736.11,0.8702,852.141,0.0,852.141,2.05,0.091,0,0,valid,synthetic_generator_v1
2026-01-01T05:00:00-05:00,PARK-DEMO-01,F-101,energy_intensive,Metal processing,1736.11,0.8702,842.098,0.0,842.098,3.04,0.091,0,0,valid,synthetic_generator_v1
2026-01-01T06:00:00-05:00,PARK-DEMO-01,F-101,energy_intensive,Metal processing,1736.11,0.8702,876.792,0.0,876.792,5.11,0.091,0,0,valid,synthetic_generator_v1
2026-01-01T07:00:00-05:00,PARK-DEMO-01,F-101,energy_intensive,Metal processing,1736.11,0.8702,1509.255,39.132,1470.123,5.88,0.091,0,0,valid,synthetic_generator_v1
2026-01-01T08:00:00-05:00,PARK-DEMO-01,F-101,energy_intensive,Metal processing,1736.11,0.8702,1525.685,77.854,1447.831,9.53,0.109,0,0,valid,synthetic_generator_v1
2026-01-01T09:00:00-05:00,PARK-DEMO-01,F-101,energy_intensive,Metal processing,1736.11,0.8702,1561.044,120.931,1440.114,10.77,0.109,0,0,valid,synthetic_generator_v1
2026-01-01T10:00:00-05:00,PARK-DEMO-01,F-101,energy_intensive,Metal processing,1736.11,0.8702,1502.933,147.072,1355.861,12.33,0.109,0,0,valid,synthetic_generator_v1
2026-01-01T11:00:00-05:00,PARK-DEMO-01,F-101,energy_intensive,Metal processing,1736.11,0.8702,1566.331,136.481,1429.851,13.39,0.109,0,0,valid,synthetic_generator_v1
2026-01-01T12:00:00-05:00,PARK-DEMO-01,F-101,energy_intensive,Metal processing,1736.11,0.8702,1542.311,163.822,1378.489,14.32,0.109,0,0,valid,synthetic_generator_v1
2026-01-01T13:00:00-05:00,PARK-DEMO-01,F-101,energy_intensive,Metal processing,1736.11,0.8702,1510.982,154.257,1356.725,14.55,0.109,0,0,valid,synthetic_generator_v1
2026-01-01T14:00:00-05:00,PARK-DEMO-01,F-101,energy_intensive,Metal processing,1736.11,0.8702,1494.67,134.676,1359.994,16.97,0.109,0,0,valid,synthetic_generator_v1
2026-01-01T15:00:00-05:00,PARK-DEMO-01,F-101,energy_intensive,Metal processing,1736.11,0.8702,1537.099,112.464,1424.634,14.54,0.109,0,0,valid,synthetic_generator_v1
2026-01-01T16:00:00-05:00,PARK-DEMO-01,F-101,energy_intensive,Metal processing,1736.11,0.8702,1516.0,77.018,1438.983,15.19,0.165,0,0,valid,synthetic_generator_v1
2026-01-01T17:00:00-05:00,PARK-DEMO-01,F-101,energy_intensive,Metal processing,1736.11,0.8702,1477.763,37.616,1440.147,12.9,0.165,0,0,valid,synthetic_generator_v1
2026-01-01T18:00:00-05:00,PARK-DEMO-01,F-101,energy_intensive,Metal processing,1736.11,0.8702,1536.26,0.0,1536.26,12.27,0.165,0,0,valid,synthetic_generator_v1
2026-01-01T19:00:00-05:00,PARK-DEMO-01,F-101,energy_intensive,Metal processing,1736.11,0.8702,1556.191,0.0,1556.191,10.18,0.165,0,0,valid,synthetic_generator_v1
2026-01-01T20:00:00-05:00,PARK-DEMO-01,F-101,energy_intensive,Metal processing,1736.11,0.8702,844.791,0.0,844.791,7.38,0.165,0,0,valid,synthetic_generator_v1
2026-01-01T21:00:00-05:00,PARK-DEMO-01,F-101,energy_intensive,Metal processing,1736.11,0.8702,840.404,0.0,840.404,6.95,0.165,0,0,valid,synthetic_generator_v1
2026-01-01T22:00:00-05:00,PARK-DEMO-01,F-101,energy_intensive,Metal processing,1736.11,0.8702,887.214,0.0,887.214,5.21,0.091,0,0,valid,synthetic_generator_v1
2026-01-01T23:00:00-05:00,PARK-DEMO-01,F-101,energy_intensive,Metal processing,1736.11,0.8702,790.164,0.0,790.164,3.13,0.091,0,0,valid,synthetic_generator_v1
2026-01-02T00:00:00-05:00,PARK-DEMO-01,F-101,energy_intensive,Metal processing,1736.11,0.8702,876.839,0.0,876.839,1.64,0.091,0,0,valid,synthetic_generator_v1
2026-01-02T01:00:00-05:00,PARK-DEMO-01,F-101,energy_intensive,Metal processing,1736.11,0.8702,845.653,0.0,845.653,3.7,0.091,0,0,valid,synthetic_generator_v1
2026-01-02T02:00:00-05:00,PARK-DEMO-01,F-101,energy_intensive,Metal processing,1736.11,0.8702,821.16,0.0,821.16,1.66,0.091,0,0,valid,synthetic_generator_v1
2026-01-02T03:00:00-05:00,PARK-DEMO-01,F-101,energy_intensive,Metal processing,1736.11,0.8702,878.269,0.0,878.269,0.07,0.091,0,0,valid,synthetic_generator_v1
2026-01-02T04:00:00-05:00,PARK-DEMO-01,F-101,energy_intensive,Metal processing,1736.11,0.8702,863.324,0.0,863.324,1.1,0.091,0,0,valid,synthetic_generator_v1
2026-01-02T05:00:00-05:00,PARK-DEMO-01,F-101,energy_intensive,Metal processing,1736.11,0.8702,926.422,0.0,926.422,3.98,0.091,0,0,valid,synthetic_generator_v1
2026-01-02T06:00:00-05:00,PARK-DEMO-01,F-101,energy_intensive,Metal processing,1736.11,0.8702,869.423,0.0,869.423,5.62,0.091,0,0,valid,synthetic_generator_v1
2026-01-02T07:00:00-05:00,PARK-DEMO-01,F-101,energy_intensive,Metal processing,1736.11,0.8702,1591.782,41.543,1550.239,7.52,0.091,0,0,valid,synthetic_generator_v1
2026-01-02T08:00:00-05:00,PARK-DEMO-01,F-101,energy_intensive,Metal processing,1736.11,0.8702,1515.341,75.09,1440.25,7.79,0.109,0,0,valid,synthetic_generator_v1
2026-01-02T09:00:00-05:00,PARK-DEMO-01,F-101,energy_intensive,Metal processing,1736.11,0.8702,1470.75,110.302,1360.447,10.45,0.109,0,0,valid,synthetic_generator_v1
2026-01-02T10:00:00-05:00,PARK-DEMO-01,F-101,energy_intensive,Metal processing,1736.11,0.8702,1613.786,135.404,1478.381,13.41,0.109,0,0,valid,synthetic_generator_v1
2026-01-02T11:00:00-05:00,PARK-DEMO-01,F-101,energy_intensive,Metal processing,1736.11,0.8702,1443.473,141.753,1301.721,12.66,0.109,0,0,valid,synthetic_generator_v1
2026-01-02T12:00:00-05:00,PARK-DEMO-01,F-101,energy_intensive,Metal processing,1736.11,0.8702,1506.171,136.227,1369.944,14.47,0.109,0,0,valid,synthetic_generator_v1
2026-01-02T13:00:00-05:00,PARK-DEMO-01,F-101,energy_intensive,Metal processing,1736.11,0.8702,1524.877,153.648,1371.229,15.85,0.109,0,0,valid,synthetic_generator_v1
2026-01-02T14:00:00-05:00,PARK-DEMO-01,F-101,energy_intensive,Metal processing,1736.11,0.8702,1529.202,144.183,1385.019,15.32,0.109,0,0,valid,synthetic_generator_v1
2026-01-02T15:00:00-05:00,PARK-DEMO-01,F-101,energy_intensive,Metal processing,1736.11,0.8702,1510.824,102.655,1408.169,16.84,0.109,0,0,valid,synthetic_generator_v1
2026-01-02T16:00:00-05:00,PARK-DEMO-01,F-101,energy_intensive,Metal processing,1736.11,0.8702,1619.22,85.449,1533.771,14.09,0.165,0,0,valid,synthetic_generator_v1
2026-01-02T17:00:00-05:00,PARK-DEMO-01,F-101,energy_intensive,Metal processing,1736.11,0.8702,1569.848,38.248,1531.599,12.77,0.165,0,0,valid,synthetic_generator_v1
2026-01-02T18:00:00-05:00,PARK-DEMO-01,F-101,energy_intensive,Metal processing,1736.11,0.8702,1504.41,0.0,1504.41,12.35,0.165,0,0,valid,synthetic_generator_v1
2026-01-02T19:00:00-05:00,PARK-DEMO-01,F-101,energy_intensive,Metal processing,1736.11,0.8702,1478.705,0.0,1478.705,9.24,0.165,0,0,valid,synthetic_generator_v1
2026-01-02T20:00:00-05:00,PARK-DEMO-01,F-101,energy_intensive,Metal processing,1736.11,0.8702,855.455,0.0,855.455,9.09,0.165,0,0,valid,synthetic_generator_v1
2026-01-02T21:00:00-05:00,PARK-DEMO-01,F-101,energy_intensive,Metal processing,1736.11,0.8702,843.398,0.0,843.398,7.35,0.165,0,0,valid,synthetic_generator_v1
2026-01-02T22:00:00-05:00,PARK-DEMO-01,F-101,energy_intensive,Metal processing,1736.11,0.8702,867.907,0.0,867.907,7.25,0.091,0,0,valid,synthetic_generator_v1
2026-01-02T23:00:00-05:00,PARK-DEMO-01,F-101,energy_intensive,Metal processing,1736.11,0.8702,931.45,0.0,931.45,5.93,0.091,0,0,valid,synthetic_generator_v1
2026-01-03T00:00:00-05:00,PARK-DEMO-01,F-101,energy_intensive,Metal processing,1736.11,0.8702,625.862,0.0,625.862,4.59,0.091,1,0,valid,synthetic_generator_v1
2026-01-03T01:00:00-05:00,PARK-DEMO-01,F-101,energy_intensive,Metal processing,1736.11,0.8702,671.316,0.0,671.316,1.67,0.091,1,0,valid,synthetic_generator_v1
2026-01-03T02:00:00-05:00,PARK-DEMO-01,F-101,energy_intensive,Metal processing,1736.11,0.8702,675.264,0.0,675.264,3.59,0.091,1,0,valid,synthetic_generator_v1
2026-01-03T03:00:00-05:00,PARK-DEMO-01,F-101,energy_intensive,Metal processing,1736.11,0.8702,636.744,0.0,636.744,2.08,0.091,1,0,valid,synthetic_generator_v1
2026-01-03T04:00:00-05:00,PARK-DEMO-01,F-101,energy_intensive,Metal processing,1736.11,0.8702,709.308,0.0,709.308,2.44,0.091,1,0,valid,synthetic_generator_v1
2026-01-03T05:00:00-05:00,PARK-DEMO-01,F-101,energy_intensive,Metal processing,1736.11,0.8702,658.011,0.0,658.011,3.37,0.091,1,0,valid,synthetic_generator_v1
2026-01-03T06:00:00-05:00,PARK-DEMO-01,F-101,energy_intensive,Metal processing,1736.11,0.8702,665.154,0.0,665.154,7.01,0.091,1,0,valid,synthetic_generator_v1
2026-01-03T07:00:00-05:00,PARK-DEMO-01,F-101,energy_intensive,Metal processing,1736.11,0.8702,1202.602,36.194,1166.408,7.38,0.091,1,0,valid,synthetic_generator_v1
2026-01-03T08:00:00-05:00,PARK-DEMO-01,F-101,energy_intensive,Metal processing,1736.11,0.8702,1299.164,80.435,1218.729,9.18,0.109,1,0,valid,synthetic_generator_v1
2026-01-03T09:00:00-05:00,PARK-DEMO-01,F-101,energy_intensive,Metal processing,1736.11,0.8702,1134.952,119.477,1015.474,10.37,0.109,1,0,valid,synthetic_generator_v1
2026-01-03T10:00:00-05:00,PARK-DEMO-01,F-101,energy_intensive,Metal processing,1736.11,0.8702,1165.244,146.777,1018.467,13.85,0.109,1,0,valid,synthetic_generator_v1
2026-01-03T11:00:00-05:00,PARK-DEMO-01,F-101,energy_intensive,Metal processing,1736.11,0.8702,1151.494,166.647,984.847,13.66,0.109,1,0,valid,synthetic_generator_v1
2026-01-03T12:00:00-05:00,PARK-DEMO-01,F-101,energy_intensive,Metal processing,1736.11,0.8702,1159.148,163.268,995.88,14.33,0.109,1,0,valid,synthetic_generator_v1
2026-01-03T13:00:00-05:00,PARK-DEMO-01,F-101,energy_intensive,Metal processing,1736.11,0.8702,1283.15,140.497,1142.653,13.9,0.109,1,0,valid,synthetic_generator_v1
2026-01-03T14:00:00-05:00,PARK-DEMO-01,F-101,energy_intensive,Metal processing,1736.11,0.8702,1315.153,119.646,1195.507,18.11,0.109,1,0,valid,synthetic_generator_v1
2026-01-03T15:00:00-05:00,PARK-DEMO-01,F-101,energy_intensive,Metal processing,1736.11,0.8702,1266.627,105.086,1161.542,16.07,0.109,1,0,valid,synthetic_generator_v1
2026-01-03T16:00:00-05:00,PARK-DEMO-01,F-101,energy_intensive,Metal processing,1736.11,0.8702,1213.253,73.757,1139.495,15.9,0.091,1,0,valid,synthetic_generator_v1
2026-01-03T17:00:00-05:00,PARK-DEMO-01,F-101,energy_intensive,Metal processing,1736.11,0.8702,1185.494,35.633,1149.861,12.2,0.091,1,0,valid,synthetic_generator_v1
2026-01-03T18:00:00-05:00,PARK-DEMO-01,F-101,energy_intensive,Metal processing,1736.11,0.8702,1214.77,0.0,1214.77,11.74,0.091,1,0,valid,synthetic_generator_v1
2026-01-03T19:00:00-05:00,PARK-DEMO-01,F-101,energy_intensive,Metal processing,1736.11,0.8702,1197.511,0.0,1197.511,11.14,0.091,1,0,valid,synthetic_generator_v1
2026-01-03T20:00:00-05:00,PARK-DEMO-01,F-101,energy_intensive,Metal processing,1736.11,0.8702,667.514,0.0,667.514,9.28,0.091,1,0,valid,synthetic_generator_v1
2026-01-03T21:00:00-05:00,PARK-DEMO-01,F-101,energy_intensive,Metal processing,1736.11,0.8702,640.051,0.0,640.051,7.55,0.091,1,0,valid,synthetic_generator_v1
2026-01-03T22:00:00-05:00,PARK-DEMO-01,F-101,energy_intensive,Metal processing,1736.11,0.8702,720.662,0.0,720.662,4.07,0.091,1,0,valid,synthetic_generator_v1
2026-01-03T23:00:00-05:00,PARK-DEMO-01,F-101,energy_intensive,Metal processing,1736.11,0.8702,709.784,0.0,709.784,1.86,0.091,1,0,valid,synthetic_generator_v1
2026-01-04T00:00:00-05:00,PARK-DEMO-01,F-101,energy_intensive,Metal processing,1736.11,0.8702,682.863,0.0,682.863,1.55,0.091,1,0,valid,synthetic_generator_v1
2026-01-04T01:00:00-05:00,PARK-DEMO-01,F-101,energy_intensive,Metal processing,1736.11,0.8702,661.59,0.0,661.59,1.29,0.091,1,0,valid,synthetic_generator_v1
2026-01-04T02:00:00-05:00,PARK-DEMO-01,F-101,energy_intensive,Metal processing,1736.11,0.8702,662.214,0.0,662.214,-1.9,0.091,1,0,valid,synthetic_generator_v1
2026-01-04T03:00:00-05:00,PARK-DEMO-01,F-101,energy_intensive,Metal processing,1736.11,0.8702,599.52,0.0,599.52,0.97,0.091,1,0,valid,synthetic_generator_v1
2026-01-04T04:00:00-05:00,PARK-DEMO-01,F-101,energy_intensive,Metal processing,1736.11,0.8702,707.617,0.0,707.617,0.27,0.091,1,0,valid,synthetic_generator_v1
2026-01-04T05:00:00-05:00,PARK-DEMO-01,F-101,energy_intensive,Metal processing,1736.11,0.8702,658.188,0.0,658.188,1.96,0.091,1,0,valid,synthetic_generator_v1
2026-01-04T06:00:00-05:00,PARK-DEMO-01,F-101,energy_intensive,Metal processing,1736.11,0.8702,720.553,0.0,720.553,6.75,0.091,1,0,valid,synthetic_generator_v1
2026-01-04T07:00:00-05:00,PARK-DEMO-01,F-101,energy_intensive,Metal processing,1736.11,0.8702,1230.287,40.933,1189.354,6.89,0.091,1,0,valid,synthetic_generator_v1
2026-01-04T08:00:00-05:00,PARK-DEMO-01,F-101,energy_intensive,Metal processing,1736.11,0.8702,1236.953,71.992,1164.961,7.34,0.109,1,0,valid,synthetic_generator_v1
2026-01-04T09:00:00-05:00,PARK-DEMO-01,F-101,energy_intensive,Metal processing,1736.11,0.8702,1244.446,98.556,1145.89,9.76,0.109,1,0,valid,synthetic_generator_v1
2026-01-04T10:00:00-05:00,PARK-DEMO-01,F-101,energy_intensive,Metal processing,1736.11,0.8702,1131.286,122.278,1009.007,12.55,0.109,1,0,valid,synthetic_generator_v1
2026-01-04T11:00:00-05:00,PARK-DEMO-01,F-101,energy_intensive,Metal processing,1736.11,0.8702,1258.47,163.12,1095.35,12.5,0.109,1,0,valid,synthetic_generator_v1
2026-01-04T12:00:00-05:00,PARK-DEMO-01,F-101,energy_intensive,Metal processing,1736.11,0.8702,1197.485,160.614,1036.87,13.02,0.109,1,0,valid,synthetic_generator_v1
2026-01-04T13:00:00-05:00,PARK-DEMO-01,F-101,energy_intensive,Metal processing,1736.11,0.8702,1243.789,154.41,1089.379,15.31,0.109,1,0,valid,synthetic_generator_v1
2026-01-04T14:00:00-05:00,PARK-DEMO-01,F-101,energy_intensive,Metal processing,1736.11,0.8702,1199.104,146.867,1052.236,15.54,0.109,1,0,valid,synthetic_generator_v1
2026-01-04T15:00:00-05:00,PARK-DEMO-01,F-101,energy_intensive,Metal processing,1736.11,0.8702,1171.749,99.304,1072.446,12.46,0.109,1,0,valid,synthetic_generator_v1
2026-01-04T16:00:00-05:00,PARK-DEMO-01,F-101,energy_intensive,Metal processing,1736.11,0.8702,1211.327,76.629,1134.698,16.01,0.091,1,0,valid,synthetic_generator_v1
2026-01-04T17:00:00-05:00,PARK-DEMO-01,F-101,energy_intensive,Metal processing,1736.11,0.8702,1240.207,44.993,1195.214,14.1,0.091,1,0,valid,synthetic_generator_v1
2026-01-04T18:00:00-05:00,PARK-DEMO-01,F-101,energy_intensive,Metal processing,1736.11,0.8702,1160.519,0.0,1160.519,12.0,0.091,1,0,valid,synthetic_generator_v1
2026-01-04T19:00:00-05:00,PARK-DEMO-01,F-101,energy_intensive,Metal processing,1736.11,0.8702,1237.375,0.0,1237.375,10.45,0.091,1,0,valid,synthetic_generator_v1
2026-01-04T20:00:00-05:00,PARK-DEMO-01,F-101,energy_intensive,Metal processing,1736.11,0.8702,641.311,0.0,641.311,9.95,0.091,1,0,valid,synthetic_generator_v1
2026-01-04T21:00:00-05:00,PARK-DEMO-01,F-101,energy_intensive,Metal processing,1736.11,0.8702,672.456,0.0,672.456,7.38,0.091,1,0,valid,synthetic_generator_v1
2026-01-04T22:00:00-05:00,PARK-DEMO-01,F-101,energy_intensive,Metal processing,1736.11,0.8702,694.842,0.0,694.842,5.69,0.091,1,0,valid,synthetic_generator_v1
2026-01-04T23:00:00-05:00,PARK-DEMO-01,F-101,energy_intensive,Metal processing,1736.11,0.8702,738.16,0.0,738.16,0.82,0.091,1,0,valid,synthetic_generator_v1
2026-01-05T00:00:00-05:00,PARK-DEMO-01,F-101,energy_intensive,Metal processing,1736.11,0.8702,796.013,0.0,796.013,2.51,0.091,0,0,valid,synthetic_generator_v1
2026-01-05T01:00:00-05:00,PARK-DEMO-01,F-101,energy_intensive,Metal processing,1736.11,0.8702,880.241,0.0,880.241,-0.71,0.091,0,0,valid,synthetic_generator_v1
2026-01-05T02:00:00-05:00,PARK-DEMO-01,F-101,energy_intensive,Metal processing,1736.11,0.8702,766.815,0.0,766.815,-1.7,0.091,0,0,valid,synthetic_generator_v1
2026-01-05T03:00:00-05:00,PARK-DEMO-01,F-101,energy_intensive,Metal processing,1736.11,0.8702,891.062,0.0,891.062,0.79,0.091,0,0,valid,synthetic_generator_v1
2026-01-05T04:00:00-05:00,PARK-DEMO-01,F-101,energy_intensive,Metal processing,1736.11,0.8702,893.462,0.0,893.462,1.1,0.091,0,0,valid,synthetic_generator_v1
2026-01-05T05:00:00-05:00,PARK-DEMO-01,F-101,energy_intensive,Metal processing,1736.11,0.8702,854.697,0.0,854.697,1.2,0.091,0,0,valid,synthetic_generator_v1
2026-01-05T06:00:00-05:00,PARK-DEMO-01,F-101,energy_intensive,Metal processing,1736.11,0.8702,1988.11,0.0,1988.11,3.03,0.091,0,1,anomaly,synthetic_generator_v1
2026-01-05T07:00:00-05:00,PARK-DEMO-01,F-101,energy_intensive,Metal processing,1736.11,0.8702,1452.336,43.917,1408.418,6.18,0.091,0,0,valid,synthetic_generator_v1
2026-01-05T08:00:00-05:00,PARK-DEMO-01,F-101,energy_intensive,Metal processing,1736.11,0.8702,1506.571,84.831,1421.74,4.2,0.109,0,0,valid,synthetic_generator_v1
2026-01-05T09:00:00-05:00,PARK-DEMO-01,F-101,energy_intensive,Metal processing,1736.11,0.8702,1579.48,121.092,1458.388,9.05,0.109,0,0,valid,synthetic_generator_v1
2026-01-05T10:00:00-05:00,PARK-DEMO-01,F-101,energy_intensive,Metal processing,1736.11,0.8702,1590.385,140.58,1449.805,9.58,0.109,0,0,valid,synthetic_generator_v1
2026-01-05T11:00:00-05:00,PARK-DEMO-01,F-101,energy_intensive,Metal processing,1736.11,0.8702,1473.477,138.689,1334.788,11.24,0.109,0,0,valid,synthetic_generator_v1
2026-01-05T12:00:00-05:00,PARK-DEMO-01,F-101,energy_intensive,Metal processing,1736.11,0.8702,1605.531,161.535,1443.996,14.03,0.109,0,0,valid,synthetic_generator_v1
2026-01-05T13:00:00-05:00,PARK-DEMO-01,F-101,energy_intensive,Metal processing,1736.11,0.8702,1554.131,167.327,1386.804,12.51,0.109,0,0,valid,synthetic_generator_v1
2026-01-05T14:00:00-05:00,PARK-DEMO-01,F-101,energy_intensive,Metal processing,1736.11,0.8702,1509.593,123.992,1385.601,15.11,0.109,0,0,valid,synthetic_generator_v1
2026-01-05T15:00:00-05:00,PARK-DEMO-01,F-101,energy_intensive,Metal processing,1736.11,0.8702,1552.2,114.977,1437.223,12.98,0.109,0,0,valid,synthetic_generator_v1
2026-01-05T16:00:00-05:00,PARK-DEMO-01,F-101,energy_intensive,Metal processing,1736.11,0.8702,1589.027,74.114,1514.913,13.5,0.165,0,0,valid,synthetic_generator_v1
2026-01-05T17:00:00-05:00,PARK-DEMO-01,F-101,energy_intensive,Metal processing,1736.11,0.8702,1520.876,45.462,1475.414,13.23,0.165,0,0,valid,synthetic_generator_v1
2026-01-05T18:00:00-05:00,PARK-DEMO-01,F-101,energy_intensive,Metal processing,1736.11,0.8702,1548.936,0.0,1548.936,10.34,0.165,0,0,valid,synthetic_generator_v1
2026-01-05T19:00:00-05:00,PARK-DEMO-01,F-101,energy_intensive,Metal processing,1736.11,0.8702,1541.157,0.0,1541.157,8.89,0.165,0,0,valid,synthetic_generator_v1
2026-01-05T20:00:00-05:00,PARK-DEMO-01,F-101,energy_intensive,Metal processing,1736.11,0.8702,861.04,0.0,861.04,7.4,0.165,0,0,valid,synthetic_generator_v1
2026-01-05T21:00:00-05:00,PARK-DEMO-01,F-101,energy_intensive,Metal processing,1736.11,0.8702,776.596,0.0,776.596,3.28,0.165,0,0,valid,synthetic_generator_v1
2026-01-05T22:00:00-05:00,PARK-DEMO-01,F-101,energy_intensive,Metal processing,1736.11,0.8702,942.017,0.0,942.017,3.15,0.091,0,0,valid,synthetic_generator_v1
2026-01-05T23:00:00-05:00,PARK-DEMO-01,F-101,energy_intensive,Metal processing,1736.11,0.8702,845.314,0.0,845.314,2.47,0.091,0,0,valid,synthetic_generator_v1
2026-01-06T00:00:00-05:00,PARK-DEMO-01,F-101,energy_intensive,Metal processing,1736.11,0.8702,848.702,0.0,848.702,0.51,0.091,0,0,valid,synthetic_generator_v1
2026-01-06T01:00:00-05:00,PARK-DEMO-01,F-101,energy_intensive,Metal processing,1736.11,0.8702,969.85,0.0,969.85,-0.93,0.091,0,0,valid,synthetic_generator_v1
2026-01-06T02:00:00-05:00,PARK-DEMO-01,F-101,energy_intensive,Metal processing,1736.11,0.8702,886.653,0.0,886.653,-1.07,0.091,0,0,valid,synthetic_generator_v1
2026-01-06T03:00:00-05:00,PARK-DEMO-01,F-101,energy_intensive,Metal processing,1736.11,0.8702,880.446,0.0,880.446,-1.87,0.091,0,0,valid,synthetic_generator_v1
2026-01-06T04:00:00-05:00,PARK-DEMO-01,F-101,energy_intensive,Metal processing,1736.11,0.8702,890.152,0.0,890.152,0.5,0.091,0,0,valid,synthetic_generator_v1
2026-01-06T05:00:00-05:00,PARK-DEMO-01,F-101,energy_intensive,Metal processing,1736.11,0.8702,881.422,0.0,881.422,0.53,0.091,0,0,valid,synthetic_generator_v1
2026-01-06T06:00:00-05:00,PARK-DEMO-01,F-101,energy_intensive,Metal processing,1736.11,0.8702,848.852,0.0,848.852,0.13,0.091,0,0,valid,synthetic_generator_v1
2026-01-06T07:00:00-05:00,PARK-DEMO-01,F-101,energy_intensive,Metal processing,1736.11,0.8702,1572.526,41.69,1530.836,5.65,0.091,0,0,valid,synthetic_generator_v1
2026-01-06T08:00:00-05:00,PARK-DEMO-01,F-101,energy_intensive,Metal processing,1736.11,0.8702,1513.18,89.003,1424.177,2.27,0.109,0,0,valid,synthetic_generator_v1
2026-01-06T09:00:00-05:00,PARK-DEMO-01,F-101,energy_intensive,Metal processing,1736.11,0.8702,1554.784,117.07,1437.714,6.96,0.109,0,0,valid,synthetic_generator_v1
2026-01-06T10:00:00-05:00,PARK-DEMO-01,F-101,energy_intensive,Metal processing,1736.11,0.8702,1532.048,124.94,1407.107,9.44,0.109,0,0,valid,synthetic_generator_v1
2026-01-06T11:00:00-05:00,PARK-DEMO-01,F-101,energy_intensive,Metal processing,1736.11,0.8702,1507.204,165.345,1341.859,11.58,0.109,0,0,valid,synthetic_generator_v1
2026-01-06T12:00:00-05:00,PARK-DEMO-01,F-101,energy_intensive,Metal processing,1736.11,0.8702,1498.982,177.785,1321.197,10.72,0.109,0,0,valid,synthetic_generator_v1
2026-01-06T13:00:00-05:00,PARK-DEMO-01,F-101,energy_intensive,Metal processing,1736.11,0.8702,1517.345,134.007,1383.338,14.27,0.109,0,0,valid,synthetic_generator_v1
2026-01-06T14:00:00-05:00,PARK-DEMO-01,F-101,energy_intensive,Metal processing,1736.11,0.8702,1600.144,122.771,1477.373,13.13,0.109,0,0,valid,synthetic_generator_v1
2026-01-06T15:00:00-05:00,PARK-DEMO-01,F-101,energy_intensive,Metal processing,1736.11,0.8702,1554.258,102.735,1451.523,12.05,0.109,0,0,valid,synthetic_generator_v1
2026-01-06T16:00:00-05:00,PARK-DEMO-01,F-101,energy_intensive,Metal processing,1736.11,0.8702,1582.946,78.231,1504.715,11.24,0.165,0,0,valid,synthetic_generator_v1
2026-01-06T17:00:00-05:00,PARK-DEMO-01,F-101,energy_intensive,Metal processing,1736.11,0.8702,1501.517,42.098,1459.42,8.75,0.165,0,0,valid,synthetic_generator_v1
2026-01-06T18:00:00-05:00,PARK-DEMO-01,F-101,energy_intensive,Metal processing,1736.11,0.8702,1529.033,0.0,1529.033,9.02,0.165,0,0,valid,synthetic_generator_v1
2026-01-06T19:00:00-05:00,PARK-DEMO-01,F-101,energy_intensive,Metal processing,1736.11,0.8702,1562.934,0.0,1562.934,8.48,0.165,0,0,valid,synthetic_generator_v1
2026-01-06T20:00:00-05:00,PARK-DEMO-01,F-101,energy_intensive,Metal processing,1736.11,0.8702,946.643,0.0,946.643,6.18,0.165,0,0,valid,synthetic_generator_v1
2026-01-06T21:00:00-05:00,PARK-DEMO-01,F-101,energy_intensive,Metal processing,1736.11,0.8702,820.115,0.0,820.115,3.11,0.165,0,0,valid,synthetic_generator_v1
2026-01-06T22:00:00-05:00,PARK-DEMO-01,F-101,energy_intensive,Metal processing,1736.11,0.8702,826.033,0.0,826.033,1.71,0.091,0,0,valid,synthetic_generator_v1
2026-01-06T23:00:00-05:00,PARK-DEMO-01,F-101,energy_intensive,Metal processing,1736.11,0.8702,831.118,0.0,831.118,0.94,0.091,0,0,valid,synthetic_generator_v1
2026-01-07T00:00:00-05:00,PARK-DEMO-01,F-101,energy_intensive,Metal processing,1736.11,0.8702,836.355,0.0,836.355,-1.16,0.091,0,0,valid,synthetic_generator_v1
2026-01-07T01:00:00-05:00,PARK-DEMO-01,F-101,energy_intensive,Metal processing,1736.11,0.8702,860.483,0.0,860.483,-3.4,0.091,0,0,valid,synthetic_generator_v1
2026-01-07T02:00:00-05:00,PARK-DEMO-01,F-101,energy_intensive,Metal processing,1736.11,0.8702,803.276,0.0,803.276,-1.67,0.091,0,0,valid,synthetic_generator_v1
2026-01-07T03:00:00-05:00,PARK-DEMO-01,F-101,energy_intensive,Metal processing,1736.11,0.8702,878.28,0.0,878.28,-1.97,0.091,0,0,valid,synthetic_generator_v1
2026-01-07T04:00:00-05:00,PARK-DEMO-01,F-101,energy_intensive,Metal processing,1736.11,0.8702,819.062,0.0,819.062,-1.32,0.091,0,0,valid,synthetic_generator_v1
2026-01-07T05:00:00-05:00,PARK-DEMO-01,F-101,energy_intensive,Metal processing,1736.11,0.8702,828.742,0.0,828.742,-1.26,0.091,0,0,valid,synthetic_generator_v1
2026-01-07T06:00:00-05:00,PARK-DEMO-01,F-101,energy_intensive,Metal processing,1736.11,0.8702,873.56,0.0,873.56,0.13,0.091,0,0,valid,synthetic_generator_v1
2026-01-07T07:00:00-05:00,PARK-DEMO-01,F-101,energy_intensive,Metal processing,1736.11,0.8702,1468.517,35.473,1433.044,2.78,0.091,0,0,valid,synthetic_generator_v1
2026-01-07T08:00:00-05:00,PARK-DEMO-01,F-101,energy_intensive,Metal processing,1736.11,0.8702,1570.172,77.624,1492.548,4.47,0.109,0,0,valid,synthetic_generator_v1
2026-01-07T09:00:00-05:00,PARK-DEMO-01,F-101,energy_intensive,Metal processing,1736.11,0.8702,1512.828,98.245,1414.584,7.53,0.109,0,0,valid,synthetic_generator_v1
2026-01-07T10:00:00-05:00,PARK-DEMO-01,F-101,energy_intensive,Metal processing,1736.11,0.8702,1558.973,147.734,1411.239,7.83,0.109,0,0,valid,synthetic_generator_v1
2026-01-07T11:00:00-05:00,PARK-DEMO-01,F-101,energy_intensive,Metal processing,1736.11,0.8702,1558.846,135.218,1423.627,8.02,0.109,0,0,valid,synthetic_generator_v1
2026-01-07T12:00:00-05:00,PARK-DEMO-01,F-101,energy_intensive,Metal processing,1736.11,0.8702,1555.063,172.428,1382.634,9.45,0.109,0,0,valid,synthetic_generator_v1
2026-01-07T13:00:00-05:00,PARK-DEMO-01,F-101,energy_intensive,Metal processing,1736.11,0.8702,1546.62,140.408,1406.211,12.72,0.109,0,0,valid,synthetic_generator_v1
2026-01-07T14:00:00-05:00,PARK-DEMO-01,F-101,energy_intensive,Metal processing,1736.11,0.8702,1537.976,136.293,1401.683,11.57,0.109,0,0,valid,synthetic_generator_v1
2026-01-07T15:00:00-05:00,PARK-DEMO-01,F-101,energy_intensive,Metal processing,1736.11,0.8702,1514.647,122.841,1391.806,12.42,0.109,0,0,valid,synthetic_generator_v1
2026-01-07T16:00:00-05:00,PARK-DEMO-01,F-101,energy_intensive,Metal processing,1736.11,0.8702,1437.125,75.115,1362.009,9.91,0.165,0,0,valid,synthetic_generator_v1
2026-01-07T17:00:00-05:00,PARK-DEMO-01,F-101,energy_intensive,Metal processing,1736.11,0.8702,1456.757,39.426,1417.332,9.56,0.165,0,0,valid,synthetic_generator_v1
2026-01-07T18:00:00-05:00,PARK-DEMO-01,F-101,energy_intensive,Metal processing,1736.11,0.8702,1490.725,0.0,1490.725,8.37,0.165,0,0,valid,synthetic_generator_v1
2026-01-07T19:00:00-05:00,PARK-DEMO-01,F-101,energy_intensive,Metal processing,1736.11,0.8702,1565.494,0.0,1565.494,5.12,0.165,0,0,valid,synthetic_generator_v1
2026-01-07T20:00:00-05:00,PARK-DEMO-01,F-101,energy_intensive,Metal processing,1736.11,0.8702,857.43,0.0,857.43,4.69,0.165,0,0,valid,synthetic_generator_v1
2026-01-07T21:00:00-05:00,PARK-DEMO-01,F-101,energy_intensive,Metal processing,1736.11,0.8702,791.897,0.0,791.897,1.76,0.165,0,0,valid,synthetic_generator_v1
2026-01-07T22:00:00-05:00,PARK-DEMO-01,F-101,energy_intensive,Metal processing,1736.11,0.8702,856.103,0.0,856.103,3.82,0.091,0,0,valid,synthetic_generator_v1
2026-01-07T23:00:00-05:00,PARK-DEMO-01,F-101,energy_intensive,Metal processing,1736.11,0.8702,876.463,0.0,876.463,0.85,0.091,0,0,valid,synthetic_generator_v1
2026-01-01T00:00:00-05:00,PARK-DEMO-01,F-102,energy_intensive,Metal processing,1522.93,0.8673,716.97,0.0,716.97,2.09,0.091,0,0,valid,synthetic_generator_v1
2026-01-01T01:00:00-05:00,PARK-DEMO-01,F-102,energy_intensive,Metal processing,1522.93,0.8673,687.549,0.0,687.549,-0.63,0.091,0,0,valid,synthetic_generator_v1
2026-01-01T02:00:00-05:00,PARK-DEMO-01,F-102,energy_intensive,Metal processing,1522.93,0.8673,786.57,0.0,786.57,-1.9,0.091,0,0,valid,synthetic_generator_v1
2026-01-01T03:00:00-05:00,PARK-DEMO-01,F-102,energy_intensive,Metal processing,1522.93,0.8673,788.672,0.0,788.672,-0.17,0.091,0,0,valid,synthetic_generator_v1
2026-01-01T04:00:00-05:00,PARK-DEMO-01,F-102,energy_intensive,Metal processing,1522.93,0.8673,771.528,0.0,771.528,2.58,0.091,0,0,valid,synthetic_generator_v1
2026-01-01T05:00:00-05:00,PARK-DEMO-01,F-102,energy_intensive,Metal processing,1522.93,0.8673,779.98,0.0,779.98,4.21,0.091,0,0,valid,synthetic_generator_v1
2026-01-01T06:00:00-05:00,PARK-DEMO-01,F-102,energy_intensive,Metal processing,1522.93,0.8673,1322.705,0.0,1322.705,4.15,0.091,0,0,valid,synthetic_generator_v1
2026-01-01T07:00:00-05:00,PARK-DEMO-01,F-102,energy_intensive,Metal processing,1522.93,0.8673,1324.946,40.711,1284.234,5.81,0.091,0,0,valid,synthetic_generator_v1
2026-01-01T08:00:00-05:00,PARK-DEMO-01,F-102,energy_intensive,Metal processing,1522.93,0.8673,1249.582,69.859,1179.722,9.32,0.109,0,0,valid,synthetic_generator_v1
2026-01-01T09:00:00-05:00,PARK-DEMO-01,F-102,energy_intensive,Metal processing,1522.93,0.8673,1302.717,109.477,1193.24,7.2,0.109,0,0,valid,synthetic_generator_v1
2026-01-01T10:00:00-05:00,PARK-DEMO-01,F-102,energy_intensive,Metal processing,1522.93,0.8673,1332.359,121.319,1211.039,13.01,0.109,0,0,valid,synthetic_generator_v1
2026-01-01T11:00:00-05:00,PARK-DEMO-01,F-102,energy_intensive,Metal processing,1522.93,0.8673,1302.209,139.268,1162.941,14.38,0.109,0,0,valid,synthetic_generator_v1
2026-01-01T12:00:00-05:00,PARK-DEMO-01,F-102,energy_intensive,Metal processing,1522.93,0.8673,1369.176,135.371,1233.805,13.97,0.109,0,0,valid,synthetic_generator_v1
2026-01-01T13:00:00-05:00,PARK-DEMO-01,F-102,energy_intensive,Metal processing,1522.93,0.8673,1341.969,151.747,1190.222,13.69,0.109,0,0,valid,synthetic_generator_v1
2026-01-01T14:00:00-05:00,PARK-DEMO-01,F-102,energy_intensive,Metal processing,1522.93,0.8673,1370.755,146.174,1224.581,13.3,0.109,0,0,valid,synthetic_generator_v1
2026-01-01T15:00:00-05:00,PARK-DEMO-01,F-102,energy_intensive,Metal processing,1522.93,0.8673,1388.998,103.027,1285.971,14.82,0.109,0,0,valid,synthetic_generator_v1
2026-01-01T16:00:00-05:00,PARK-DEMO-01,F-102,energy_intensive,Metal processing,1522.93,0.8673,1402.741,74.744,1327.997,13.13,0.165,0,0,valid,synthetic_generator_v1
2026-01-01T17:00:00-05:00,PARK-DEMO-01,F-102,energy_intensive,Metal processing,1522.93,0.8673,1296.287,42.919,1253.368,11.76,0.165,0,0,valid,synthetic_generator_v1
2026-01-01T18:00:00-05:00,PARK-DEMO-01,F-102,energy_intensive,Metal processing,1522.93,0.8673,,0.0,,12.33,0.165,0,0,missing,synthetic_generator_v1
2026-01-01T19:00:00-05:00,PARK-DEMO-01,F-102,energy_intensive,Metal processing,1522.93,0.8673,787.484,0.0,787.484,10.92,0.165,0,0,valid,synthetic_generator_v1
2026-01-01T20:00:00-05:00,PARK-DEMO-01,F-102,energy_intensive,Metal processing,1522.93,0.8673,803.189,0.0,803.189,9.38,0.165,0,0,valid,synthetic_generator_v1
2026-01-01T21:00:00-05:00,PARK-DEMO-01,F-102,energy_intensive,Metal processing,1522.93,0.8673,792.592,0.0,792.592,6.48,0.165,0,0,valid,synthetic_generator_v1
2026-01-01T22:00:00-05:00,PARK-DEMO-01,F-102,energy_intensive,Metal processing,1522.93,0.8673,717.354,0.0,717.354,4.23,0.091,0,0,valid,synthetic_generator_v1
2026-01-01T23:00:00-05:00,PARK-DEMO-01,F-102,energy_intensive,Metal processing,1522.93,0.8673,838.706,0.0,838.706,2.01,0.091,0,0,valid,synthetic_generator_v1
2026-01-02T00:00:00-05:00,PARK-DEMO-01,F-102,energy_intensive,Metal processing,1522.93,0.8673,789.975,0.0,789.975,1.73,0.091,0,0,valid,synthetic_generator_v1
2026-01-02T01:00:00-05:00,PARK-DEMO-01,F-102,energy_intensive,Metal processing,1522.93,0.8673,780.915,0.0,780.915,3.64,0.091,0,0,valid,synthetic_generator_v1
2026-01-02T02:00:00-05:00,PARK-DEMO-01,F-102,energy_intensive,Metal processing,1522.93,0.8673,681.132,0.0,681.132,2.31,0.091,0,0,valid,synthetic_generator_v1
2026-01-02T03:00:00-05:00,PARK-DEMO-01,F-102,energy_intensive,Metal processing,1522.93,0.8673,824.08,0.0,824.08,0.6,0.091,0,0,valid,synthetic_generator_v1
2026-01-02T04:00:00-05:00,PARK-DEMO-01,F-102,energy_intensive,Metal processing,1522.93,0.8673,810.419,0.0,810.419,3.15,0.091,0,0,valid,synthetic_generator_v1
2026-01-02T05:00:00-05:00,PARK-DEMO-01,F-102,energy_intensive,Metal processing,1522.93,0.8673,771.081,0.0,771.081,2.64,0.091,0,0,valid,synthetic_generator_v1
2026-01-02T06:00:00-05:00,PARK-DEMO-01,F-102,energy_intensive,Metal processing,1522.93,0.8673,1340.087,0.0,1340.087,5.34,0.091,0,0,valid,synthetic_generator_v1
2026-01-02T07:00:00-05:00,PARK-DEMO-01,F-102,energy_intensive,Metal processing,1522.93,0.8673,1353.638,44.793,1308.845,7.1,0.091,0,0,valid,synthetic_generator_v1
2026-01-02T08:00:00-05:00,PARK-DEMO-01,F-102,energy_intensive,Metal processing,1522.93,0.8673,1337.145,68.734,1268.411,7.6,0.109,0,0,valid,synthetic_generator_v1
2026-01-02T09:00:00-05:00,PARK-DEMO-01,F-102,energy_intensive,Metal processing,1522.93,0.8673,1359.515,121.039,1238.476,11.33,0.109,0,0,valid,synthetic_generator_v1
2026-01-02T10:00:00-05:00,PARK-DEMO-01,F-102,energy_intensive,Metal processing,1522.93,0.8673,1387.069,149.64,1237.428,13.6,0.109,0,0,valid,synthetic_generator_v1
2026-01-02T11:00:00-05:00,PARK-DEMO-01,F-102,energy_intensive,Metal processing,1522.93,0.8673,1298.673,147.106,1151.567,12.84,0.109,0,0,valid,synthetic_generator_v1
2026-01-02T12:00:00-05:00,PARK-DEMO-01,F-102,energy_intensive,Metal processing,1522.93,0.8673,1388.75,167.836,1220.914,16.51,0.109,0,0,valid,synthetic_generator_v1
2026-01-02T13:00:00-05:00,PARK-DEMO-01,F-102,energy_intensive,Metal processing,1522.93,0.8673,1352.337,131.206,1221.13,15.28,0.109,0,0,valid,synthetic_generator_v1
2026-01-02T14:00:00-05:00,PARK-DEMO-01,F-102,energy_intensive,Metal processing,1522.93,0.8673,1322.587,120.668,1201.919,16.21,0.109,0,0,valid,synthetic_generator_v1
2026-01-02T15:00:00-05:00,PARK-DEMO-01,F-102,energy_intensive,Metal processing,1522.93,0.8673,1353.445,100.203,1253.242,15.18,0.109,0,0,valid,synthetic_generator_v1
2026-01-02T16:00:00-05:00,PARK-DEMO-01,F-102,energy_intensive,Metal processing,1522.93,0.8673,1402.684,86.075,1316.609,14.39,0.165,0,0,valid,synthetic_generator_v1
2026-01-02T17:00:00-05:00,PARK-DEMO-01,F-102,energy_intensive,Metal processing,1522.93,0.8673,1256.064,43.162,1212.901,12.46,0.165,0,0,valid,synthetic_generator_v1
2026-01-02T18:00:00-05:00,PARK-DEMO-01,F-102,energy_intensive,Metal processing,1522.93,0.8673,1338.524,0.0,1338.524,12.44,0.165,0,0,valid,synthetic_generator_v1
2026-01-02T19:00:00-05:00,PARK-DEMO-01,F-102,energy_intensive,Metal processing,1522.93,0.8673,819.115,0.0,819.115,11.19,0.165,0,0,valid,synthetic_generator_v1
2026-01-02T20:00:00-05:00,PARK-DEMO-01,F-102,energy_intensive,Metal processing,1522.93,0.8673,717.814,0.0,717.814,8.0,0.165,0,0,valid,synthetic_generator_v1
2026-01-02T21:00:00-05:00,PARK-DEMO-01,F-102,energy_intensive,Metal processing,1522.93,0.8673,740.848,0.0,740.848,9.3,0.165,0,0,valid,synthetic_generator_v1
2026-01-02T22:00:00-05:00,PARK-DEMO-01,F-102,energy_intensive,Metal processing,1522.93,0.8673,750.857,0.0,750.857,7.51,0.091,0,0,valid,synthetic_generator_v1
2026-01-02T23:00:00-05:00,PARK-DEMO-01,F-102,energy_intensive,Metal processing,1522.93,0.8673,789.821,0.0,789.821,7.77,0.091,0,0,valid,synthetic_generator_v1
2026-01-03T00:00:00-05:00,PARK-DEMO-01,F-102,energy_intensive,Metal processing,1522.93,0.8673,568.868,0.0,568.868,2.41,0.091,1,0,valid,synthetic_generator_v1
2026-01-03T01:00:00-05:00,PARK-DEMO-01,F-102,energy_intensive,Metal processing,1522.93,0.8673,589.647,0.0,589.647,2.47,0.091,1,0,valid,synthetic_generator_v1
2026-01-03T02:00:00-05:00,PARK-DEMO-01,F-102,energy_intensive,Metal processing,1522.93,0.8673,616.566,0.0,616.566,-0.42,0.091,1,0,valid,synthetic_generator_v1
2026-01-03T03:00:00-05:00,PARK-DEMO-01,F-102,energy_intensive,Metal processing,1522.93,0.8673,592.534,0.0,592.534,2.07,0.091,1,0,valid,synthetic_generator_v1
2026-01-03T04:00:00-05:00,PARK-DEMO-01,F-102,energy_intensive,Metal processing,1522.93,0.8673,572.283,0.0,572.283,1.23,0.091,1,0,valid,synthetic_generator_v1
2026-01-03T05:00:00-05:00,PARK-DEMO-01,F-102,energy_intensive,Metal processing,1522.93,0.8673,547.494,0.0,547.494,4.29,0.091,1,0,valid,synthetic_generator_v1
2026-01-03T06:00:00-05:00,PARK-DEMO-01,F-102,energy_intensive,Metal processing,1522.93,0.8673,967.752,0.0,967.752,3.13,0.091,1,0,valid,synthetic_generator_v1
2026-01-03T07:00:00-05:00,PARK-DEMO-01,F-102,energy_intensive,Metal processing,1522.93,0.8673,1047.39,45.029,1002.361,6.97,0.091,1,0,valid,synthetic_generator_v1
2026-01-03T08:00:00-05:00,PARK-DEMO-01,F-102,energy_intensive,Metal processing,1522.93,0.8673,1000.2,69.191,931.01,7.57,0.109,1,0,valid,synthetic_generator_v1
2026-01-03T09:00:00-05:00,PARK-DEMO-01,F-102,energy_intensive,Metal processing,1522.93,0.8673,1030.751,98.613,932.138,12.21,0.109,1,0,valid,synthetic_generator_v1
2026-01-03T10:00:00-05:00,PARK-DEMO-01,F-102,energy_intensive,Metal processing,1522.93,0.8673,1025.538,123.315,902.223,11.4,0.109,1,0,valid,synthetic_generator_v1
2026-01-03T11:00:00-05:00,PARK-DEMO-01,F-102,energy_intensive,Metal processing,1522.93,0.8673,1091.829,154.899,936.93,13.48,0.109,1,0,valid,synthetic_generator_v1
2026-01-03T12:00:00-05:00,PARK-DEMO-01,F-102,energy_intensive,Metal processing,1522.93,0.8673,985.199,152.668,832.531,15.54,0.109,1,0,valid,synthetic_generator_v1
2026-01-03T13:00:00-05:00,PARK-DEMO-01,F-102,energy_intensive,Metal processing,1522.93,0.8673,1114.061,169.705,944.355,15.49,0.109,1,0,valid,synthetic_generator_v1
2026-01-03T14:00:00-05:00,PARK-DEMO-01,F-102,energy_intensive,Metal processing,1522.93,0.8673,995.867,127.002,868.866,15.63,0.109,1,0,valid,synthetic_generator_v1
2026-01-03T15:00:00-05:00,PARK-DEMO-01,F-102,energy_intensive,Metal processing,1522.93,0.8673,1064.922,109.318,955.604,14.76,0.109,1,0,valid,synthetic_generator_v1
2026-01-03T16:00:00-05:00,PARK-DEMO-01,F-102,energy_intensive,Metal processing,1522.93,0.8673,1096.291,86.41,1009.882,16.15,0.091,1,0,valid,synthetic_generator_v1
2026-01-03T17:00:00-05:00,PARK-DEMO-01,F-102,energy_intensive,Metal processing,1522.93,0.8673,1104.786,37.736,1067.049,14.49,0.091,1,0,valid,synthetic_generator_v1
2026-01-03T18:00:00-05:00,PARK-DEMO-01,F-102,energy_intensive,Metal processing,1522.93,0.8673,1053.462,0.0,1053.462,11.36,0.091,1,0,valid,synthetic_generator_v1
2026-01-03T19:00:00-05:00,PARK-DEMO-01,F-102,energy_intensive,Metal processing,1522.93,0.8673,582.069,0.0,582.069,12.97,0.091,1,0,valid,synthetic_generator_v1
2026-01-03T20:00:00-05:00,PARK-DEMO-01,F-102,energy_intensive,Metal processing,1522.93,0.8673,589.318,0.0,589.318,8.99,0.091,1,0,valid,synthetic_generator_v1
2026-01-03T21:00:00-05:00,PARK-DEMO-01,F-102,energy_intensive,Metal processing,1522.93,0.8673,601.842,0.0,601.842,9.07,0.091,1,0,valid,synthetic_generator_v1
2026-01-03T22:00:00-05:00,PARK-DEMO-01,F-102,energy_intensive,Metal processing,1522.93,0.8673,627.857,0.0,627.857,5.3,0.091,1,0,valid,synthetic_generator_v1
2026-01-03T23:00:00-05:00,PARK-DEMO-01,F-102,energy_intensive,Metal processing,1522.93,0.8673,609.314,0.0,609.314,5.02,0.091,1,0,valid,synthetic_generator_v1
2026-01-04T00:00:00-05:00,PARK-DEMO-01,F-102,energy_intensive,Metal processing,1522.93,0.8673,603.324,0.0,603.324,1.69,0.091,1,0,valid,synthetic_generator_v1
2026-01-04T01:00:00-05:00,PARK-DEMO-01,F-102,energy_intensive,Metal processing,1522.93,0.8673,518.378,0.0,518.378,-2.96,0.091,1,0,valid,synthetic_generator_v1
2026-01-04T02:00:00-05:00,PARK-DEMO-01,F-102,energy_intensive,Metal processing,1522.93,0.8673,560.097,0.0,560.097,-0.22,0.091,1,0,valid,synthetic_generator_v1
2026-01-04T03:00:00-05:00,PARK-DEMO-01,F-102,energy_intensive,Metal processing,1522.93,0.8673,589.392,0.0,589.392,4.11,0.091,1,0,valid,synthetic_generator_v1
2026-01-04T04:00:00-05:00,PARK-DEMO-01,F-102,energy_intensive,Metal processing,1522.93,0.8673,1233.279,0.0,1233.279,2.27,0.091,1,1,anomaly,synthetic_generator_v1
2026-01-04T05:00:00-05:00,PARK-DEMO-01,F-102,energy_intensive,Metal processing,1522.93,0.8673,578.918,0.0,578.918,1.59,0.091,1,0,valid,synthetic_generator_v1
2026-01-04T06:00:00-05:00,PARK-DEMO-01,F-102,energy_intensive,Metal processing,1522.93,0.8673,1037.593,0.0,1037.593,4.72,0.091,1,0,valid,synthetic_generator_v1
2026-01-04T07:00:00-05:00,PARK-DEMO-01,F-102,energy_intensive,Metal processing,1522.93,0.8673,1008.02,43.081,964.939,7.1,0.091,1,0,valid,synthetic_generator_v1
2026-01-04T08:00:00-05:00,PARK-DEMO-01,F-102,energy_intensive,Metal processing,1522.93,0.8673,990.813,77.791,913.022,7.68,0.109,1,0,valid,synthetic_generator_v1
2026-01-04T09:00:00-05:00,PARK-DEMO-01,F-102,energy_intensive,Metal processing,1522.93,0.8673,1058.724,116.241,942.483,8.15,0.109,1,0,valid,synthetic_generator_v1
2026-01-04T10:00:00-05:00,PARK-DEMO-01,F-102,energy_intensive,Metal processing,1522.93,0.8673,991.332,150.331,841.001,12.43,0.109,1,0,valid,synthetic_generator_v1
2026-01-04T11:00:00-05:00,PARK-DEMO-01,F-102,energy_intensive,Metal processing,1522.93,0.8673,1036.775,158.039,878.736,13.85,0.109,1,0,valid,synthetic_generator_v1
2026-01-04T12:00:00-05:00,PARK-DEMO-01,F-102,energy_intensive,Metal processing,1522.93,0.8673,1123.276,166.982,956.294,16.01,0.109,1,0,valid,synthetic_generator_v1
2026-01-04T13:00:00-05:00,PARK-DEMO-01,F-102,energy_intensive,Metal processing,1522.93,0.8673,1080.889,151.779,929.11,15.36,0.109,1,0,valid,synthetic_generator_v1
2026-01-04T14:00:00-05:00,PARK-DEMO-01,F-102,energy_intensive,Metal processing,1522.93,0.8673,1046.813,129.893,916.92,16.16,0.109,1,0,valid,synthetic_generator_v1
2026-01-04T15:00:00-05:00,PARK-DEMO-01,F-102,energy_intensive,Metal processing,1522.93,0.8673,1049.381,98.454,950.927,15.7,0.109,1,0,valid,synthetic_generator_v1
2026-01-04T16:00:00-05:00,PARK-DEMO-01,F-102,energy_intensive,Metal processing,1522.93,0.8673,1080.453,68.074,1012.379,13.79,0.091,1,0,valid,synthetic_generator_v1
2026-01-04T17:00:00-05:00,PARK-DEMO-01,F-102,energy_intensive,Metal processing,1522.93,0.8673,1028.602,44.574,984.028,14.86,0.091,1,0,valid,synthetic_generator_v1
2026-01-04T18:00:00-05:00,PARK-DEMO-01,F-102,energy_intensive,Metal processing,1522.93,0.8673,1051.41,0.0,1051.41,10.45,0.091,1,0,valid,synthetic_generator_v1
2026-01-04T19:00:00-05:00,PARK-DEMO-01,F-102,energy_intensive,Metal processing,1522.93,0.8673,603.491,0.0,603.491,10.73,0.091,1,0,valid,synthetic_generator_v1
2026-01-04T20:00:00-05:00,PARK-DEMO-01,F-102,energy_intensive,Metal processing,1522.93,0.8673,502.518,0.0,502.518,8.91,0.091,1,0,valid,synthetic_generator_v1
2026-01-04T21:00:00-05:00,PARK-DEMO-01,F-102,energy_intensive,Metal processing,1522.93,0.8673,589.28,0.0,589.28,6.41,0.091,1,0,valid,synthetic_generator_v1
2026-01-04T22:00:00-05:00,PARK-DEMO-01,F-102,energy_intensive,Metal processing,1522.93,0.8673,568.831,0.0,568.831,4.92,0.091,1,0,valid,synthetic_generator_v1
2026-01-04T23:00:00-05:00,PARK-DEMO-01,F-102,energy_intensive,Metal processing,1522.93,0.8673,630.149,0.0,630.149,3.22,0.091,1,0,valid,synthetic_generator_v1
2026-01-05T00:00:00-05:00,PARK-DEMO-01,F-102,energy_intensive,Metal processing,1522.93,0.8673,716.862,0.0,716.862,1.75,0.091,0,0,valid,synthetic_generator_v1
2026-01-05T01:00:00-05:00,PARK-DEMO-01,F-102,energy_intensive,Metal processing,1522.93,0.8673,724.802,0.0,724.802,0.36,0.091,0,0,valid,synthetic_generator_v1
2026-01-05T02:00:00-05:00,PARK-DEMO-01,F-102,energy_intensive,Metal processing,1522.93,0.8673,716.828,0.0,716.828,0.65,0.091,0,0,valid,synthetic_generator_v1
2026-01-05T03:00:00-05:00,PARK-DEMO-01,F-102,energy_intensive,Metal processing,1522.93,0.8673,760.771,0.0,760.771,-0.01,0.091,0,0,valid,synthetic_generator_v1
2026-01-05T04:00:00-05:00,PARK-DEMO-01,F-102,energy_intensive,Metal processing,1522.93,0.8673,762.429,0.0,762.429,2.7,0.091,0,0,valid,synthetic_generator_v1
2026-01-05T05:00:00-05:00,PARK-DEMO-01,F-102,energy_intensive,Metal processing,1522.93,0.8673,749.908,0.0,749.908,2.58,0.091,0,0,valid,synthetic_generator_v1
2026-01-05T06:00:00-05:00,PARK-DEMO-01,F-102,energy_intensive,Metal processing,1522.93,0.8673,1319.54,0.0,1319.54,4.86,0.091,0,0,valid,synthetic_generator_v1
2026-01-05T07:00:00-05:00,PARK-DEMO-01,F-102,energy_intensive,Metal processing,1522.93,0.8673,1405.732,36.554,1369.178,5.73,0.091,0,0,valid,synthetic_generator_v1
2026-01-05T08:00:00-05:00,PARK-DEMO-01,F-102,energy_intensive,Metal processing,1522.93,0.8673,1336.662,89.07,1247.592,5.66,0.109,0,0,valid,synthetic_generator_v1
2026-01-05T09:00:00-05:00,PARK-DEMO-01,F-102,energy_intensive,Metal processing,1522.93,0.8673,1400.53,114.469,1286.061,9.08,0.109,0,0,valid,synthetic_generator_v1
2026-01-05T10:00:00-05:00,PARK-DEMO-01,F-102,energy_intensive,Metal processing,1522.93,0.8673,1356.175,122.3,1233.875,12.22,0.109,0,0,valid,synthetic_generator_v1
2026-01-05T11:00:00-05:00,PARK-DEMO-01,F-102,energy_intensive,Metal processing,1522.93,0.8673,1350.674,158.182,1192.492,12.02,0.109,0,0,valid,synthetic_generator_v1
2026-01-05T12:00:00-05:00,PARK-DEMO-01,F-102,energy_intensive,Metal processing,1522.93,0.8673,1373.067,153.468,1219.599,11.21,0.109,0,0,valid,synthetic_generator_v1
2026-01-05T13:00:00-05:00,PARK-DEMO-01,F-102,energy_intensive,Metal processing,1522.93,0.8673,1378.912,157.736,1221.176,13.77,0.109,0,0,valid,synthetic_generator_v1
2026-01-05T14:00:00-05:00,PARK-DEMO-01,F-102,energy_intensive,Metal processing,1522.93,0.8673,1411.262,144.214,1267.048,15.47,0.109,0,0,valid,synthetic_generator_v1
2026-01-05T15:00:00-05:00,PARK-DEMO-01,F-102,energy_intensive,Metal processing,1522.93,0.8673,1392.737,108.557,1284.18,15.25,0.109,0,0,valid,synthetic_generator_v1
2026-01-05T16:00:00-05:00,PARK-DEMO-01,F-102,energy_intensive,Metal processing,1522.93,0.8673,1300.855,84.541,1216.314,13.69,0.165,0,0,valid,synthetic_generator_v1
2026-01-05T17:00:00-05:00,PARK-DEMO-01,F-102,energy_intensive,Metal processing,1522.93,0.8673,1399.893,38.588,1361.304,11.0,0.165,0,0,valid,synthetic_generator_v1
2026-01-05T18:00:00-05:00,PARK-DEMO-01,F-102,energy_intensive,Metal processing,1522.93,0.8673,1298.59,0.0,1298.59,10.17,0.165,0,0,valid,synthetic_generator_v1
2026-01-05T19:00:00-05:00,PARK-DEMO-01,F-102,energy_intensive,Metal processing,1522.93,0.8673,803.012,0.0,803.012,8.91,0.165,0,0,valid,synthetic_generator_v1
2026-01-05T20:00:00-05:00,PARK-DEMO-01,F-102,energy_intensive,Metal processing,1522.93,0.8673,774.823,0.0,774.823,5.81,0.165,0,0,valid,synthetic_generator_v1
2026-01-05T21:00:00-05:00,PARK-DEMO-01,F-102,energy_intensive,Metal processing,1522.93,0.8673,748.65,0.0,748.65,4.91,0.165,0,0,valid,synthetic_generator_v1
2026-01-05T22:00:00-05:00,PARK-DEMO-01,F-102,energy_intensive,Metal processing,1522.93,0.8673,746.187,0.0,746.187,3.38,0.091,0,0,valid,synthetic_generator_v1
2026-01-05T23:00:00-05:00,PARK-DEMO-01,F-102,energy_intensive,Metal processing,1522.93,0.8673,727.956,0.0,727.956,1.73,0.091,0,0,valid,synthetic_generator_v1
2026-01-06T00:00:00-05:00,PARK-DEMO-01,F-102,energy_intensive,Metal processing,1522.93,0.8673,759.31,0.0,759.31,1.31,0.091,0,0,valid,synthetic_generator_v1
2026-01-06T01:00:00-05:00,PARK-DEMO-01,F-102,energy_intensive,Metal processing,1522.93,0.8673,827.665,0.0,827.665,-0.93,0.091,0,0,valid,synthetic_generator_v1
2026-01-06T02:00:00-05:00,PARK-DEMO-01,F-102,energy_intensive,Metal processing,1522.93,0.8673,757.364,0.0,757.364,-1.83,0.091,0,0,valid,synthetic_generator_v1
2026-01-06T03:00:00-05:00,PARK-DEMO-01,F-102,energy_intensive,Metal processing,1522.93,0.8673,798.8,0.0,798.8,-1.4,0.091,0,0,valid,synthetic_generator_v1
2026-01-06T04:00:00-05:00,PARK-DEMO-01,F-102,energy_intensive,Metal processing,1522.93,0.8673,768.011,0.0,768.011,0.92,0.091,0,0,valid,synthetic_generator_v1
2026-01-06T05:00:00-05:00,PARK-DEMO-01,F-102,energy_intensive,Metal processing,1522.93,0.8673,756.82,0.0,756.82,1.01,0.091,0,0,valid,synthetic_generator_v1
2026-01-06T06:00:00-05:00,PARK-DEMO-01,F-102,energy_intensive,Metal processing,1522.93,0.8673,1298.075,0.0,1298.075,0.62,0.091,0,0,valid,synthetic_generator_v1
2026-01-06T07:00:00-05:00,PARK-DEMO-01,F-102,energy_intensive,Metal processing,1522.93,0.8673,1306.404,41.135,1265.269,2.2,0.091,0,0,valid,synthetic_generator_v1
2026-01-06T08:00:00-05:00,PARK-DEMO-01,F-102,energy_intensive,Metal processing,1522.93,0.8673,1330.057,68.711,1261.346,7.99,0.109,0,0,valid,synthetic_generator_v1
2026-01-06T09:00:00-05:00,PARK-DEMO-01,F-102,energy_intensive,Metal processing,1522.93,0.8673,1342.22,108.371,1233.849,5.35,0.109,0,0,valid,synthetic_generator_v1
2026-01-06T10:00:00-05:00,PARK-DEMO-01,F-102,energy_intensive,Metal processing,1522.93,0.8673,1315.61,131.491,1184.119,7.4,0.109,0,0,valid,synthetic_generator_v1
2026-01-06T11:00:00-05:00,PARK-DEMO-01,F-102,energy_intensive,Metal processing,1522.93,0.8673,1292.571,154.065,1138.506,11.28,0.109,0,0,valid,synthetic_generator_v1
2026-01-06T12:00:00-05:00,PARK-DEMO-01,F-102,energy_intensive,Metal processing,1522.93,0.8673,1346.603,144.407,1202.196,12.65,0.109,0,0,valid,synthetic_generator_v1
2026-01-06T13:00:00-05:00,PARK-DEMO-01,F-102,energy_intensive,Metal processing,1522.93,0.8673,1372.326,167.581,1204.746,13.02,0.109,0,0,valid,synthetic_generator_v1
2026-01-06T14:00:00-05:00,PARK-DEMO-01,F-102,energy_intensive,Metal processing,1522.93,0.8673,1336.454,119.383,1217.071,14.03,0.109,0,0,valid,synthetic_generator_v1
2026-01-06T15:00:00-05:00,PARK-DEMO-01,F-102,energy_intensive,Metal processing,1522.93,0.8673,1296.386,116.285,1180.102,14.94,0.109,0,0,valid,synthetic_generator_v1
2026-01-06T16:00:00-05:00,PARK-DEMO-01,F-102,energy_intensive,Metal processing,1522.93,0.8673,1292.487,76.718,1215.769,10.62,0.165,0,0,valid,synthetic_generator_v1
2026-01-06T17:00:00-05:00,PARK-DEMO-01,F-102,energy_intensive,Metal processing,1522.93,0.8673,1320.206,38.576,1281.63,10.65,0.165,0,0,valid,synthetic_generator_v1
2026-01-06T18:00:00-05:00,PARK-DEMO-01,F-102,energy_intensive,Metal processing,1522.93,0.8673,1441.159,0.0,1441.159,8.27,0.165,0,0,valid,synthetic_generator_v1
2026-01-06T19:00:00-05:00,PARK-DEMO-01,F-102,energy_intensive,Metal processing,1522.93,0.8673,749.094,0.0,749.094,7.05,0.165,0,0,valid,synthetic_generator_v1
2026-01-06T20:00:00-05:00,PARK-DEMO-01,F-102,energy_intensive,Metal processing,1522.93,0.8673,682.077,0.0,682.077,4.17,0.165,0,0,valid,synthetic_generator_v1
2026-01-06T21:00:00-05:00,PARK-DEMO-01,F-102,energy_intensive,Metal processing,1522.93,0.8673,754.932,0.0,754.932,5.6,0.165,0,0,valid,synthetic_generator_v1
2026-01-06T22:00:00-05:00,PARK-DEMO-01,F-102,energy_intensive,Metal processing,1522.93,0.8673,719.603,0.0,719.603,3.26,0.091,0,0,valid,synthetic_generator_v1
2026-01-06T23:00:00-05:00,PARK-DEMO-01,F-102,energy_intensive,Metal processing,1522.93,0.8673,779.846,0.0,779.846,0.18,0.091,0,0,valid,synthetic_generator_v1
2026-01-07T00:00:00-05:00,PARK-DEMO-01,F-102,energy_intensive,Metal processing,1522.93,0.8673,708.438,0.0,708.438,-2.31,0.091,0,0,valid,synthetic_generator_v1
2026-01-07T01:00:00-05:00,PARK-DEMO-01,F-102,energy_intensive,Metal processing,1522.93,0.8673,770.773,0.0,770.773,-1.56,0.091,0,0,valid,synthetic_generator_v1
2026-01-07T02:00:00-05:00,PARK-DEMO-01,F-102,energy_intensive,Metal processing,1522.93,0.8673,782.784,0.0,782.784,-1.22,0.091,0,0,valid,synthetic_generator_v1
2026-01-07T03:00:00-05:00,PARK-DEMO-01,F-102,energy_intensive,Metal processing,1522.93,0.8673,826.731,0.0,826.731,-2.87,0.091,0,0,valid,synthetic_generator_v1
2026-01-07T04:00:00-05:00,PARK-DEMO-01,F-102,energy_intensive,Metal processing,1522.93,0.8673,740.282,0.0,740.282,-0.88,0.091,0,0,valid,synthetic_generator_v1
2026-01-07T05:00:00-05:00,PARK-DEMO-01,F-102,energy_intensive,Metal processing,1522.93,0.8673,797.185,0.0,797.185,-1.72,0.091,0,0,valid,synthetic_generator_v1
2026-01-07T06:00:00-05:00,PARK-DEMO-01,F-102,energy_intensive,Metal processing,1522.93,0.8673,1318.042,0.0,1318.042,1.96,0.091,0,0,valid,synthetic_generator_v1
2026-01-07T07:00:00-05:00,PARK-DEMO-01,F-102,energy_intensive,Metal processing,1522.93,0.8673,1419.725,36.862,1382.863,3.24,0.091,0,0,valid,synthetic_generator_v1
2026-01-07T08:00:00-05:00,PARK-DEMO-01,F-102,energy_intensive,Metal processing,1522.93,0.8673,1380.791,79.719,1301.071,5.21,0.109,0,0,valid,synthetic_generator_v1
2026-01-07T09:00:00-05:00,PARK-DEMO-01,F-102,energy_intensive,Metal processing,1522.93,0.8673,1313.477,123.807,1189.67,6.77,0.109,0,0,valid,synthetic_generator_v1
2026-01-07T10:00:00-05:00,PARK-DEMO-01,F-102,energy_intensive,Metal processing,1522.93,0.8673,1411.365,152.302,1259.063,9.31,0.109,0,0,valid,synthetic_generator_v1
2026-01-07T11:00:00-05:00,PARK-DEMO-01,F-102,energy_intensive,Metal processing,1522.93,0.8673,1322.241,130.881,1191.36,10.5,0.109,0,0,valid,synthetic_generator_v1
2026-01-07T12:00:00-05:00,PARK-DEMO-01,F-102,energy_intensive,Metal processing,1522.93,0.8673,1362.967,136.438,1226.529,13.1,0.109,0,0,valid,synthetic_generator_v1
2026-01-07T13:00:00-05:00,PARK-DEMO-01,F-102,energy_intensive,Metal processing,1522.93,0.8673,2658.499,149.99,2508.509,9.25,0.109,0,1,anomaly,synthetic_generator_v1
2026-01-07T14:00:00-05:00,PARK-DEMO-01,F-102,energy_intensive,Metal processing,1522.93,0.8673,1347.006,131.033,1215.973,10.51,0.109,0,0,valid,synthetic_generator_v1
2026-01-07T15:00:00-05:00,PARK-DEMO-01,F-102,energy_intensive,Metal processing,1522.93,0.8673,1329.854,119.178,1210.675,12.06,0.109,0,0,valid,synthetic_generator_v1
2026-01-07T16:00:00-05:00,PARK-DEMO-01,F-102,energy_intensive,Metal processing,1522.93,0.8673,1382.841,88.319,1294.522,11.47,0.165,0,0,valid,synthetic_generator_v1
2026-01-07T17:00:00-05:00,PARK-DEMO-01,F-102,energy_intensive,Metal processing,1522.93,0.8673,1308.144,44.769,1263.375,8.66,0.165,0,0,valid,synthetic_generator_v1
2026-01-07T18:00:00-05:00,PARK-DEMO-01,F-102,energy_intensive,Metal processing,1522.93,0.8673,1373.303,0.0,1373.303,5.54,0.165,0,0,valid,synthetic_generator_v1
2026-01-07T19:00:00-05:00,PARK-DEMO-01,F-102,energy_intensive,Metal processing,1522.93,0.8673,716.181,0.0,716.181,3.93,0.165,0,0,valid,synthetic_generator_v1
2026-01-07T20:00:00-05:00,PARK-DEMO-01,F-102,energy_intensive,Metal processing,1522.93,0.8673,708.609,0.0,708.609,4.68,0.165,0,0,valid,synthetic_generator_v1
2026-01-07T21:00:00-05:00,PARK-DEMO-01,F-102,energy_intensive,Metal processing,1522.93,0.8673,780.609,0.0,780.609,3.77,0.165,0,0,valid,synthetic_generator_v1
2026-01-07T22:00:00-05:00,PARK-DEMO-01,F-102,energy_intensive,Metal processing,1522.93,0.8673,696.025,0.0,696.025,2.05,0.091,0,0,valid,synthetic_generator_v1
2026-01-07T23:00:00-05:00,PARK-DEMO-01,F-102,energy_intensive,Metal processing,1522.93,0.8673,756.366,0.0,756.366,-0.52,0.091,0,0,valid,synthetic_generator_v1
2026-01-01T00:00:00-05:00,PARK-DEMO-01,F-103,energy_intensive,Metal processing,1581.55,0.8836,778.121,0.0,778.121,0.21,0.091,0,0,valid,synthetic_generator_v1
2026-01-01T01:00:00-05:00,PARK-DEMO-01,F-103,energy_intensive,Metal processing,1581.55,0.8836,819.385,0.0,819.385,0.12,0.091,0,0,valid,synthetic_generator_v1
2026-01-01T02:00:00-05:00,PARK-DEMO-01,F-103,energy_intensive,Metal processing,1581.55,0.8836,802.556,0.0,802.556,3.41,0.091,0,0,valid,synthetic_generator_v1
2026-01-01T03:00:00-05:00,PARK-DEMO-01,F-103,energy_intensive,Metal processing,1581.55,0.8836,750.315,0.0,750.315,1.16,0.091,0,0,valid,synthetic_generator_v1
2026-01-01T04:00:00-05:00,PARK-DEMO-01,F-103,energy_intensive,Metal processing,1581.55,0.8836,740.642,0.0,740.642,1.48,0.091,0,0,valid,synthetic_generator_v1
2026-01-01T05:00:00-05:00,PARK-DEMO-01,F-103,energy_intensive,Metal processing,1581.55,0.8836,821.01,0.0,821.01,2.35,0.091,0,0,valid,synthetic_generator_v1
2026-01-01T06:00:00-05:00,PARK-DEMO-01,F-103,energy_intensive,Metal processing,1581.55,0.8836,1340.856,0.0,1340.856,5.35,0.091,0,0,valid,synthetic_generator_v1
2026-01-01T07:00:00-05:00,PARK-DEMO-01,F-103,energy_intensive,Metal processing,1581.55,0.8836,1413.376,40.957,1372.418,8.66,0.091,0,0,valid,synthetic_generator_v1
2026-01-01T08:00:00-05:00,PARK-DEMO-01,F-103,energy_intensive,Metal processing,1581.55,0.8836,1383.67,77.196,1306.474,7.68,0.109,0,0,valid,synthetic_generator_v1
2026-01-01T09:00:00-05:00,PARK-DEMO-01,F-103,energy_intensive,Metal processing,1581.55,0.8836,1429.703,101.416,1328.287,7.91,0.109,0,0,valid,synthetic_generator_v1
2026-01-01T10:00:00-05:00,PARK-DEMO-01,F-103,energy_intensive,Metal processing,1581.55,0.8836,1448.952,149.396,1299.556,10.32,0.109,0,0,valid,synthetic_generator_v1
2026-01-01T11:00:00-05:00,PARK-DEMO-01,F-103,energy_intensive,Metal processing,1581.55,0.8836,1428.347,165.587,1262.76,11.31,0.109,0,0,valid,synthetic_generator_v1
2026-01-01T12:00:00-05:00,PARK-DEMO-01,F-103,energy_intensive,Metal processing,1581.55,0.8836,1409.183,158.709,1250.473,14.21,0.109,0,0,valid,synthetic_generator_v1
2026-01-01T13:00:00-05:00,PARK-DEMO-01,F-103,energy_intensive,Metal processing,1581.55,0.8836,1454.932,159.897,1295.035,15.29,0.109,0,0,valid,synthetic_generator_v1
2026-01-01T14:00:00-05:00,PARK-DEMO-01,F-103,energy_intensive,Metal processing,1581.55,0.8836,1387.354,130.608,1256.746,14.79,0.109,0,0,valid,synthetic_generator_v1
2026-01-01T15:00:00-05:00,PARK-DEMO-01,F-103,energy_intensive,Metal processing,1581.55,0.8836,1349.325,119.329,1229.996,16.44,0.109,0,0,valid,synthetic_generator_v1
2026-01-01T16:00:00-05:00,PARK-DEMO-01,F-103,energy_intensive,Metal processing,1581.55,0.8836,1455.088,68.405,1386.684,13.43,0.165,0,0,valid,synthetic_generator_v1
2026-01-01T17:00:00-05:00,PARK-DEMO-01,F-103,energy_intensive,Metal processing,1581.55,0.8836,1470.966,37.447,1433.52,10.88,0.165,0,0,valid,synthetic_generator_v1
2026-01-01T18:00:00-05:00,PARK-DEMO-01,F-103,energy_intensive,Metal processing,1581.55,0.8836,1335.991,0.0,1335.991,12.37,0.165,0,0,valid,synthetic_generator_v1
2026-01-01T19:00:00-05:00,PARK-DEMO-01,F-103,energy_intensive,Metal processing,1581.55,0.8836,762.947,0.0,762.947,9.74,0.165,0,0,valid,synthetic_generator_v1
2026-01-01T20:00:00-05:00,PARK-DEMO-01,F-103,energy_intensive,Metal processing,1581.55,0.8836,810.113,0.0,810.113,8.48,0.165,0,0,valid,synthetic_generator_v1
2026-01-01T21:00:00-05:00,PARK-DEMO-01,F-103,energy_intensive,Metal processing,1581.55,0.8836,875.204,0.0,875.204,5.86,0.165,0,0,valid,synthetic_generator_v1
2026-01-01T22:00:00-05:00,PARK-DEMO-01,F-103,energy_intensive,Metal processing,1581.55,0.8836,748.076,0.0,748.076,6.32,0.091,0,0,valid,synthetic_generator_v1
2026-01-01T23:00:00-05:00,PARK-DEMO-01,F-103,energy_intensive,Metal processing,1581.55,0.8836,784.384,0.0,784.384,4.39,0.091,0,0,valid,synthetic_generator_v1
2026-01-02T00:00:00-05:00,PARK-DEMO-01,F-103,energy_intensive,Metal processing,1581.55,0.8836,841.557,0.0,841.557,3.31,0.091,0,0,valid,synthetic_generator_v1
2026-01-02T01:00:00-05:00,PARK-DEMO-01,F-103,energy_intensive,Metal processing,1581.55,0.8836,821.755,0.0,821.755,3.13,0.091,0,0,valid,synthetic_generator_v1
2026-01-02T02:00:00-05:00,PARK-DEMO-01,F-103,energy_intensive,Metal processing,1581.55,0.8836,745.437,0.0,745.437,1.58,0.091,0,0,valid,synthetic_generator_v1
2026-01-02T03:00:00-05:00,PARK-DEMO-01,F-103,energy_intensive,Metal processing,1581.55,0.8836,780.316,0.0,780.316,2.42,0.091,0,0,valid,synthetic_generator_v1
2026-01-02T04:00:00-05:00,PARK-DEMO-01,F-103,energy_intensive,Metal processing,1581.55,0.8836,829.993,0.0,829.993,1.34,0.091,0,0,valid,synthetic_generator_v1
2026-01-02T05:00:00-05:00,PARK-DEMO-01,F-103,energy_intensive,Metal processing,1581.55,0.8836,843.104,0.0,843.104,2.28,0.091,0,0,valid,synthetic_generator_v1
2026-01-02T06:00:00-05:00,PARK-DEMO-01,F-103,energy_intensive,Metal processing,1581.55,0.8836,1457.642,0.0,1457.642,8.19,0.091,0,0,valid,synthetic_generator_v1
2026-01-02T07:00:00-05:00,PARK-DEMO-01,F-103,energy_intensive,Metal processing,1581.55,0.8836,1416.122,42.215,1373.907,6.7,0.091,0,0,valid,synthetic_generator_v1
2026-01-02T08:00:00-05:00,PARK-DEMO-01,F-103,energy_intensive,Metal processing,1581.55,0.8836,1390.378,86.016,1304.362,10.66,0.109,0,0,valid,synthetic_generator_v1
2026-01-02T09:00:00-05:00,PARK-DEMO-01,F-103,energy_intensive,Metal processing,1581.55,0.8836,1409.828,116.052,1293.776,12.86,0.109,0,0,valid,synthetic_generator_v1
2026-01-02T10:00:00-05:00,PARK-DEMO-01,F-103,energy_intensive,Metal processing,1581.55,0.8836,1414.052,147.346,1266.706,11.38,0.109,0,0,valid,synthetic_generator_v1
2026-01-02T11:00:00-05:00,PARK-DEMO-01,F-103,energy_intensive,Metal processing,1581.55,0.8836,1338.978,139.619,1199.359,12.31,0.109,0,0,valid,synthetic_generator_v1
2026-01-02T12:00:00-05:00,PARK-DEMO-01,F-103,energy_intensive,Metal processing,1581.55,0.8836,1441.497,162.191,1279.306,15.1,0.109,0,0,valid,synthetic_generator_v1
2026-01-02T13:00:00-05:00,PARK-DEMO-01,F-103,energy_intensive,Metal processing,1581.55,0.8836,1388.374,135.278,1253.096,15.43,0.109,0,0,valid,synthetic_generator_v1
2026-01-02T14:00:00-05:00,PARK-DEMO-01,F-103,energy_intensive,Metal processing,1581.55,0.8836,1465.455,127.997,1337.459,15.43,0.109,0,0,valid,synthetic_generator_v1
2026-01-02T15:00:00-05:00,PARK-DEMO-01,F-103,energy_intensive,Metal processing,1581.55,0.8836,1408.699,117.153,1291.546,15.8,0.109,0,0,valid,synthetic_generator_v1
2026-01-02T16:00:00-05:00,PARK-DEMO-01,F-103,energy_intensive,Metal processing,1581.55,0.8836,1338.453,70.812,1267.64,16.02,0.165,0,0,valid,synthetic_generator_v1
2026-01-02T17:00:00-05:00,PARK-DEMO-01,F-103,energy_intensive,Metal processing,1581.55,0.8836,1394.153,41.128,1353.026,13.11,0.165,0,0,valid,synthetic_generator_v1
2026-01-02T18:00:00-05:00,PARK-DEMO-01,F-103,energy_intensive,Metal processing,1581.55,0.8836,1349.549,0.0,1349.549,11.98,0.165,0,0,valid,synthetic_generator_v1
2026-01-02T19:00:00-05:00,PARK-DEMO-01,F-103,energy_intensive,Metal processing,1581.55,0.8836,735.022,0.0,735.022,11.57,0.165,0,0,valid,synthetic_generator_v1
2026-01-02T20:00:00-05:00,PARK-DEMO-01,F-103,energy_intensive,Metal processing,1581.55,0.8836,797.382,0.0,797.382,10.49,0.165,0,0,valid,synthetic_generator_v1
2026-01-02T21:00:00-05:00,PARK-DEMO-01,F-103,energy_intensive,Metal processing,1581.55,0.8836,781.979,0.0,781.979,4.56,0.165,0,0,valid,synthetic_generator_v1
2026-01-02T22:00:00-05:00,PARK-DEMO-01,F-103,energy_intensive,Metal processing,1581.55,0.8836,806.368,0.0,806.368,5.48,0.091,0,0,valid,synthetic_generator_v1
2026-01-02T23:00:00-05:00,PARK-DEMO-01,F-103,energy_intensive,Metal processing,1581.55,0.8836,792.432,0.0,792.432,1.93,0.091,0,0,valid,synthetic_generator_v1
2026-01-03T00:00:00-05:00,PARK-DEMO-01,F-103,energy_intensive,Metal processing,1581.55,0.8836,531.947,0.0,531.947,2.46,0.091,1,0,valid,synthetic_generator_v1
2026-01-03T01:00:00-05:00,PARK-DEMO-01,F-103,energy_intensive,Metal processing,1581.55,0.8836,603.975,0.0,603.975,1.86,0.091,1,0,valid,synthetic_generator_v1
2026-01-03T02:00:00-05:00,PARK-DEMO-01,F-103,energy_intensive,Metal processing,1581.55,0.8836,604.718,0.0,604.718,3.34,0.091,1,0,valid,synthetic_generator_v1
2026-01-03T03:00:00-05:00,PARK-DEMO-01,F-103,energy_intensive,Metal processing,1581.55,0.8836,624.508,0.0,624.508,2.81,0.091,1,0,valid,synthetic_generator_v1
2026-01-03T04:00:00-05:00,PARK-DEMO-01,F-103,energy_intensive,Metal processing,1581.55,0.8836,572.17,0.0,572.17,5.25,0.091,1,0,valid,synthetic_generator_v1
2026-01-03T05:00:00-05:00,PARK-DEMO-01,F-103,energy_intensive,Metal processing,1581.55,0.8836,674.296,0.0,674.296,2.84,0.091,1,0,valid,synthetic_generator_v1
2026-01-03T06:00:00-05:00,PARK-DEMO-01,F-103,energy_intensive,Metal processing,1581.55,0.8836,1084.578,0.0,1084.578,5.69,0.091,1,0,valid,synthetic_generator_v1
2026-01-03T07:00:00-05:00,PARK-DEMO-01,F-103,energy_intensive,Metal processing,1581.55,0.8836,1055.774,38.308,1017.466,4.95,0.091,1,0,valid,synthetic_generator_v1
2026-01-03T08:00:00-05:00,PARK-DEMO-01,F-103,energy_intensive,Metal processing,1581.55,0.8836,1059.029,88.012,971.016,7.02,0.109,1,0,valid,synthetic_generator_v1
2026-01-03T09:00:00-05:00,PARK-DEMO-01,F-103,energy_intensive,Metal processing,1581.55,0.8836,1062.988,101.493,961.494,9.06,0.109,1,0,valid,synthetic_generator_v1
2026-01-03T10:00:00-05:00,PARK-DEMO-01,F-103,energy_intensive,Metal processing,1581.55,0.8836,1082.893,151.104,931.789,13.37,0.109,1,0,valid,synthetic_generator_v1
2026-01-03T11:00:00-05:00,PARK-DEMO-01,F-103,energy_intensive,Metal processing,1581.55,0.8836,1041.601,140.438,901.163,12.87,0.109,1,0,valid,synthetic_generator_v1
2026-01-03T12:00:00-05:00,PARK-DEMO-01,F-103,energy_intensive,Metal processing,1581.55,0.8836,1095.593,153.745,941.848,13.57,0.109,1,0,valid,synthetic_generator_v1
2026-01-03T13:00:00-05:00,PARK-DEMO-01,F-103,energy_intensive,Metal processing,1581.55,0.8836,1079.836,162.674,917.162,15.69,0.109,1,0,valid,synthetic_generator_v1
2026-01-03T14:00:00-05:00,PARK-DEMO-01,F-103,energy_intensive,Metal processing,1581.55,0.8836,1036.834,117.333,919.501,14.16,0.109,1,0,valid,synthetic_generator_v1
2026-01-03T15:00:00-05:00,PARK-DEMO-01,F-103,energy_intensive,Metal processing,1581.55,0.8836,1103.169,101.981,1001.188,13.01,0.109,1,0,valid,synthetic_generator_v1
2026-01-03T16:00:00-05:00,PARK-DEMO-01,F-103,energy_intensive,Metal processing,1581.55,0.8836,1059.906,76.128,983.779,15.62,0.091,1,0,valid,synthetic_generator_v1
2026-01-03T17:00:00-05:00,PARK-DEMO-01,F-103,energy_intensive,Metal processing,1581.55,0.8836,1127.797,37.189,1090.608,11.04,0.091,1,0,valid,synthetic_generator_v1
2026-01-03T18:00:00-05:00,PARK-DEMO-01,F-103,energy_intensive,Metal processing,1581.55,0.8836,1030.747,0.0,1030.747,10.74,0.091,1,0,valid,synthetic_generator_v1
2026-01-03T19:00:00-05:00,PARK-DEMO-01,F-103,energy_intensive,Metal processing,1581.55,0.8836,630.413,0.0,630.413,11.17,0.091,1,0,valid,synthetic_generator_v1
2026-01-03T20:00:00-05:00,PARK-DEMO-01,F-103,energy_intensive,Metal processing,1581.55,0.8836,567.708,0.0,567.708,10.8,0.091,1,0,valid,synthetic_generator_v1
2026-01-03T21:00:00-05:00,PARK-DEMO-01,F-103,energy_intensive,Metal processing,1581.55,0.8836,553.098,0.0,553.098,8.61,0.091,1,0,valid,synthetic_generator_v1
2026-01-03T22:00:00-05:00,PARK-DEMO-01,F-103,energy_intensive,Metal processing,1581.55,0.8836,619.801,0.0,619.801,6.01,0.091,1,0,valid,synthetic_generator_v1
2026-01-03T23:00:00-05:00,PARK-DEMO-01,F-103,energy_intensive,Metal processing,1581.55,0.8836,601.336,0.0,601.336,4.3,0.091,1,0,valid,synthetic_generator_v1
2026-01-04T00:00:00-05:00,PARK-DEMO-01,F-103,energy_intensive,Metal processing,1581.55,0.8836,634.113,0.0,634.113,1.3,0.091,1,0,valid,synthetic_generator_v1
2026-01-04T01:00:00-05:00,PARK-DEMO-01,F-103,energy_intensive,Metal processing,1581.55,0.8836,580.805,0.0,580.805,1.8,0.091,1,0,valid,synthetic_generator_v1
2026-01-04T02:00:00-05:00,PARK-DEMO-01,F-103,energy_intensive,Metal processing,1581.55,0.8836,660.652,0.0,660.652,2.09,0.091,1,0,valid,synthetic_generator_v1
2026-01-04T03:00:00-05:00,PARK-DEMO-01,F-103,energy_intensive,Metal processing,1581.55,0.8836,677.769,0.0,677.769,-1.4,0.091,1,0,valid,synthetic_generator_v1
2026-01-04T04:00:00-05:00,PARK-DEMO-01,F-103,energy_intensive,Metal processing,1581.55,0.8836,577.893,0.0,577.893,0.65,0.091,1,0,valid,synthetic_generator_v1
2026-01-04T05:00:00-05:00,PARK-DEMO-01,F-103,energy_intensive,Metal processing,1581.55,0.8836,656.899,0.0,656.899,3.57,0.091,1,0,valid,synthetic_generator_v1
2026-01-04T06:00:00-05:00,PARK-DEMO-01,F-103,energy_intensive,Metal processing,1581.55,0.8836,1081.243,0.0,1081.243,4.69,0.091,1,0,valid,synthetic_generator_v1
2026-01-04T07:00:00-05:00,PARK-DEMO-01,F-103,energy_intensive,Metal processing,1581.55,0.8836,1116.395,37.665,1078.731,3.47,0.091,1,0,valid,synthetic_generator_v1
2026-01-04T08:00:00-05:00,PARK-DEMO-01,F-103,energy_intensive,Metal processing,1581.55,0.8836,1137.893,76.125,1061.768,8.03,0.109,1,0,valid,synthetic_generator_v1
2026-01-04T09:00:00-05:00,PARK-DEMO-01,F-103,energy_intensive,Metal processing,1581.55,0.8836,1142.156,118.014,1024.142,9.38,0.109,1,0,valid,synthetic_generator_v1
2026-01-04T10:00:00-05:00,PARK-DEMO-01,F-103,energy_intensive,Metal processing,1581.55,0.8836,1025.003,146.718,878.285,11.39,0.109,1,0,valid,synthetic_generator_v1
2026-01-04T11:00:00-05:00,PARK-DEMO-01,F-103,energy_intensive,Metal processing,1581.55,0.8836,1094.955,171.473,923.482,14.03,0.109,1,0,valid,synthetic_generator_v1
2026-01-04T12:00:00-05:00,PARK-DEMO-01,F-103,energy_intensive,Metal processing,1581.55,0.8836,1163.829,177.626,986.202,14.11,0.109,1,0,valid,synthetic_generator_v1
2026-01-04T13:00:00-05:00,PARK-DEMO-01,F-103,energy_intensive,Metal processing,1581.55,0.8836,1089.732,142.46,947.271,15.21,0.109,1,0,valid,synthetic_generator_v1
2026-01-04T14:00:00-05:00,PARK-DEMO-01,F-103,energy_intensive,Metal processing,1581.55,0.8836,1023.73,149.999,873.731,15.07,0.109,1,0,valid,synthetic_generator_v1
2026-01-04T15:00:00-05:00,PARK-DEMO-01,F-103,energy_intensive,Metal processing,1581.55,0.8836,1023.028,114.065,908.963,14.66,0.109,1,0,valid,synthetic_generator_v1
2026-01-04T16:00:00-05:00,PARK-DEMO-01,F-103,energy_intensive,Metal processing,1581.55,0.8836,1078.074,72.372,1005.702,13.37,0.091,1,0,valid,synthetic_generator_v1
2026-01-04T17:00:00-05:00,PARK-DEMO-01,F-103,energy_intensive,Metal processing,1581.55,0.8836,1140.322,35.631,1104.69,12.48,0.091,1,0,valid,synthetic_generator_v1
2026-01-04T18:00:00-05:00,PARK-DEMO-01,F-103,energy_intensive,Metal processing,1581.55,0.8836,1099.877,0.0,1099.877,11.03,0.091,1,0,valid,synthetic_generator_v1
2026-01-04T19:00:00-05:00,PARK-DEMO-01,F-103,energy_intensive,Metal processing,1581.55,0.8836,547.296,0.0,547.296,9.35,0.091,1,0,valid,synthetic_generator_v1
2026-01-04T20:00:00-05:00,PARK-DEMO-01,F-103,energy_intensive,Metal processing,1581.55,0.8836,560.639,0.0,560.639,8.39,0.091,1,0,valid,synthetic_generator_v1
2026-01-04T21:00:00-05:00,PARK-DEMO-01,F-103,energy_intensive,Metal processing,1581.55,0.8836,540.482,0.0,540.482,9.21,0.091,1,0,valid,synthetic_generator_v1
2026-01-04T22:00:00-05:00,PARK-DEMO-01,F-103,energy_intensive,Metal processing,1581.55,0.8836,617.996,0.0,617.996,4.08,0.091,1,0,valid,synthetic_generator_v1
2026-01-04T23:00:00-05:00,PARK-DEMO-01,F-103,energy_intensive,Metal processing,1581.55,0.8836,593.458,0.0,593.458,5.51,0.091,1,0,valid,synthetic_generator_v1
2026-01-05T00:00:00-05:00,PARK-DEMO-01,F-103,energy_intensive,Metal processing,1581.55,0.8836,761.395,0.0,761.395,0.74,0.091,0,0,valid,synthetic_generator_v1
2026-01-05T01:00:00-05:00,PARK-DEMO-01,F-103,energy_intensive,Metal processing,1581.55,0.8836,743.586,0.0,743.586,0.1,0.091,0,0,valid,synthetic_generator_v1
2026-01-05T02:00:00-05:00,PARK-DEMO-01,F-103,energy_intensive,Metal processing,1581.55,0.8836,810.369,0.0,810.369,-0.63,0.091,0,0,valid,synthetic_generator_v1
2026-01-05T03:00:00-05:00,PARK-DEMO-01,F-103,energy_intensive,Metal processing,1581.55,0.8836,758.023,0.0,758.023,-1.44,0.091,0,0,valid,synthetic_generator_v1
2026-01-05T04:00:00-05:00,PARK-DEMO-01,F-103,energy_intensive,Metal processing,1581.55,0.8836,746.562,0.0,746.562,1.05,0.091,0,0,valid,synthetic_generator_v1
2026-01-05T05:00:00-05:00,PARK-DEMO-01,F-103,energy_intensive,Metal processing,1581.55,0.8836,781.611,0.0,781.611,2.1,0.091,0,0,valid,synthetic_generator_v1
2026-01-05T06:00:00-05:00,PARK-DEMO-01,F-103,energy_intensive,Metal processing,1581.55,0.8836,1376.633,0.0,1376.633,1.77,0.091,0,0,valid,synthetic_generator_v1
2026-01-05T07:00:00-05:00,PARK-DEMO-01,F-103,energy_intensive,Metal processing,1581.55,0.8836,1364.125,37.913,1326.212,4.96,0.091,0,0,valid,synthetic_generator_v1
2026-01-05T08:00:00-05:00,PARK-DEMO-01,F-103,energy_intensive,Metal processing,1581.55,0.8836,1418.836,74.733,1344.103,8.77,0.109,0,0,valid,synthetic_generator_v1
2026-01-05T09:00:00-05:00,PARK-DEMO-01,F-103,energy_intensive,Metal processing,1581.55,0.8836,1374.138,118.878,1255.26,7.88,0.109,0,0,valid,synthetic_generator_v1
2026-01-05T10:00:00-05:00,PARK-DEMO-01,F-103,energy_intensive,Metal processing,1581.55,0.8836,1365.991,150.974,1215.017,11.57,0.109,0,0,valid,synthetic_generator_v1
2026-01-05T11:00:00-05:00,PARK-DEMO-01,F-103,energy_intensive,Metal processing,1581.55,0.8836,1443.281,153.658,1289.623,11.27,0.109,0,0,valid,synthetic_generator_v1
2026-01-05T12:00:00-05:00,PARK-DEMO-01,F-103,energy_intensive,Metal processing,1581.55,0.8836,1355.422,141.095,1214.328,15.78,0.109,0,0,valid,synthetic_generator_v1
2026-01-05T13:00:00-05:00,PARK-DEMO-01,F-103,energy_intensive,Metal processing,1581.55,0.8836,1371.949,133.759,1238.19,12.83,0.109,0,0,valid,synthetic_generator_v1
2026-01-05T14:00:00-05:00,PARK-DEMO-01,F-103,energy_intensive,Metal processing,1581.55,0.8836,1347.75,125.435,1222.315,13.83,0.109,0,0,valid,synthetic_generator_v1
2026-01-05T15:00:00-05:00,PARK-DEMO-01,F-103,energy_intensive,Metal processing,1581.55,0.8836,1379.32,118.739,1260.581,17.13,0.109,0,0,valid,synthetic_generator_v1
2026-01-05T16:00:00-05:00,PARK-DEMO-01,F-103,energy_intensive,Metal processing,1581.55,0.8836,1444.119,87.555,1356.564,15.11,0.165,0,0,valid,synthetic_generator_v1
2026-01-05T17:00:00-05:00,PARK-DEMO-01,F-103,energy_intensive,Metal processing,1581.55,0.8836,1351.681,43.207,1308.473,12.2,0.165,0,0,valid,synthetic_generator_v1
2026-01-05T18:00:00-05:00,PARK-DEMO-01,F-103,energy_intensive,Metal processing,1581.55,0.8836,1297.439,0.0,1297.439,10.61,0.165,0,0,valid,synthetic_generator_v1
2026-01-05T19:00:00-05:00,PARK-DEMO-01,F-103,energy_intensive,Metal processing,1581.55,0.8836,831.113,0.0,831.113,10.27,0.165,0,0,valid,synthetic_generator_v1
2026-01-05T20:00:00-05:00,PARK-DEMO-01,F-103,energy_intensive,Metal processing,1581.55,0.8836,716.953,0.0,716.953,8.22,0.165,0,0,valid,synthetic_generator_v1
2026-01-05T21:00:00-05:00,PARK-DEMO-01,F-103,energy_intensive,Metal processing,1581.55,0.8836,708.958,0.0,708.958,4.83,0.165,0,0,valid,synthetic_generator_v1
2026-01-05T22:00:00-05:00,PARK-DEMO-01,F-103,energy_intensive,Metal processing,1581.55,0.8836,762.116,0.0,762.116,3.32,0.091,0,0,valid,synthetic_generator_v1
2026-01-05T23:00:00-05:00,PARK-DEMO-01,F-103,energy_intensive,Metal processing,1581.55,0.8836,772.802,0.0,772.802,2.58,0.091,0,0,valid,synthetic_generator_v1
2026-01-06T00:00:00-05:00,PARK-DEMO-01,F-103,energy_intensive,Metal processing,1581.55,0.8836,805.574,0.0,805.574,-2.54,0.091,0,0,valid,synthetic_generator_v1
2026-01-06T01:00:00-05:00,PARK-DEMO-01,F-103,energy_intensive,Metal processing,1581.55,0.8836,705.343,0.0,705.343,0.22,0.091,0,0,valid,synthetic_generator_v1
2026-01-06T02:00:00-05:00,PARK-DEMO-01,F-103,energy_intensive,Metal processing,1581.55,0.8836,792.916,0.0,792.916,-1.18,0.091,0,0,valid,synthetic_generator_v1
2026-01-06T03:00:00-05:00,PARK-DEMO-01,F-103,energy_intensive,Metal processing,1581.55,0.8836,805.861,0.0,805.861,0.18,0.091,0,0,valid,synthetic_generator_v1
2026-01-06T04:00:00-05:00,PARK-DEMO-01,F-103,energy_intensive,Metal processing,1581.55,0.8836,836.293,0.0,836.293,0.69,0.091,0,0,valid,synthetic_generator_v1
2026-01-06T05:00:00-05:00,PARK-DEMO-01,F-103,energy_intensive,Metal processing,1581.55,0.8836,821.393,0.0,821.393,1.68,0.091,0,0,valid,synthetic_generator_v1
2026-01-06T06:00:00-05:00,PARK-DEMO-01,F-103,energy_intensive,Metal processing,1581.55,0.8836,1429.721,0.0,1429.721,2.05,0.091,0,0,valid,synthetic_generator_v1
2026-01-06T07:00:00-05:00,PARK-DEMO-01,F-103,energy_intensive,Metal processing,1581.55,0.8836,1422.766,40.631,1382.135,4.51,0.091,0,0,valid,synthetic_generator_v1
2026-01-06T08:00:00-05:00,PARK-DEMO-01,F-103,energy_intensive,Metal processing,1581.55,0.8836,1459.875,74.805,1385.07,5.51,0.109,0,0,valid,synthetic_generator_v1
2026-01-06T09:00:00-05:00,PARK-DEMO-01,F-103,energy_intensive,Metal processing,1581.55,0.8836,1435.153,121.472,1313.681,7.65,0.109,0,0,valid,synthetic_generator_v1
2026-01-06T10:00:00-05:00,PARK-DEMO-01,F-103,energy_intensive,Metal processing,1581.55,0.8836,1400.244,137.755,1262.489,6.88,0.109,0,0,valid,synthetic_generator_v1
2026-01-06T11:00:00-05:00,PARK-DEMO-01,F-103,energy_intensive,Metal processing,1581.55,0.8836,1372.432,157.868,1214.564,11.57,0.109,0,0,valid,synthetic_generator_v1
2026-01-06T12:00:00-05:00,PARK-DEMO-01,F-103,energy_intensive,Metal processing,1581.55,0.8836,1418.495,160.256,1258.239,12.69,0.109,0,0,valid,synthetic_generator_v1
2026-01-06T13:00:00-05:00,PARK-DEMO-01,F-103,energy_intensive,Metal processing,1581.55,0.8836,1415.123,155.825,1259.298,13.84,0.109,0,0,valid,synthetic_generator_v1
2026-01-06T14:00:00-05:00,PARK-DEMO-01,F-103,energy_intensive,Metal processing,1581.55,0.8836,1457.162,146.997,1310.164,11.52,0.109,0,0,valid,synthetic_generator_v1
2026-01-06T15:00:00-05:00,PARK-DEMO-01,F-103,energy_intensive,Metal processing,1581.55,0.8836,1390.273,123.091,1267.182,12.77,0.109,0,0,valid,synthetic_generator_v1
2026-01-06T16:00:00-05:00,PARK-DEMO-01,F-103,energy_intensive,Metal processing,1581.55,0.8836,1434.863,81.807,1353.056,12.17,0.165,0,0,valid,synthetic_generator_v1
2026-01-06T17:00:00-05:00,PARK-DEMO-01,F-103,energy_intensive,Metal processing,1581.55,0.8836,1354.986,40.504,1314.482,9.34,0.165,0,0,valid,synthetic_generator_v1
2026-01-06T18:00:00-05:00,PARK-DEMO-01,F-103,energy_intensive,Metal processing,1581.55,0.8836,1457.691,0.0,1457.691,11.5,0.165,0,0,valid,synthetic_generator_v1
2026-01-06T19:00:00-05:00,PARK-DEMO-01,F-103,energy_intensive,Metal processing,1581.55,0.8836,767.053,0.0,767.053,9.34,0.165,0,0,valid,synthetic_generator_v1
2026-01-06T20:00:00-05:00,PARK-DEMO-01,F-103,energy_intensive,Metal processing,1581.55,0.8836,742.025,0.0,742.025,6.14,0.165,0,0,valid,synthetic_generator_v1
2026-01-06T21:00:00-05:00,PARK-DEMO-01,F-103,energy_intensive,Metal processing,1581.55,0.8836,828.158,0.0,828.158,4.66,0.165,0,0,valid,synthetic_generator_v1
2026-01-06T22:00:00-05:00,PARK-DEMO-01,F-103,energy_intensive,Metal processing,1581.55,0.8836,774.907,0.0,774.907,-0.26,0.091,0,0,valid,synthetic_generator_v1
2026-01-06T23:00:00-05:00,PARK-DEMO-01,F-103,energy_intensive,Metal processing,1581.55,0.8836,767.335,0.0,767.335,1.42,0.091,0,0,valid,synthetic_generator_v1
2026-01-07T00:00:00-05:00,PARK-DEMO-01,F-103,energy_intensive,Metal processing,1581.55,0.8836,811.306,0.0,811.306,0.32,0.091,0,0,valid,synthetic_generator_v1
2026-01-07T01:00:00-05:00,PARK-DEMO-01,F-103,energy_intensive,Metal processing,1581.55,0.8836,787.77,0.0,787.77,-3.06,0.091,0,0,valid,synthetic_generator_v1
2026-01-07T02:00:00-05:00,PARK-DEMO-01,F-103,energy_intensive,Metal processing,1581.55,0.8836,754.242,0.0,754.242,-1.38,0.091,0,0,valid,synthetic_generator_v1
2026-01-07T03:00:00-05:00,PARK-DEMO-01,F-103,energy_intensive,Metal processing,1581.55,0.8836,835.535,0.0,835.535,-5.16,0.091,0,0,valid,synthetic_generator_v1
2026-01-07T04:00:00-05:00,PARK-DEMO-01,F-103,energy_intensive,Metal processing,1581.55,0.8836,773.347,0.0,773.347,0.27,0.091,0,0,valid,synthetic_generator_v1
2026-01-07T05:00:00-05:00,PARK-DEMO-01,F-103,energy_intensive,Metal processing,1581.55,0.8836,707.173,0.0,707.173,1.38,0.091,0,0,valid,synthetic_generator_v1
2026-01-07T06:00:00-05:00,PARK-DEMO-01,F-103,energy_intensive,Metal processing,1581.55,0.8836,1375.801,0.0,1375.801,0.17,0.091,0,0,valid,synthetic_generator_v1
2026-01-07T07:00:00-05:00,PARK-DEMO-01,F-103,energy_intensive,Metal processing,1581.55,0.8836,1328.939,40.169,1288.77,4.17,0.091,0,0,valid,synthetic_generator_v1
2026-01-07T08:00:00-05:00,PARK-DEMO-01,F-103,energy_intensive,Metal processing,1581.55,0.8836,1344.163,86.088,1258.075,6.65,0.109,0,0,valid,synthetic_generator_v1
2026-01-07T09:00:00-05:00,PARK-DEMO-01,F-103,energy_intensive,Metal processing,1581.55,0.8836,1371.917,114.439,1257.479,5.52,0.109,0,0,valid,synthetic_generator_v1
2026-01-07T10:00:00-05:00,PARK-DEMO-01,F-103,energy_intensive,Metal processing,1581.55,0.8836,1349.203,153.854,1195.349,8.71,0.109,0,0,valid,synthetic_generator_v1
2026-01-07T11:00:00-05:00,PARK-DEMO-01,F-103,energy_intensive,Metal processing,1581.55,0.8836,1368.828,144.768,1224.06,7.88,0.109,0,0,valid,synthetic_generator_v1
2026-01-07T12:00:00-05:00,PARK-DEMO-01,F-103,energy_intensive,Metal processing,1581.55,0.8836,1402.182,147.532,1254.65,13.56,0.109,0,0,valid,synthetic_generator_v1
2026-01-07T13:00:00-05:00,PARK-DEMO-01,F-103,energy_intensive,Metal processing,1581.55,0.8836,1408.736,165.611,1243.125,11.07,0.109,0,0,valid,synthetic_generator_v1
2026-01-07T14:00:00-05:00,PARK-DEMO-01,F-103,energy_intensive,Metal processing,1581.55,0.8836,1388.042,121.479,1266.563,10.65,0.109,0,0,valid,synthetic_generator_v1
2026-01-07T15:00:00-05:00,PARK-DEMO-01,F-103,energy_intensive,Metal processing,1581.55,0.8836,1388.68,100.303,1288.377,11.09,0.109,0,0,valid,synthetic_generator_v1
2026-01-07T16:00:00-05:00,PARK-DEMO-01,F-103,energy_intensive,Metal processing,1581.55,0.8836,1409.688,70.648,1339.04,11.74,0.165,0,0,valid,synthetic_generator_v1
2026-01-07T17:00:00-05:00,PARK-DEMO-01,F-103,energy_intensive,Metal processing,1581.55,0.8836,1390.126,38.123,1352.003,11.0,0.165,0,0,valid,synthetic_generator_v1
2026-01-07T18:00:00-05:00,PARK-DEMO-01,F-103,energy_intensive,Metal processing,1581.55,0.8836,1344.565,0.0,1344.565,10.63,0.165,0,0,valid,synthetic_generator_v1
2026-01-07T19:00:00-05:00,PARK-DEMO-01,F-103,energy_intensive,Metal processing,1581.55,0.8836,851.407,0.0,851.407,7.17,0.165,0,0,valid,synthetic_generator_v1
2026-01-07T20:00:00-05:00,PARK-DEMO-01,F-103,energy_intensive,Metal processing,1581.55,0.8836,787.716,0.0,787.716,4.43,0.165,0,0,valid,synthetic_generator_v1
2026-01-07T21:00:00-05:00,PARK-DEMO-01,F-103,energy_intensive,Metal processing,1581.55,0.8836,794.618,0.0,794.618,2.94,0.165,0,0,valid,synthetic_generator_v1
2026-01-07T22:00:00-05:00,PARK-DEMO-01,F-103,energy_intensive,Metal processing,1581.55,0.8836,802.553,0.0,802.553,-0.03,0.091,0,0,valid,synthetic_generator_v1
2026-01-07T23:00:00-05:00,PARK-DEMO-01,F-103,energy_intensive,Metal processing,1581.55,0.8836,790.06,0.0,790.06,1.31,0.091,0,0,valid,synthetic_generator_v1
2026-01-01T00:00:00-05:00,PARK-DEMO-01,F-104,energy_intensive,Metal processing,1666.02,0.9487,797.588,0.0,797.588,1.57,0.091,0,0,valid,synthetic_generator_v1
2026-01-01T01:00:00-05:00,PARK-DEMO-01,F-104,energy_intensive,Metal processing,1666.02,0.9487,871.366,0.0,871.366,-0.27,0.091,0,0,valid,synthetic_generator_v1
2026-01-01T02:00:00-05:00,PARK-DEMO-01,F-104,energy_intensive,Metal processing,1666.02,0.9487,850.864,0.0,850.864,2.6,0.091,0,0,valid,synthetic_generator_v1
2026-01-01T03:00:00-05:00,PARK-DEMO-01,F-104,energy_intensive,Metal processing,1666.02,0.9487,824.635,0.0,824.635,2.2,0.091,0,0,valid,synthetic_generator_v1
2026-01-01T04:00:00-05:00,PARK-DEMO-01,F-104,energy_intensive,Metal processing,1666.02,0.9487,797.818,0.0,797.818,2.08,0.091,0,0,valid,synthetic_generator_v1
2026-01-01T05:00:00-05:00,PARK-DEMO-01,F-104,energy_intensive,Metal processing,1666.02,0.9487,792.468,0.0,792.468,3.24,0.091,0,0,valid,synthetic_generator_v1
2026-01-01T06:00:00-05:00,PARK-DEMO-01,F-104,energy_intensive,Metal processing,1666.02,0.9487,1407.886,0.0,1407.886,3.08,0.091,0,0,valid,synthetic_generator_v1
2026-01-01T07:00:00-05:00,PARK-DEMO-01,F-104,energy_intensive,Metal processing,1666.02,0.9487,1448.877,45.861,1403.016,6.61,0.091,0,0,valid,synthetic_generator_v1
2026-01-01T08:00:00-05:00,PARK-DEMO-01,F-104,energy_intensive,Metal processing,1666.02,0.9487,1452.226,76.055,1376.171,8.97,0.109,0,0,valid,synthetic_generator_v1
2026-01-01T09:00:00-05:00,PARK-DEMO-01,F-104,energy_intensive,Metal processing,1666.02,0.9487,1509.706,116.142,1393.564,9.43,0.109,0,0,valid,synthetic_generator_v1
2026-01-01T10:00:00-05:00,PARK-DEMO-01,F-104,energy_intensive,Metal processing,1666.02,0.9487,1495.825,143.802,1352.022,12.78,0.109,0,0,valid,synthetic_generator_v1
2026-01-01T11:00:00-05:00,PARK-DEMO-01,F-104,energy_intensive,Metal processing,1666.02,0.9487,1427.582,154.39,1273.192,11.47,0.109,0,0,valid,synthetic_generator_v1
2026-01-01T12:00:00-05:00,PARK-DEMO-01,F-104,energy_intensive,Metal processing,1666.02,0.9487,1422.276,136.972,1285.304,14.36,0.109,0,0,valid,synthetic_generator_v1
2026-01-01T13:00:00-05:00,PARK-DEMO-01,F-104,energy_intensive,Metal processing,1666.02,0.9487,1586.468,161.649,1424.819,16.33,0.109,0,0,valid,synthetic_generator_v1
2026-01-01T14:00:00-05:00,PARK-DEMO-01,F-104,energy_intensive,Metal processing,1666.02,0.9487,1448.268,139.707,1308.56,15.88,0.109,0,0,valid,synthetic_generator_v1
2026-01-01T15:00:00-05:00,PARK-DEMO-01,F-104,energy_intensive,Metal processing,1666.02,0.9487,1408.909,106.032,1302.877,13.63,0.109,0,0,valid,synthetic_generator_v1
2026-01-01T16:00:00-05:00,PARK-DEMO-01,F-104,energy_intensive,Metal processing,1666.02,0.9487,1455.851,71.466,1384.385,14.69,0.165,0,0,valid,synthetic_generator_v1
2026-01-01T17:00:00-05:00,PARK-DEMO-01,F-104,energy_intensive,Metal processing,1666.02,0.9487,1490.489,37.956,1452.534,13.09,0.165,0,0,valid,synthetic_generator_v1
2026-01-01T18:00:00-05:00,PARK-DEMO-01,F-104,energy_intensive,Metal processing,1666.02,0.9487,1387.016,0.0,1387.016,9.99,0.165,0,0,valid,synthetic_generator_v1
2026-01-01T19:00:00-05:00,PARK-DEMO-01,F-104,energy_intensive,Metal processing,1666.02,0.9487,772.002,0.0,772.002,9.3,0.165,0,0,valid,synthetic_generator_v1
2026-01-01T20:00:00-05:00,PARK-DEMO-01,F-104,energy_intensive,Metal processing,1666.02,0.9487,787.306,0.0,787.306,5.59,0.165,0,0,valid,synthetic_generator_v1
2026-01-01T21:00:00-05:00,PARK-DEMO-01,F-104,energy_intensive,Metal processing,1666.02,0.9487,831.591,0.0,831.591,4.98,0.165,0,0,valid,synthetic_generator_v1
2026-01-01T22:00:00-05:00,PARK-DEMO-01,F-104,energy_intensive,Metal processing,1666.02,0.9487,805.751,0.0,805.751,4.56,0.091,0,0,valid,synthetic_generator_v1
2026-01-01T23:00:00-05:00,PARK-DEMO-01,F-104,energy_intensive,Metal processing,1666.02,0.9487,851.018,0.0,851.018,3.46,0.091,0,0,valid,synthetic_generator_v1
2026-01-02T00:00:00-05:00,PARK-DEMO-01,F-104,energy_intensive,Metal processing,1666.02,0.9487,857.982,0.0,857.982,2.95,0.091,0,0,valid,synthetic_generator_v1
2026-01-02T01:00:00-05:00,PARK-DEMO-01,F-104,energy_intensive,Metal processing,1666.02,0.9487,889.282,0.0,889.282,-0.03,0.091,0,0,valid,synthetic_generator_v1
2026-01-02T02:00:00-05:00,PARK-DEMO-01,F-104,energy_intensive,Metal processing,1666.02,0.9487,857.453,0.0,857.453,1.05,0.091,0,0,valid,synthetic_generator_v1
2026-01-02T03:00:00-05:00,PARK-DEMO-01,F-104,energy_intensive,Metal processing,1666.02,0.9487,782.413,0.0,782.413,3.82,0.091,0,0,valid,synthetic_generator_v1
2026-01-02T04:00:00-05:00,PARK-DEMO-01,F-104,energy_intensive,Metal processing,1666.02,0.9487,846.088,0.0,846.088,3.31,0.091,0,0,valid,synthetic_generator_v1
2026-01-02T05:00:00-05:00,PARK-DEMO-01,F-104,energy_intensive,Metal processing,1666.02,0.9487,814.921,0.0,814.921,4.54,0.091,0,0,valid,synthetic_generator_v1
2026-01-02T06:00:00-05:00,PARK-DEMO-01,F-104,energy_intensive,Metal processing,1666.02,0.9487,1501.459,0.0,1501.459,5.66,0.091,0,0,valid,synthetic_generator_v1
2026-01-02T07:00:00-05:00,PARK-DEMO-01,F-104,energy_intensive,Metal processing,1666.02,0.9487,1472.383,40.6,1431.784,6.12,0.091,0,0,valid,synthetic_generator_v1
2026-01-02T08:00:00-05:00,PARK-DEMO-01,F-104,energy_intensive,Metal processing,1666.02,0.9487,1447.986,76.518,1371.469,11.55,0.109,0,0,valid,synthetic_generator_v1
2026-01-02T09:00:00-05:00,PARK-DEMO-01,F-104,energy_intensive,Metal processing,1666.02,0.9487,1566.028,119.476,1446.552,10.83,0.109,0,0,valid,synthetic_generator_v1
2026-01-02T10:00:00-05:00,PARK-DEMO-01,F-104,energy_intensive,Metal processing,1666.02,0.9487,1455.091,136.733,1318.359,11.44,0.109,0,0,valid,synthetic_generator_v1
2026-01-02T11:00:00-05:00,PARK-DEMO-01,F-104,energy_intensive,Metal processing,1666.02,0.9487,1521.53,141.607,1379.924,14.23,0.109,0,0,valid,synthetic_generator_v1
2026-01-02T12:00:00-05:00,PARK-DEMO-01,F-104,energy_intensive,Metal processing,1666.02,0.9487,1485.854,166.233,1319.621,18.21,0.109,0,0,valid,synthetic_generator_v1
2026-01-02T13:00:00-05:00,PARK-DEMO-01,F-104,energy_intensive,Metal processing,1666.02,0.9487,1508.225,133.488,1374.737,14.53,0.109,0,0,valid,synthetic_generator_v1
2026-01-02T14:00:00-05:00,PARK-DEMO-01,F-104,energy_intensive,Metal processing,1666.02,0.9487,1499.766,121.582,1378.183,15.83,0.109,0,0,valid,synthetic_generator_v1
2026-01-02T15:00:00-05:00,PARK-DEMO-01,F-104,energy_intensive,Metal processing,1666.02,0.9487,1494.381,105.478,1388.904,15.93,0.109,0,0,valid,synthetic_generator_v1
2026-01-02T16:00:00-05:00,PARK-DEMO-01,F-104,energy_intensive,Metal processing,1666.02,0.9487,1438.908,71.002,1367.905,15.78,0.165,0,0,valid,synthetic_generator_v1
2026-01-02T17:00:00-05:00,PARK-DEMO-01,F-104,energy_intensive,Metal processing,1666.02,0.9487,1495.72,45.259,1450.461,15.41,0.165,0,0,valid,synthetic_generator_v1
2026-01-02T18:00:00-05:00,PARK-DEMO-01,F-104,energy_intensive,Metal processing,1666.02,0.9487,1399.086,0.0,1399.086,15.78,0.165,0,0,valid,synthetic_generator_v1
2026-01-02T19:00:00-05:00,PARK-DEMO-01,F-104,energy_intensive,Metal processing,1666.02,0.9487,781.163,0.0,781.163,9.69,0.165,0,0,valid,synthetic_generator_v1
2026-01-02T20:00:00-05:00,PARK-DEMO-01,F-104,energy_intensive,Metal processing,1666.02,0.9487,827.746,0.0,827.746,9.3,0.165,0,0,valid,synthetic_generator_v1
2026-01-02T21:00:00-05:00,PARK-DEMO-01,F-104,energy_intensive,Metal processing,1666.02,0.9487,810.21,0.0,810.21,7.81,0.165,0,0,valid,synthetic_generator_v1
2026-01-02T22:00:00-05:00,PARK-DEMO-01,F-104,energy_intensive,Metal processing,1666.02,0.9487,784.265,0.0,784.265,3.17,0.091,0,0,valid,synthetic_generator_v1
2026-01-02T23:00:00-05:00,PARK-DEMO-01,F-104,energy_intensive,Metal processing,1666.02,0.9487,806.291,0.0,806.291,3.81,0.091,0,0,valid,synthetic_generator_v1
2026-01-03T00:00:00-05:00,PARK-DEMO-01,F-104,energy_intensive,Metal processing,1666.02,0.9487,606.009,0.0,606.009,3.71,0.091,1,0,valid,synthetic_generator_v1
2026-01-03T01:00:00-05:00,PARK-DEMO-01,F-104,energy_intensive,Metal processing,1666.02,0.9487,567.843,0.0,567.843,2.35,0.091,1,0,valid,synthetic_generator_v1
2026-01-03T02:00:00-05:00,PARK-DEMO-01,F-104,energy_intensive,Metal processing,1666.02,0.9487,610.863,0.0,610.863,1.64,0.091,1,0,valid,synthetic_generator_v1
2026-01-03T03:00:00-05:00,PARK-DEMO-01,F-104,energy_intensive,Metal processing,1666.02,0.9487,669.363,0.0,669.363,2.25,0.091,1,0,valid,synthetic_generator_v1
2026-01-03T04:00:00-05:00,PARK-DEMO-01,F-104,energy_intensive,Metal processing,1666.02,0.9487,662.469,0.0,662.469,2.29,0.091,1,0,valid,synthetic_generator_v1
2026-01-03T05:00:00-05:00,PARK-DEMO-01,F-104,energy_intensive,Metal processing,1666.02,0.9487,684.823,0.0,684.823,4.9,0.091,1,0,valid,synthetic_generator_v1
2026-01-03T06:00:00-05:00,PARK-DEMO-01,F-104,energy_intensive,Metal processing,1666.02,0.9487,1147.633,0.0,1147.633,4.36,0.091,1,0,valid,synthetic_generator_v1
2026-01-03T07:00:00-05:00,PARK-DEMO-01,F-104,energy_intensive,Metal processing,1666.02,0.9487,1085.78,42.002,1043.779,6.31,0.091,1,0,valid,synthetic_generator_v1
2026-01-03T08:00:00-05:00,PARK-DEMO-01,F-104,energy_intensive,Metal processing,1666.02,0.9487,1114.305,86.291,1028.014,9.01,0.109,1,0,valid,synthetic_generator_v1
2026-01-03T09:00:00-05:00,PARK-DEMO-01,F-104,energy_intensive,Metal processing,1666.02,0.9487,1170.955,121.77,1049.185,10.89,0.109,1,0,valid,synthetic_generator_v1
2026-01-03T10:00:00-05:00,PARK-DEMO-01,F-104,energy_intensive,Metal processing,1666.02,0.9487,1102.61,129.769,972.841,12.98,0.109,1,0,valid,synthetic_generator_v1
2026-01-03T11:00:00-05:00,PARK-DEMO-01,F-104,energy_intensive,Metal processing,1666.02,0.9487,1103.997,167.488,936.509,12.74,0.109,1,0,valid,synthetic_generator_v1
2026-01-03T12:00:00-05:00,PARK-DEMO-01,F-104,energy_intensive,Metal processing,1666.02,0.9487,1134.479,177.002,957.478,13.88,0.109,1,0,valid,synthetic_generator_v1
2026-01-03T13:00:00-05:00,PARK-DEMO-01,F-104,energy_intensive,Metal processing,1666.02,0.9487,1185.942,143.085,1042.857,13.99,0.109,1,0,valid,synthetic_generator_v1
2026-01-03T14:00:00-05:00,PARK-DEMO-01,F-104,energy_intensive,Metal processing,1666.02,0.9487,1116.344,117.354,998.99,14.0,0.109,1,0,valid,synthetic_generator_v1
2026-01-03T15:00:00-05:00,PARK-DEMO-01,F-104,energy_intensive,Metal processing,1666.02,0.9487,1143.573,109.979,1033.594,14.42,0.109,1,0,valid,synthetic_generator_v1
2026-01-03T16:00:00-05:00,PARK-DEMO-01,F-104,energy_intensive,Metal processing,1666.02,0.9487,1098.284,78.841,1019.443,16.2,0.091,1,0,valid,synthetic_generator_v1
2026-01-03T17:00:00-05:00,PARK-DEMO-01,F-104,energy_intensive,Metal processing,1666.02,0.9487,1169.785,46.066,1123.719,15.15,0.091,1,0,valid,synthetic_generator_v1
2026-01-03T18:00:00-05:00,PARK-DEMO-01,F-104,energy_intensive,Metal processing,1666.02,0.9487,1139.017,0.0,1139.017,12.57,0.091,1,0,valid,synthetic_generator_v1
2026-01-03T19:00:00-05:00,PARK-DEMO-01,F-104,energy_intensive,Metal processing,1666.02,0.9487,635.577,0.0,635.577,11.44,0.091,1,0,valid,synthetic_generator_v1
2026-01-03T20:00:00-05:00,PARK-DEMO-01,F-104,energy_intensive,Metal processing,1666.02,0.9487,599.435,0.0,599.435,9.4,0.091,1,0,valid,synthetic_generator_v1
2026-01-03T21:00:00-05:00,PARK-DEMO-01,F-104,energy_intensive,Metal processing,1666.02,0.9487,518.035,0.0,518.035,7.24,0.091,1,0,valid,synthetic_generator_v1
2026-01-03T22:00:00-05:00,PARK-DEMO-01,F-104,energy_intensive,Metal processing,1666.02,0.9487,562.57,0.0,562.57,4.75,0.091,1,0,valid,synthetic_generator_v1
2026-01-03T23:00:00-05:00,PARK-DEMO-01,F-104,energy_intensive,Metal processing,1666.02,0.9487,655.84,0.0,655.84,5.28,0.091,1,0,valid,synthetic_generator_v1
2026-01-04T00:00:00-05:00,PARK-DEMO-01,F-104,energy_intensive,Metal processing,1666.02,0.9487,738.798,0.0,738.798,2.95,0.091,1,0,valid,synthetic_generator_v1
2026-01-04T01:00:00-05:00,PARK-DEMO-01,F-104,energy_intensive,Metal processing,1666.02,0.9487,691.94,0.0,691.94,1.95,0.091,1,0,valid,synthetic_generator_v1
2026-01-04T02:00:00-05:00,PARK-DEMO-01,F-104,energy_intensive,Metal processing,1666.02,0.9487,683.124,0.0,683.124,2.57,0.091,1,0,valid,synthetic_generator_v1
2026-01-04T03:00:00-05:00,PARK-DEMO-01,F-104,energy_intensive,Metal processing,1666.02,0.9487,632.227,0.0,632.227,0.81,0.091,1,0,valid,synthetic_generator_v1
2026-01-04T04:00:00-05:00,PARK-DEMO-01,F-104,energy_intensive,Metal processing,1666.02,0.9487,626.923,0.0,626.923,-1.2,0.091,1,0,valid,synthetic_generator_v1
2026-01-04T05:00:00-05:00,PARK-DEMO-01,F-104,energy_intensive,Metal processing,1666.02,0.9487,645.406,0.0,645.406,5.55,0.091,1,0,valid,synthetic_generator_v1
2026-01-04T06:00:00-05:00,PARK-DEMO-01,F-104,energy_intensive,Metal processing,1666.02,0.9487,1159.359,0.0,1159.359,5.67,0.091,1,0,valid,synthetic_generator_v1
2026-01-04T07:00:00-05:00,PARK-DEMO-01,F-104,energy_intensive,Metal processing,1666.02,0.9487,1162.952,37.942,1125.01,6.96,0.091,1,0,valid,synthetic_generator_v1
2026-01-04T08:00:00-05:00,PARK-DEMO-01,F-104,energy_intensive,Metal processing,1666.02,0.9487,1136.687,77.565,1059.122,10.86,0.109,1,0,valid,synthetic_generator_v1
2026-01-04T09:00:00-05:00,PARK-DEMO-01,F-104,energy_intensive,Metal processing,1666.02,0.9487,1148.324,106.745,1041.578,11.36,0.109,1,0,valid,synthetic_generator_v1
2026-01-04T10:00:00-05:00,PARK-DEMO-01,F-104,energy_intensive,Metal processing,1666.02,0.9487,1208.475,122.144,1086.332,9.01,0.109,1,0,valid,synthetic_generator_v1
2026-01-04T11:00:00-05:00,PARK-DEMO-01,F-104,energy_intensive,Metal processing,1666.02,0.9487,,136.93,,12.04,0.109,1,0,missing,synthetic_generator_v1
2026-01-04T12:00:00-05:00,PARK-DEMO-01,F-104,energy_intensive,Metal processing,1666.02,0.9487,1151.333,177.65,973.682,13.65,0.109,1,0,valid,synthetic_generator_v1
2026-01-04T13:00:00-05:00,PARK-DEMO-01,F-104,energy_intensive,Metal processing,1666.02,0.9487,1182.653,155.227,1027.426,16.2,0.109,1,0,valid,synthetic_generator_v1
2026-01-04T14:00:00-05:00,PARK-DEMO-01,F-104,energy_intensive,Metal processing,1666.02,0.9487,1140.061,139.286,1000.775,12.71,0.109,1,0,valid,synthetic_generator_v1
2026-01-04T15:00:00-05:00,PARK-DEMO-01,F-104,energy_intensive,Metal processing,1666.02,0.9487,1119.305,99.431,1019.874,14.73,0.109,1,0,valid,synthetic_generator_v1
2026-01-04T16:00:00-05:00,PARK-DEMO-01,F-104,energy_intensive,Metal processing,1666.02,0.9487,1173.481,83.803,1089.678,15.02,0.091,1,0,valid,synthetic_generator_v1
2026-01-04T17:00:00-05:00,PARK-DEMO-01,F-104,energy_intensive,Metal processing,1666.02,0.9487,1057.65,41.19,1016.459,11.7,0.091,1,0,valid,synthetic_generator_v1
2026-01-04T18:00:00-05:00,PARK-DEMO-01,F-104,energy_intensive,Metal processing,1666.02,0.9487,1212.658,0.0,1212.658,13.13,0.091,1,0,valid,synthetic_generator_v1
2026-01-04T19:00:00-05:00,PARK-DEMO-01,F-104,energy_intensive,Metal processing,1666.02,0.9487,664.668,0.0,664.668,9.56,0.091,1,0,valid,synthetic_generator_v1
2026-01-04T20:00:00-05:00,PARK-DEMO-01,F-104,energy_intensive,Metal processing,1666.02,0.9487,628.858,0.0,628.858,9.52,0.091,1,0,valid,synthetic_generator_v1
2026-01-04T21:00:00-05:00,PARK-DEMO-01,F-104,energy_intensive,Metal processing,1666.02,0.9487,635.019,0.0,635.019,5.04,0.091,1,0,valid,synthetic_generator_v1
2026-01-04T22:00:00-05:00,PARK-DEMO-01,F-104,energy_intensive,Metal processing,1666.02,0.9487,544.235,0.0,544.235,4.25,0.091,1,0,valid,synthetic_generator_v1
2026-01-04T23:00:00-05:00,PARK-DEMO-01,F-104,energy_intensive,Metal processing,1666.02,0.9487,641.278,0.0,641.278,3.28,0.091,1,0,valid,synthetic_generator_v1
2026-01-05T00:00:00-05:00,PARK-DEMO-01,F-104,energy_intensive,Metal processing,1666.02,0.9487,805.973,0.0,805.973,-0.9,0.091,0,0,valid,synthetic_generator_v1
2026-01-05T01:00:00-05:00,PARK-DEMO-01,F-104,energy_intensive,Metal processing,1666.02,0.9487,854.878,0.0,854.878,-1.69,0.091,0,0,valid,synthetic_generator_v1
2026-01-05T02:00:00-05:00,PARK-DEMO-01,F-104,energy_intensive,Metal processing,1666.02,0.9487,856.422,0.0,856.422,-2.35,0.091,0,0,valid,synthetic_generator_v1
2026-01-05T03:00:00-05:00,PARK-DEMO-01,F-104,energy_intensive,Metal processing,1666.02,0.9487,779.457,0.0,779.457,-0.83,0.091,0,0,valid,synthetic_generator_v1
2026-01-05T04:00:00-05:00,PARK-DEMO-01,F-104,energy_intensive,Metal processing,1666.02,0.9487,851.584,0.0,851.584,0.16,0.091,0,0,valid,synthetic_generator_v1
2026-01-05T05:00:00-05:00,PARK-DEMO-01,F-104,energy_intensive,Metal processing,1666.02,0.9487,798.526,0.0,798.526,2.39,0.091,0,0,valid,synthetic_generator_v1
2026-01-05T06:00:00-05:00,PARK-DEMO-01,F-104,energy_intensive,Metal processing,1666.02,0.9487,1404.635,0.0,1404.635,2.46,0.091,0,0,valid,synthetic_generator_v1
2026-01-05T07:00:00-05:00,PARK-DEMO-01,F-104,energy_intensive,Metal processing,1666.02,0.9487,1450.496,36.022,1414.474,2.34,0.091,0,0,valid,synthetic_generator_v1
2026-01-05T08:00:00-05:00,PARK-DEMO-01,F-104,energy_intensive,Metal processing,1666.02,0.9487,1413.139,85.399,1327.74,4.96,0.109,0,0,valid,synthetic_generator_v1
2026-01-05T09:00:00-05:00,PARK-DEMO-01,F-104,energy_intensive,Metal processing,1666.02,0.9487,1446.521,109.208,1337.313,7.92,0.109,0,0,valid,synthetic_generator_v1
2026-01-05T10:00:00-05:00,PARK-DEMO-01,F-104,energy_intensive,Metal processing,1666.02,0.9487,1461.014,130.854,1330.16,8.27,0.109,0,0,valid,synthetic_generator_v1
2026-01-05T11:00:00-05:00,PARK-DEMO-01,F-104,energy_intensive,Metal processing,1666.02,0.9487,1519.363,146.162,1373.201,12.07,0.109,0,0,valid,synthetic_generator_v1
2026-01-05T12:00:00-05:00,PARK-DEMO-01,F-104,energy_intensive,Metal processing,1666.02,0.9487,1547.754,139.837,1407.918,13.04,0.109,0,0,valid,synthetic_generator_v1
2026-01-05T13:00:00-05:00,PARK-DEMO-01,F-104,energy_intensive,Metal processing,1666.02,0.9487,1476.822,162.701,1314.121,12.54,0.109,0,0,valid,synthetic_generator_v1
2026-01-05T14:00:00-05:00,PARK-DEMO-01,F-104,energy_intensive,Metal processing,1666.02,0.9487,1483.997,119.066,1364.931,12.82,0.109,0,0,valid,synthetic_generator_v1
2026-01-05T15:00:00-05:00,PARK-DEMO-01,F-104,energy_intensive,Metal processing,1666.02,0.9487,1496.156,112.424,1383.731,13.85,0.109,0,0,valid,synthetic_generator_v1
2026-01-05T16:00:00-05:00,PARK-DEMO-01,F-104,energy_intensive,Metal processing,1666.02,0.9487,1579.994,68.377,1511.617,14.05,0.165,0,0,valid,synthetic_generator_v1
2026-01-05T17:00:00-05:00,PARK-DEMO-01,F-104,energy_intensive,Metal processing,1666.02,0.9487,1506.383,38.096,1468.287,12.87,0.165,0,0,valid,synthetic_generator_v1
2026-01-05T18:00:00-05:00,PARK-DEMO-01,F-104,energy_intensive,Metal processing,1666.02,0.9487,1438.457,0.0,1438.457,11.15,0.165,0,0,valid,synthetic_generator_v1
2026-01-05T19:00:00-05:00,PARK-DEMO-01,F-104,energy_intensive,Metal processing,1666.02,0.9487,802.361,0.0,802.361,10.01,0.165,0,0,valid,synthetic_generator_v1
2026-01-05T20:00:00-05:00,PARK-DEMO-01,F-104,energy_intensive,Metal processing,1666.02,0.9487,773.132,0.0,773.132,5.49,0.165,0,0,valid,synthetic_generator_v1
2026-01-05T21:00:00-05:00,PARK-DEMO-01,F-104,energy_intensive,Metal processing,1666.02,0.9487,795.369,0.0,795.369,4.34,0.165,0,0,valid,synthetic_generator_v1
2026-01-05T22:00:00-05:00,PARK-DEMO-01,F-104,energy_intensive,Metal processing,1666.02,0.9487,827.966,0.0,827.966,4.29,0.091,0,0,valid,synthetic_generator_v1
2026-01-05T23:00:00-05:00,PARK-DEMO-01,F-104,energy_intensive,Metal processing,1666.02,0.9487,851.397,0.0,851.397,2.44,0.091,0,0,valid,synthetic_generator_v1
2026-01-06T00:00:00-05:00,PARK-DEMO-01,F-104,energy_intensive,Metal processing,1666.02,0.9487,836.599,0.0,836.599,-2.68,0.091,0,0,valid,synthetic_generator_v1
2026-01-06T01:00:00-05:00,PARK-DEMO-01,F-104,energy_intensive,Metal processing,1666.02,0.9487,791.515,0.0,791.515,1.24,0.091,0,0,valid,synthetic_generator_v1
2026-01-06T02:00:00-05:00,PARK-DEMO-01,F-104,energy_intensive,Metal processing,1666.02,0.9487,823.15,0.0,823.15,-1.3,0.091,0,0,valid,synthetic_generator_v1
2026-01-06T03:00:00-05:00,PARK-DEMO-01,F-104,energy_intensive,Metal processing,1666.02,0.9487,827.773,0.0,827.773,0.72,0.091,0,0,valid,synthetic_generator_v1
2026-01-06T04:00:00-05:00,PARK-DEMO-01,F-104,energy_intensive,Metal processing,1666.02,0.9487,796.434,0.0,796.434,0.68,0.091,0,0,valid,synthetic_generator_v1
2026-01-06T05:00:00-05:00,PARK-DEMO-01,F-104,energy_intensive,Metal processing,1666.02,0.9487,737.424,0.0,737.424,0.73,0.091,0,0,valid,synthetic_generator_v1
2026-01-06T06:00:00-05:00,PARK-DEMO-01,F-104,energy_intensive,Metal processing,1666.02,0.9487,1483.87,0.0,1483.87,2.99,0.091,0,0,valid,synthetic_generator_v1
2026-01-06T07:00:00-05:00,PARK-DEMO-01,F-104,energy_intensive,Metal processing,1666.02,0.9487,1511.528,43.309,1468.219,5.47,0.091,0,0,valid,synthetic_generator_v1
2026-01-06T08:00:00-05:00,PARK-DEMO-01,F-104,energy_intensive,Metal processing,1666.02,0.9487,1460.933,68.535,1392.398,6.91,0.109,0,0,valid,synthetic_generator_v1
2026-01-06T09:00:00-05:00,PARK-DEMO-01,F-104,energy_intensive,Metal processing,1666.02,0.9487,1506.803,96.151,1410.652,7.9,0.109,0,0,valid,synthetic_generator_v1
2026-01-06T10:00:00-05:00,PARK-DEMO-01,F-104,energy_intensive,Metal processing,1666.02,0.9487,1532.837,137.429,1395.408,9.34,0.109,0,0,valid,synthetic_generator_v1
2026-01-06T11:00:00-05:00,PARK-DEMO-01,F-104,energy_intensive,Metal processing,1666.02,0.9487,1547.122,135.757,1411.364,10.52,0.109,0,0,valid,synthetic_generator_v1
2026-01-06T12:00:00-05:00,PARK-DEMO-01,F-104,energy_intensive,Metal processing,1666.02,0.9487,1399.332,138.592,1260.74,11.63,0.109,0,0,valid,synthetic_generator_v1
2026-01-06T13:00:00-05:00,PARK-DEMO-01,F-104,energy_intensive,Metal processing,1666.02,0.9487,1458.281,144.545,1313.736,12.5,0.109,0,0,valid,synthetic_generator_v1
2026-01-06T14:00:00-05:00,PARK-DEMO-01,F-104,energy_intensive,Metal processing,1666.02,0.9487,1495.967,145.694,1350.274,14.2,0.109,0,0,valid,synthetic_generator_v1
2026-01-06T15:00:00-05:00,PARK-DEMO-01,F-104,energy_intensive,Metal processing,1666.02,0.9487,1516.735,123.377,1393.358,12.38,0.109,0,0,valid,synthetic_generator_v1
2026-01-06T16:00:00-05:00,PARK-DEMO-01,F-104,energy_intensive,Metal processing,1666.02,0.9487,1499.641,88.042,1411.599,12.62,0.165,0,0,valid,synthetic_generator_v1
2026-01-06T17:00:00-05:00,PARK-DEMO-01,F-104,energy_intensive,Metal processing,1666.02,0.9487,1506.086,43.384,1462.701,10.39,0.165,0,0,valid,synthetic_generator_v1
2026-01-06T18:00:00-05:00,PARK-DEMO-01,F-104,energy_intensive,Metal processing,1666.02,0.9487,1556.953,0.0,1556.953,8.95,0.165,0,0,valid,synthetic_generator_v1
2026-01-06T19:00:00-05:00,PARK-DEMO-01,F-104,energy_intensive,Metal processing,1666.02,0.9487,823.402,0.0,823.402,5.62,0.165,0,0,valid,synthetic_generator_v1
2026-01-06T20:00:00-05:00,PARK-DEMO-01,F-104,energy_intensive,Metal processing,1666.02,0.9487,812.19,0.0,812.19,6.29,0.165,0,0,valid,synthetic_generator_v1
2026-01-06T21:00:00-05:00,PARK-DEMO-01,F-104,energy_intensive,Metal processing,1666.02,0.9487,889.334,0.0,889.334,5.73,0.165,0,0,valid,synthetic_generator_v1
2026-01-06T22:00:00-05:00,PARK-DEMO-01,F-104,energy_intensive,Metal processing,1666.02,0.9487,897.265,0.0,897.265,3.92,0.091,0,0,valid,synthetic_generator_v1
2026-01-06T23:00:00-05:00,PARK-DEMO-01,F-104,energy_intensive,Metal processing,1666.02,0.9487,845.996,0.0,845.996,1.12,0.091,0,0,valid,synthetic_generator_v1
2026-01-07T00:00:00-05:00,PARK-DEMO-01,F-104,energy_intensive,Metal processing,1666.02,0.9487,854.831,0.0,854.831,1.76,0.091,0,0,valid,synthetic_generator_v1
2026-01-07T01:00:00-05:00,PARK-DEMO-01,F-104,energy_intensive,Metal processing,1666.02,0.9487,844.161,0.0,844.161,-1.75,0.091,0,0,valid,synthetic_generator_v1
2026-01-07T02:00:00-05:00,PARK-DEMO-01,F-104,energy_intensive,Metal processing,1666.02,0.9487,885.043,0.0,885.043,-0.38,0.091,0,0,valid,synthetic_generator_v1
2026-01-07T03:00:00-05:00,PARK-DEMO-01,F-104,energy_intensive,Metal processing,1666.02,0.9487,842.451,0.0,842.451,-1.77,0.091,0,0,valid,synthetic_generator_v1
2026-01-07T04:00:00-05:00,PARK-DEMO-01,F-104,energy_intensive,Metal processing,1666.02,0.9487,886.603,0.0,886.603,-0.87,0.091,0,0,valid,synthetic_generator_v1
2026-01-07T05:00:00-05:00,PARK-DEMO-01,F-104,energy_intensive,Metal processing,1666.02,0.9487,917.478,0.0,917.478,-0.85,0.091,0,0,valid,synthetic_generator_v1
2026-01-07T06:00:00-05:00,PARK-DEMO-01,F-104,energy_intensive,Metal processing,1666.02,0.9487,1440.676,0.0,1440.676,-0.33,0.091,0,0,valid,synthetic_generator_v1
2026-01-07T07:00:00-05:00,PARK-DEMO-01,F-104,energy_intensive,Metal processing,1666.02,0.9487,1517.441,37.525,1479.916,0.99,0.091,0,0,valid,synthetic_generator_v1
2026-01-07T08:00:00-05:00,PARK-DEMO-01,F-104,energy_intensive,Metal processing,1666.02,0.9487,1483.056,72.926,1410.13,4.99,0.109,0,0,valid,synthetic_generator_v1
2026-01-07T09:00:00-05:00,PARK-DEMO-01,F-104,energy_intensive,Metal processing,1666.02,0.9487,1466.506,97.798,1368.708,5.72,0.109,0,0,valid,synthetic_generator_v1
2026-01-07T10:00:00-05:00,PARK-DEMO-01,F-104,energy_intensive,Metal processing,1666.02,0.9487,1508.59,133.791,1374.8,6.6,0.109,0,0,valid,synthetic_generator_v1
2026-01-07T11:00:00-05:00,PARK-DEMO-01,F-104,energy_intensive,Metal processing,1666.02,0.9487,1446.604,151.45,1295.154,7.82,0.109,0,0,valid,synthetic_generator_v1
2026-01-07T12:00:00-05:00,PARK-DEMO-01,F-104,energy_intensive,Metal processing,1666.02,0.9487,1542.979,149.945,1393.034,10.23,0.109,0,0,valid,synthetic_generator_v1
2026-01-07T13:00:00-05:00,PARK-DEMO-01,F-104,energy_intensive,Metal processing,1666.02,0.9487,1483.335,154.835,1328.5,13.7,0.109,0,0,valid,synthetic_generator_v1
2026-01-07T14:00:00-05:00,PARK-DEMO-01,F-104,energy_intensive,Metal processing,1666.02,0.9487,1535.093,142.118,1392.975,13.72,0.109,0,0,valid,synthetic_generator_v1
2026-01-07T15:00:00-05:00,PARK-DEMO-01,F-104,energy_intensive,Metal processing,1666.02,0.9487,1433.93,107.238,1326.691,11.97,0.109,0,0,valid,synthetic_generator_v1
2026-01-07T16:00:00-05:00,PARK-DEMO-01,F-104,energy_intensive,Metal processing,1666.02,0.9487,1524.418,68.34,1456.079,12.53,0.165,0,0,valid,synthetic_generator_v1
2026-01-07T17:00:00-05:00,PARK-DEMO-01,F-104,energy_intensive,Metal processing,1666.02,0.9487,1450.473,40.933,1409.54,10.84,0.165,0,0,valid,synthetic_generator_v1
2026-01-07T18:00:00-05:00,PARK-DEMO-01,F-104,energy_intensive,Metal processing,1666.02,0.9487,1435.142,0.0,1435.142,7.43,0.165,0,0,valid,synthetic_generator_v1
2026-01-07T19:00:00-05:00,PARK-DEMO-01,F-104,energy_intensive,Metal processing,1666.02,0.9487,807.246,0.0,807.246,8.88,0.165,0,0,valid,synthetic_generator_v1
2026-01-07T20:00:00-05:00,PARK-DEMO-01,F-104,energy_intensive,Metal processing,1666.02,0.9487,750.149,0.0,750.149,3.83,0.165,0,0,valid,synthetic_generator_v1
2026-01-07T21:00:00-05:00,PARK-DEMO-01,F-104,energy_intensive,Metal processing,1666.02,0.9487,804.265,0.0,804.265,3.26,0.165,0,0,valid,synthetic_generator_v1
2026-01-07T22:00:00-05:00,PARK-DEMO-01,F-104,energy_intensive,Metal processing,1666.02,0.9487,846.989,0.0,846.989,1.38,0.091,0,0,valid,synthetic_generator_v1
2026-01-07T23:00:00-05:00,PARK-DEMO-01,F-104,energy_intensive,Metal processing,1666.02,0.9487,769.495,0.0,769.495,-0.27,0.091,0,0,valid,synthetic_generator_v1
2026-01-01T00:00:00-05:00,PARK-DEMO-01,F-201,distributed_energy,Electronics manufacturing,1172.55,0.9429,583.411,0.0,583.411,2.09,0.091,0,0,valid,synthetic_generator_v1
2026-01-01T01:00:00-05:00,PARK-DEMO-01,F-201,distributed_energy,Electronics manufacturing,1172.55,0.9429,619.066,0.0,619.066,0.86,0.091,0,0,valid,synthetic_generator_v1
2026-01-01T02:00:00-05:00,PARK-DEMO-01,F-201,distributed_energy,Electronics manufacturing,1172.55,0.9429,619.799,0.0,619.799,3.05,0.091,0,0,valid,synthetic_generator_v1
2026-01-01T03:00:00-05:00,PARK-DEMO-01,F-201,distributed_energy,Electronics manufacturing,1172.55,0.9429,596.978,0.0,596.978,2.89,0.091,0,0,valid,synthetic_generator_v1
2026-01-01T04:00:00-05:00,PARK-DEMO-01,F-201,distributed_energy,Electronics manufacturing,1172.55,0.9429,608.315,0.0,608.315,0.33,0.091,0,0,valid,synthetic_generator_v1
2026-01-01T05:00:00-05:00,PARK-DEMO-01,F-201,distributed_energy,Electronics manufacturing,1172.55,0.9429,544.223,0.0,544.223,4.77,0.091,0,0,valid,synthetic_generator_v1
2026-01-01T06:00:00-05:00,PARK-DEMO-01,F-201,distributed_energy,Electronics manufacturing,1172.55,0.9429,592.474,0.0,592.474,4.6,0.091,0,0,valid,synthetic_generator_v1
2026-01-01T07:00:00-05:00,PARK-DEMO-01,F-201,distributed_energy,Electronics manufacturing,1172.55,0.9429,887.179,176.11,711.069,6.96,0.091,0,0,valid,synthetic_generator_v1
2026-01-01T08:00:00-05:00,PARK-DEMO-01,F-201,distributed_energy,Electronics manufacturing,1172.55,0.9429,847.876,288.351,559.526,9.2,0.109,0,0,valid,synthetic_generator_v1
2026-01-01T09:00:00-05:00,PARK-DEMO-01,F-201,distributed_energy,Electronics manufacturing,1172.55,0.9429,877.121,504.945,372.176,10.24,0.109,0,0,valid,synthetic_generator_v1
2026-01-01T10:00:00-05:00,PARK-DEMO-01,F-201,distributed_energy,Electronics manufacturing,1172.55,0.9429,879.085,625.597,253.489,12.04,0.109,0,0,valid,synthetic_generator_v1
2026-01-01T11:00:00-05:00,PARK-DEMO-01,F-201,distributed_energy,Electronics manufacturing,1172.55,0.9429,846.996,656.527,190.469,13.04,0.109,0,0,valid,synthetic_generator_v1
2026-01-01T12:00:00-05:00,PARK-DEMO-01,F-201,distributed_energy,Electronics manufacturing,1172.55,0.9429,887.688,584.654,303.033,14.38,0.109,0,0,valid,synthetic_generator_v1
2026-01-01T13:00:00-05:00,PARK-DEMO-01,F-201,distributed_energy,Electronics manufacturing,1172.55,0.9429,922.938,581.944,340.994,15.15,0.109,0,0,valid,synthetic_generator_v1
2026-01-01T14:00:00-05:00,PARK-DEMO-01,F-201,distributed_energy,Electronics manufacturing,1172.55,0.9429,871.043,632.955,238.088,14.47,0.109,0,0,valid,synthetic_generator_v1
2026-01-01T15:00:00-05:00,PARK-DEMO-01,F-201,distributed_energy,Electronics manufacturing,1172.55,0.9429,843.114,492.143,350.972,17.15,0.109,0,0,valid,synthetic_generator_v1
2026-01-01T16:00:00-05:00,PARK-DEMO-01,F-201,distributed_energy,Electronics manufacturing,1172.55,0.9429,868.18,337.892,530.287,16.31,0.165,0,0,valid,synthetic_generator_v1
2026-01-01T17:00:00-05:00,PARK-DEMO-01,F-201,distributed_energy,Electronics manufacturing,1172.55,0.9429,875.279,192.091,683.188,11.99,0.165,0,0,valid,synthetic_generator_v1
2026-01-01T18:00:00-05:00,PARK-DEMO-01,F-201,distributed_energy,Electronics manufacturing,1172.55,0.9429,624.14,0.0,624.14,10.65,0.165,0,0,valid,synthetic_generator_v1
2026-01-01T19:00:00-05:00,PARK-DEMO-01,F-201,distributed_energy,Electronics manufacturing,1172.55,0.9429,640.156,0.0,640.156,11.21,0.165,0,0,valid,synthetic_generator_v1
2026-01-01T20:00:00-05:00,PARK-DEMO-01,F-201,distributed_energy,Electronics manufacturing,1172.55,0.9429,627.333,0.0,627.333,7.98,0.165,0,0,valid,synthetic_generator_v1
2026-01-01T21:00:00-05:00,PARK-DEMO-01,F-201,distributed_energy,Electronics manufacturing,1172.55,0.9429,607.462,0.0,607.462,4.42,0.165,0,0,valid,synthetic_generator_v1
2026-01-01T22:00:00-05:00,PARK-DEMO-01,F-201,distributed_energy,Electronics manufacturing,1172.55,0.9429,614.264,0.0,614.264,5.44,0.091,0,0,valid,synthetic_generator_v1
2026-01-01T23:00:00-05:00,PARK-DEMO-01,F-201,distributed_energy,Electronics manufacturing,1172.55,0.9429,553.373,0.0,553.373,2.39,0.091,0,0,valid,synthetic_generator_v1
2026-01-02T00:00:00-05:00,PARK-DEMO-01,F-201,distributed_energy,Electronics manufacturing,1172.55,0.9429,582.623,0.0,582.623,2.19,0.091,0,0,valid,synthetic_generator_v1
2026-01-02T01:00:00-05:00,PARK-DEMO-01,F-201,distributed_energy,Electronics manufacturing,1172.55,0.9429,628.371,0.0,628.371,3.13,0.091,0,0,valid,synthetic_generator_v1
2026-01-02T02:00:00-05:00,PARK-DEMO-01,F-201,distributed_energy,Electronics manufacturing,1172.55,0.9429,599.194,0.0,599.194,1.61,0.091,0,0,valid,synthetic_generator_v1
2026-01-02T03:00:00-05:00,PARK-DEMO-01,F-201,distributed_energy,Electronics manufacturing,1172.55,0.9429,589.818,0.0,589.818,2.81,0.091,0,0,valid,synthetic_generator_v1
2026-01-02T04:00:00-05:00,PARK-DEMO-01,F-201,distributed_energy,Electronics manufacturing,1172.55,0.9429,583.653,0.0,583.653,4.65,0.091,0,0,valid,synthetic_generator_v1
2026-01-02T05:00:00-05:00,PARK-DEMO-01,F-201,distributed_energy,Electronics manufacturing,1172.55,0.9429,607.264,0.0,607.264,4.41,0.091,0,0,valid,synthetic_generator_v1
2026-01-02T06:00:00-05:00,PARK-DEMO-01,F-201,distributed_energy,Electronics manufacturing,1172.55,0.9429,590.265,0.0,590.265,4.71,0.091,0,0,valid,synthetic_generator_v1
2026-01-02T07:00:00-05:00,PARK-DEMO-01,F-201,distributed_energy,Electronics manufacturing,1172.55,0.9429,867.09,165.88,701.21,6.15,0.091,0,0,valid,synthetic_generator_v1
2026-01-02T08:00:00-05:00,PARK-DEMO-01,F-201,distributed_energy,Electronics manufacturing,1172.55,0.9429,900.735,328.822,571.913,8.21,0.109,0,0,valid,synthetic_generator_v1
2026-01-02T09:00:00-05:00,PARK-DEMO-01,F-201,distributed_energy,Electronics manufacturing,1172.55,0.9429,875.112,414.286,460.825,9.94,0.109,0,0,valid,synthetic_generator_v1
2026-01-02T10:00:00-05:00,PARK-DEMO-01,F-201,distributed_energy,Electronics manufacturing,1172.55,0.9429,856.49,493.829,362.66,11.22,0.109,0,0,valid,synthetic_generator_v1
2026-01-02T11:00:00-05:00,PARK-DEMO-01,F-201,distributed_energy,Electronics manufacturing,1172.55,0.9429,891.923,587.627,304.295,11.55,0.109,0,0,valid,synthetic_generator_v1
2026-01-02T12:00:00-05:00,PARK-DEMO-01,F-201,distributed_energy,Electronics manufacturing,1172.55,0.9429,871.836,635.484,236.353,14.2,0.109,0,0,valid,synthetic_generator_v1
2026-01-02T13:00:00-05:00,PARK-DEMO-01,F-201,distributed_energy,Electronics manufacturing,1172.55,0.9429,866.498,560.696,305.802,15.67,0.109,0,0,valid,synthetic_generator_v1
2026-01-02T14:00:00-05:00,PARK-DEMO-01,F-201,distributed_energy,Electronics manufacturing,1172.55,0.9429,909.574,522.561,387.013,16.81,0.109,0,0,valid,synthetic_generator_v1
2026-01-02T15:00:00-05:00,PARK-DEMO-01,F-201,distributed_energy,Electronics manufacturing,1172.55,0.9429,851.0,414.666,436.334,16.47,0.109,0,0,valid,synthetic_generator_v1
2026-01-02T16:00:00-05:00,PARK-DEMO-01,F-201,distributed_energy,Electronics manufacturing,1172.55,0.9429,943.365,336.42,606.946,17.17,0.165,0,0,valid,synthetic_generator_v1
2026-01-02T17:00:00-05:00,PARK-DEMO-01,F-201,distributed_energy,Electronics manufacturing,1172.55,0.9429,913.871,155.348,758.523,12.75,0.165,0,0,valid,synthetic_generator_v1
2026-01-02T18:00:00-05:00,PARK-DEMO-01,F-201,distributed_energy,Electronics manufacturing,1172.55,0.9429,600.951,0.0,600.951,12.99,0.165,0,0,valid,synthetic_generator_v1
2026-01-02T19:00:00-05:00,PARK-DEMO-01,F-201,distributed_energy,Electronics manufacturing,1172.55,0.9429,606.668,0.0,606.668,12.15,0.165,0,0,valid,synthetic_generator_v1
2026-01-02T20:00:00-05:00,PARK-DEMO-01,F-201,distributed_energy,Electronics manufacturing,1172.55,0.9429,627.181,0.0,627.181,9.6,0.165,0,0,valid,synthetic_generator_v1
2026-01-02T21:00:00-05:00,PARK-DEMO-01,F-201,distributed_energy,Electronics manufacturing,1172.55,0.9429,584.911,0.0,584.911,6.41,0.165,0,0,valid,synthetic_generator_v1
2026-01-02T22:00:00-05:00,PARK-DEMO-01,F-201,distributed_energy,Electronics manufacturing,1172.55,0.9429,649.028,0.0,649.028,5.22,0.091,0,0,valid,synthetic_generator_v1
2026-01-02T23:00:00-05:00,PARK-DEMO-01,F-201,distributed_energy,Electronics manufacturing,1172.55,0.9429,653.542,0.0,653.542,2.97,0.091,0,0,valid,synthetic_generator_v1
2026-01-03T00:00:00-05:00,PARK-DEMO-01,F-201,distributed_energy,Electronics manufacturing,1172.55,0.9429,407.594,0.0,407.594,2.43,0.091,1,0,valid,synthetic_generator_v1
2026-01-03T01:00:00-05:00,PARK-DEMO-01,F-201,distributed_energy,Electronics manufacturing,1172.55,0.9429,531.01,0.0,531.01,1.2,0.091,1,0,valid,synthetic_generator_v1
2026-01-03T02:00:00-05:00,PARK-DEMO-01,F-201,distributed_energy,Electronics manufacturing,1172.55,0.9429,483.191,0.0,483.191,2.51,0.091,1,0,valid,synthetic_generator_v1
2026-01-03T03:00:00-05:00,PARK-DEMO-01,F-201,distributed_energy,Electronics manufacturing,1172.55,0.9429,414.227,0.0,414.227,-0.07,0.091,1,0,valid,synthetic_generator_v1
2026-01-03T04:00:00-05:00,PARK-DEMO-01,F-201,distributed_energy,Electronics manufacturing,1172.55,0.9429,365.311,0.0,365.311,2.98,0.091,1,0,valid,synthetic_generator_v1
2026-01-03T05:00:00-05:00,PARK-DEMO-01,F-201,distributed_energy,Electronics manufacturing,1172.55,0.9429,447.787,0.0,447.787,2.95,0.091,1,0,valid,synthetic_generator_v1
2026-01-03T06:00:00-05:00,PARK-DEMO-01,F-201,distributed_energy,Electronics manufacturing,1172.55,0.9429,471.05,0.0,471.05,6.3,0.091,1,0,valid,synthetic_generator_v1
2026-01-03T07:00:00-05:00,PARK-DEMO-01,F-201,distributed_energy,Electronics manufacturing,1172.55,0.9429,640.78,188.166,452.614,7.7,0.091,1,0,valid,synthetic_generator_v1
2026-01-03T08:00:00-05:00,PARK-DEMO-01,F-201,distributed_energy,Electronics manufacturing,1172.55,0.9429,649.529,282.93,366.599,7.92,0.109,1,0,valid,synthetic_generator_v1
2026-01-03T09:00:00-05:00,PARK-DEMO-01,F-201,distributed_energy,Electronics manufacturing,1172.55,0.9429,615.629,521.209,94.42,9.95,0.109,1,0,valid,synthetic_generator_v1
2026-01-03T10:00:00-05:00,PARK-DEMO-01,F-201,distributed_energy,Electronics manufacturing,1172.55,0.9429,638.81,572.27,66.54,13.58,0.109,1,0,valid,synthetic_generator_v1
2026-01-03T11:00:00-05:00,PARK-DEMO-01,F-201,distributed_energy,Electronics manufacturing,1172.55,0.9429,592.4,576.192,16.208,13.18,0.109,1,0,valid,synthetic_generator_v1
2026-01-03T12:00:00-05:00,PARK-DEMO-01,F-201,distributed_energy,Electronics manufacturing,1172.55,0.9429,637.64,730.094,0.0,14.47,0.109,1,0,valid,synthetic_generator_v1
2026-01-03T13:00:00-05:00,PARK-DEMO-01,F-201,distributed_energy,Electronics manufacturing,1172.55,0.9429,653.35,667.129,0.0,14.22,0.109,1,0,valid,synthetic_generator_v1
2026-01-03T14:00:00-05:00,PARK-DEMO-01,F-201,distributed_energy,Electronics manufacturing,1172.55,0.9429,566.509,531.29,35.218,15.9,0.109,1,0,valid,synthetic_generator_v1
2026-01-03T15:00:00-05:00,PARK-DEMO-01,F-201,distributed_energy,Electronics manufacturing,1172.55,0.9429,693.571,429.13,264.441,17.55,0.109,1,0,valid,synthetic_generator_v1
2026-01-03T16:00:00-05:00,PARK-DEMO-01,F-201,distributed_energy,Electronics manufacturing,1172.55,0.9429,643.362,336.43,306.932,14.1,0.091,1,0,valid,synthetic_generator_v1
2026-01-03T17:00:00-05:00,PARK-DEMO-01,F-201,distributed_energy,Electronics manufacturing,1172.55,0.9429,664.433,171.306,493.127,13.04,0.091,1,0,valid,synthetic_generator_v1
2026-01-03T18:00:00-05:00,PARK-DEMO-01,F-201,distributed_energy,Electronics manufacturing,1172.55,0.9429,425.661,0.0,425.661,10.78,0.091,1,0,valid,synthetic_generator_v1
2026-01-03T19:00:00-05:00,PARK-DEMO-01,F-201,distributed_energy,Electronics manufacturing,1172.55,0.9429,468.412,0.0,468.412,12.13,0.091,1,0,valid,synthetic_generator_v1
2026-01-03T20:00:00-05:00,PARK-DEMO-01,F-201,distributed_energy,Electronics manufacturing,1172.55,0.9429,479.826,0.0,479.826,6.78,0.091,1,0,valid,synthetic_generator_v1
2026-01-03T21:00:00-05:00,PARK-DEMO-01,F-201,distributed_energy,Electronics manufacturing,1172.55,0.9429,474.936,0.0,474.936,9.06,0.091,1,0,valid,synthetic_generator_v1
2026-01-03T22:00:00-05:00,PARK-DEMO-01,F-201,distributed_energy,Electronics manufacturing,1172.55,0.9429,442.499,0.0,442.499,5.24,0.091,1,0,valid,synthetic_generator_v1
2026-01-03T23:00:00-05:00,PARK-DEMO-01,F-201,distributed_energy,Electronics manufacturing,1172.55,0.9429,471.939,0.0,471.939,4.82,0.091,1,0,valid,synthetic_generator_v1
2026-01-04T00:00:00-05:00,PARK-DEMO-01,F-201,distributed_energy,Electronics manufacturing,1172.55,0.9429,357.068,0.0,357.068,1.76,0.091,1,0,valid,synthetic_generator_v1
2026-01-04T01:00:00-05:00,PARK-DEMO-01,F-201,distributed_energy,Electronics manufacturing,1172.55,0.9429,439.252,0.0,439.252,2.05,0.091,1,0,valid,synthetic_generator_v1
2026-01-04T02:00:00-05:00,PARK-DEMO-01,F-201,distributed_energy,Electronics manufacturing,1172.55,0.9429,434.839,0.0,434.839,-0.35,0.091,1,0,valid,synthetic_generator_v1
2026-01-04T03:00:00-05:00,PARK-DEMO-01,F-201,distributed_energy,Electronics manufacturing,1172.55,0.9429,385.698,0.0,385.698,1.45,0.091,1,0,valid,synthetic_generator_v1
2026-01-04T04:00:00-05:00,PARK-DEMO-01,F-201,distributed_energy,Electronics manufacturing,1172.55,0.9429,434.681,0.0,434.681,4.55,0.091,1,0,valid,synthetic_generator_v1
2026-01-04T05:00:00-05:00,PARK-DEMO-01,F-201,distributed_energy,Electronics manufacturing,1172.55,0.9429,417.445,0.0,417.445,3.19,0.091,1,0,valid,synthetic_generator_v1
2026-01-04T06:00:00-05:00,PARK-DEMO-01,F-201,distributed_energy,Electronics manufacturing,1172.55,0.9429,431.788,0.0,431.788,3.73,0.091,1,0,valid,synthetic_generator_v1
2026-01-04T07:00:00-05:00,PARK-DEMO-01,F-201,distributed_energy,Electronics manufacturing,1172.55,0.9429,685.075,175.909,509.166,6.26,0.091,1,0,valid,synthetic_generator_v1
2026-01-04T08:00:00-05:00,PARK-DEMO-01,F-201,distributed_energy,Electronics manufacturing,1172.55,0.9429,622.816,295.43,327.386,6.59,0.109,1,0,valid,synthetic_generator_v1
2026-01-04T09:00:00-05:00,PARK-DEMO-01,F-201,distributed_energy,Electronics manufacturing,1172.55,0.9429,680.028,454.486,225.542,10.25,0.109,1,0,valid,synthetic_generator_v1
2026-01-04T10:00:00-05:00,PARK-DEMO-01,F-201,distributed_energy,Electronics manufacturing,1172.55,0.9429,711.481,557.268,154.213,11.6,0.109,1,0,valid,synthetic_generator_v1
2026-01-04T11:00:00-05:00,PARK-DEMO-01,F-201,distributed_energy,Electronics manufacturing,1172.55,0.9429,709.631,621.971,87.66,11.67,0.109,1,0,valid,synthetic_generator_v1
2026-01-04T12:00:00-05:00,PARK-DEMO-01,F-201,distributed_energy,Electronics manufacturing,1172.55,0.9429,658.277,693.086,0.0,15.74,0.109,1,0,valid,synthetic_generator_v1
2026-01-04T13:00:00-05:00,PARK-DEMO-01,F-201,distributed_energy,Electronics manufacturing,1172.55,0.9429,622.333,650.028,0.0,14.62,0.109,1,0,valid,synthetic_generator_v1
2026-01-04T14:00:00-05:00,PARK-DEMO-01,F-201,distributed_energy,Electronics manufacturing,1172.55,0.9429,659.9,505.855,154.045,14.85,0.109,1,0,valid,synthetic_generator_v1
2026-01-04T15:00:00-05:00,PARK-DEMO-01,F-201,distributed_energy,Electronics manufacturing,1172.55,0.9429,640.495,438.607,201.888,14.43,0.109,1,0,valid,synthetic_generator_v1
2026-01-04T16:00:00-05:00,PARK-DEMO-01,F-201,distributed_energy,Electronics manufacturing,1172.55,0.9429,669.824,364.018,305.805,13.48,0.091,1,0,valid,synthetic_generator_v1
2026-01-04T17:00:00-05:00,PARK-DEMO-01,F-201,distributed_energy,Electronics manufacturing,1172.55,0.9429,572.889,190.535,382.354,12.49,0.091,1,0,valid,synthetic_generator_v1
2026-01-04T18:00:00-05:00,PARK-DEMO-01,F-201,distributed_energy,Electronics manufacturing,1172.55,0.9429,411.877,0.0,411.877,12.16,0.091,1,0,valid,synthetic_generator_v1
2026-01-04T19:00:00-05:00,PARK-DEMO-01,F-201,distributed_energy,Electronics manufacturing,1172.55,0.9429,458.688,0.0,458.688,9.33,0.091,1,0,valid,synthetic_generator_v1
2026-01-04T20:00:00-05:00,PARK-DEMO-01,F-201,distributed_energy,Electronics manufacturing,1172.55,0.9429,432.576,0.0,432.576,8.5,0.091,1,0,valid,synthetic_generator_v1
2026-01-04T21:00:00-05:00,PARK-DEMO-01,F-201,distributed_energy,Electronics manufacturing,1172.55,0.9429,469.808,0.0,469.808,6.79,0.091,1,0,valid,synthetic_generator_v1
2026-01-04T22:00:00-05:00,PARK-DEMO-01,F-201,distributed_energy,Electronics manufacturing,1172.55,0.9429,409.607,0.0,409.607,4.56,0.091,1,0,valid,synthetic_generator_v1
2026-01-04T23:00:00-05:00,PARK-DEMO-01,F-201,distributed_energy,Electronics manufacturing,1172.55,0.9429,407.89,0.0,407.89,3.08,0.091,1,0,valid,synthetic_generator_v1
2026-01-05T00:00:00-05:00,PARK-DEMO-01,F-201,distributed_energy,Electronics manufacturing,1172.55,0.9429,620.712,0.0,620.712,0.49,0.091,0,0,valid,synthetic_generator_v1
2026-01-05T01:00:00-05:00,PARK-DEMO-01,F-201,distributed_energy,Electronics manufacturing,1172.55,0.9429,636.667,0.0,636.667,1.95,0.091,0,0,valid,synthetic_generator_v1
2026-01-05T02:00:00-05:00,PARK-DEMO-01,F-201,distributed_energy,Electronics manufacturing,1172.55,0.9429,591.447,0.0,591.447,-0.09,0.091,0,0,valid,synthetic_generator_v1
2026-01-05T03:00:00-05:00,PARK-DEMO-01,F-201,distributed_energy,Electronics manufacturing,1172.55,0.9429,584.551,0.0,584.551,-0.33,0.091,0,0,valid,synthetic_generator_v1
2026-01-05T04:00:00-05:00,PARK-DEMO-01,F-201,distributed_energy,Electronics manufacturing,1172.55,0.9429,682.791,0.0,682.791,1.18,0.091,0,0,valid,synthetic_generator_v1
2026-01-05T05:00:00-05:00,PARK-DEMO-01,F-201,distributed_energy,Electronics manufacturing,1172.55,0.9429,613.562,0.0,613.562,2.06,0.091,0,0,valid,synthetic_generator_v1
2026-01-05T06:00:00-05:00,PARK-DEMO-01,F-201,distributed_energy,Electronics manufacturing,1172.55,0.9429,632.392,0.0,632.392,2.49,0.091,0,0,valid,synthetic_generator_v1
2026-01-05T07:00:00-05:00,PARK-DEMO-01,F-201,distributed_energy,Electronics manufacturing,1172.55,0.9429,293.054,154.412,138.641,6.11,0.091,0,1,anomaly,synthetic_generator_v1
2026-01-05T08:00:00-05:00,PARK-DEMO-01,F-201,distributed_energy,Electronics manufacturing,1172.55,0.9429,917.78,298.511,619.269,5.49,0.109,0,0,valid,synthetic_generator_v1
2026-01-05T09:00:00-05:00,PARK-DEMO-01,F-201,distributed_energy,Electronics manufacturing,1172.55,0.9429,868.704,514.413,354.291,9.09,0.109,0,0,valid,synthetic_generator_v1
2026-01-05T10:00:00-05:00,PARK-DEMO-01,F-201,distributed_energy,Electronics manufacturing,1172.55,0.9429,856.737,510.292,346.445,9.11,0.109,0,0,valid,synthetic_generator_v1
2026-01-05T11:00:00-05:00,PARK-DEMO-01,F-201,distributed_energy,Electronics manufacturing,1172.55,0.9429,864.246,561.149,303.097,13.44,0.109,0,0,valid,synthetic_generator_v1
2026-01-05T12:00:00-05:00,PARK-DEMO-01,F-201,distributed_energy,Electronics manufacturing,1172.55,0.9429,849.599,740.103,109.496,15.25,0.109,0,0,valid,synthetic_generator_v1
2026-01-05T13:00:00-05:00,PARK-DEMO-01,F-201,distributed_energy,Electronics manufacturing,1172.55,0.9429,903.508,661.606,241.903,16.18,0.109,0,0,valid,synthetic_generator_v1
2026-01-05T14:00:00-05:00,PARK-DEMO-01,F-201,distributed_energy,Electronics manufacturing,1172.55,0.9429,917.925,488.897,429.027,14.94,0.109,0,0,valid,synthetic_generator_v1
2026-01-05T15:00:00-05:00,PARK-DEMO-01,F-201,distributed_energy,Electronics manufacturing,1172.55,0.9429,889.148,460.756,428.392,14.67,0.109,0,0,valid,synthetic_generator_v1
2026-01-05T16:00:00-05:00,PARK-DEMO-01,F-201,distributed_energy,Electronics manufacturing,1172.55,0.9429,923.013,346.852,576.162,13.34,0.165,0,0,valid,synthetic_generator_v1
2026-01-05T17:00:00-05:00,PARK-DEMO-01,F-201,distributed_energy,Electronics manufacturing,1172.55,0.9429,908.43,154.932,753.498,12.29,0.165,0,0,valid,synthetic_generator_v1
2026-01-05T18:00:00-05:00,PARK-DEMO-01,F-201,distributed_energy,Electronics manufacturing,1172.55,0.9429,566.523,0.0,566.523,9.51,0.165,0,0,valid,synthetic_generator_v1
2026-01-05T19:00:00-05:00,PARK-DEMO-01,F-201,distributed_energy,Electronics manufacturing,1172.55,0.9429,622.612,0.0,622.612,9.64,0.165,0,0,valid,synthetic_generator_v1
2026-01-05T20:00:00-05:00,PARK-DEMO-01,F-201,distributed_energy,Electronics manufacturing,1172.55,0.9429,618.449,0.0,618.449,6.95,0.165,0,0,valid,synthetic_generator_v1
2026-01-05T21:00:00-05:00,PARK-DEMO-01,F-201,distributed_energy,Electronics manufacturing,1172.55,0.9429,584.619,0.0,584.619,5.99,0.165,0,0,valid,synthetic_generator_v1
2026-01-05T22:00:00-05:00,PARK-DEMO-01,F-201,distributed_energy,Electronics manufacturing,1172.55,0.9429,570.392,0.0,570.392,2.87,0.091,0,0,valid,synthetic_generator_v1
2026-01-05T23:00:00-05:00,PARK-DEMO-01,F-201,distributed_energy,Electronics manufacturing,1172.55,0.9429,667.178,0.0,667.178,2.7,0.091,0,0,valid,synthetic_generator_v1
2026-01-06T00:00:00-05:00,PARK-DEMO-01,F-201,distributed_energy,Electronics manufacturing,1172.55,0.9429,598.85,0.0,598.85,-1.19,0.091,0,0,valid,synthetic_generator_v1
2026-01-06T01:00:00-05:00,PARK-DEMO-01,F-201,distributed_energy,Electronics manufacturing,1172.55,0.9429,632.074,0.0,632.074,-0.49,0.091,0,0,valid,synthetic_generator_v1
2026-01-06T02:00:00-05:00,PARK-DEMO-01,F-201,distributed_energy,Electronics manufacturing,1172.55,0.9429,614.413,0.0,614.413,-0.89,0.091,0,0,valid,synthetic_generator_v1
2026-01-06T03:00:00-05:00,PARK-DEMO-01,F-201,distributed_energy,Electronics manufacturing,1172.55,0.9429,586.953,0.0,586.953,-1.1,0.091,0,0,valid,synthetic_generator_v1
2026-01-06T04:00:00-05:00,PARK-DEMO-01,F-201,distributed_energy,Electronics manufacturing,1172.55,0.9429,560.43,0.0,560.43,-0.55,0.091,0,0,valid,synthetic_generator_v1
2026-01-06T05:00:00-05:00,PARK-DEMO-01,F-201,distributed_energy,Electronics manufacturing,1172.55,0.9429,623.298,0.0,623.298,1.53,0.091,0,0,valid,synthetic_generator_v1
2026-01-06T06:00:00-05:00,PARK-DEMO-01,F-201,distributed_energy,Electronics manufacturing,1172.55,0.9429,578.584,0.0,578.584,2.73,0.091,0,0,valid,synthetic_generator_v1
2026-01-06T07:00:00-05:00,PARK-DEMO-01,F-201,distributed_energy,Electronics manufacturing,1172.55,0.9429,918.891,161.895,756.996,2.59,0.091,0,0,valid,synthetic_generator_v1
2026-01-06T08:00:00-05:00,PARK-DEMO-01,F-201,distributed_energy,Electronics manufacturing,1172.55,0.9429,909.91,368.69,541.22,5.87,0.109,0,0,valid,synthetic_generator_v1
2026-01-06T09:00:00-05:00,PARK-DEMO-01,F-201,distributed_energy,Electronics manufacturing,1172.55,0.9429,905.232,403.347,501.885,7.85,0.109,0,0,valid,synthetic_generator_v1
2026-01-06T10:00:00-05:00,PARK-DEMO-01,F-201,distributed_energy,Electronics manufacturing,1172.55,0.9429,863.383,575.734,287.649,7.53,0.109,0,0,valid,synthetic_generator_v1
2026-01-06T11:00:00-05:00,PARK-DEMO-01,F-201,distributed_energy,Electronics manufacturing,1172.55,0.9429,854.976,556.934,298.042,9.13,0.109,0,0,valid,synthetic_generator_v1
2026-01-06T12:00:00-05:00,PARK-DEMO-01,F-201,distributed_energy,Electronics manufacturing,1172.55,0.9429,841.196,597.494,243.702,10.25,0.109,0,0,valid,synthetic_generator_v1
2026-01-06T13:00:00-05:00,PARK-DEMO-01,F-201,distributed_energy,Electronics manufacturing,1172.55,0.9429,882.016,710.239,171.777,11.17,0.109,0,0,valid,synthetic_generator_v1
2026-01-06T14:00:00-05:00,PARK-DEMO-01,F-201,distributed_energy,Electronics manufacturing,1172.55,0.9429,917.659,597.221,320.438,12.58,0.109,0,0,valid,synthetic_generator_v1
2026-01-06T15:00:00-05:00,PARK-DEMO-01,F-201,distributed_energy,Electronics manufacturing,1172.55,0.9429,876.066,439.562,436.504,13.98,0.109,0,0,valid,synthetic_generator_v1
2026-01-06T16:00:00-05:00,PARK-DEMO-01,F-201,distributed_energy,Electronics manufacturing,1172.55,0.9429,900.625,306.51,594.115,11.48,0.165,0,0,valid,synthetic_generator_v1
2026-01-06T17:00:00-05:00,PARK-DEMO-01,F-201,distributed_energy,Electronics manufacturing,1172.55,0.9429,886.923,174.985,711.938,10.12,0.165,0,0,valid,synthetic_generator_v1
2026-01-06T18:00:00-05:00,PARK-DEMO-01,F-201,distributed_energy,Electronics manufacturing,1172.55,0.9429,637.741,0.0,637.741,8.09,0.165,0,0,valid,synthetic_generator_v1
2026-01-06T19:00:00-05:00,PARK-DEMO-01,F-201,distributed_energy,Electronics manufacturing,1172.55,0.9429,675.776,0.0,675.776,9.09,0.165,0,0,valid,synthetic_generator_v1
2026-01-06T20:00:00-05:00,PARK-DEMO-01,F-201,distributed_energy,Electronics manufacturing,1172.55,0.9429,554.039,0.0,554.039,5.93,0.165,0,0,valid,synthetic_generator_v1
2026-01-06T21:00:00-05:00,PARK-DEMO-01,F-201,distributed_energy,Electronics manufacturing,1172.55,0.9429,577.38,0.0,577.38,3.3,0.165,0,0,valid,synthetic_generator_v1
2026-01-06T22:00:00-05:00,PARK-DEMO-01,F-201,distributed_energy,Electronics manufacturing,1172.55,0.9429,625.198,0.0,625.198,0.77,0.091,0,0,valid,synthetic_generator_v1
2026-01-06T23:00:00-05:00,PARK-DEMO-01,F-201,distributed_energy,Electronics manufacturing,1172.55,0.9429,572.358,0.0,572.358,2.69,0.091,0,0,valid,synthetic_generator_v1
2026-01-07T00:00:00-05:00,PARK-DEMO-01,F-201,distributed_energy,Electronics manufacturing,1172.55,0.9429,640.668,0.0,640.668,-0.31,0.091,0,0,valid,synthetic_generator_v1
2026-01-07T01:00:00-05:00,PARK-DEMO-01,F-201,distributed_energy,Electronics manufacturing,1172.55,0.9429,641.178,0.0,641.178,-3.05,0.091,0,0,valid,synthetic_generator_v1
2026-01-07T02:00:00-05:00,PARK-DEMO-01,F-201,distributed_energy,Electronics manufacturing,1172.55,0.9429,621.536,0.0,621.536,-1.59,0.091,0,0,valid,synthetic_generator_v1
2026-01-07T03:00:00-05:00,PARK-DEMO-01,F-201,distributed_energy,Electronics manufacturing,1172.55,0.9429,633.637,0.0,633.637,-3.28,0.091,0,0,valid,synthetic_generator_v1
2026-01-07T04:00:00-05:00,PARK-DEMO-01,F-201,distributed_energy,Electronics manufacturing,1172.55,0.9429,562.465,0.0,562.465,-1.02,0.091,0,0,valid,synthetic_generator_v1
2026-01-07T05:00:00-05:00,PARK-DEMO-01,F-201,distributed_energy,Electronics manufacturing,1172.55,0.9429,586.143,0.0,586.143,0.56,0.091,0,0,valid,synthetic_generator_v1
2026-01-07T06:00:00-05:00,PARK-DEMO-01,F-201,distributed_energy,Electronics manufacturing,1172.55,0.9429,609.734,0.0,609.734,1.19,0.091,0,0,valid,synthetic_generator_v1
2026-01-07T07:00:00-05:00,PARK-DEMO-01,F-201,distributed_energy,Electronics manufacturing,1172.55,0.9429,870.915,153.2,717.714,5.22,0.091,0,0,valid,synthetic_generator_v1
2026-01-07T08:00:00-05:00,PARK-DEMO-01,F-201,distributed_energy,Electronics manufacturing,1172.55,0.9429,876.459,352.975,523.484,5.05,0.109,0,0,valid,synthetic_generator_v1
2026-01-07T09:00:00-05:00,PARK-DEMO-01,F-201,distributed_energy,Electronics manufacturing,1172.55,0.9429,880.696,402.786,477.91,6.52,0.109,0,0,valid,synthetic_generator_v1
2026-01-07T10:00:00-05:00,PARK-DEMO-01,F-201,distributed_energy,Electronics manufacturing,1172.55,0.9429,916.276,564.925,351.351,7.24,0.109,0,0,valid,synthetic_generator_v1
2026-01-07T11:00:00-05:00,PARK-DEMO-01,F-201,distributed_energy,Electronics manufacturing,1172.55,0.9429,940.73,661.594,279.136,9.57,0.109,0,0,valid,synthetic_generator_v1
2026-01-07T12:00:00-05:00,PARK-DEMO-01,F-201,distributed_energy,Electronics manufacturing,1172.55,0.9429,863.101,668.345,194.756,12.73,0.109,0,0,valid,synthetic_generator_v1
2026-01-07T13:00:00-05:00,PARK-DEMO-01,F-201,distributed_energy,Electronics manufacturing,1172.55,0.9429,873.55,664.374,209.176,13.15,0.109,0,0,valid,synthetic_generator_v1
2026-01-07T14:00:00-05:00,PARK-DEMO-01,F-201,distributed_energy,Electronics manufacturing,1172.55,0.9429,870.781,626.415,244.366,12.43,0.109,0,0,valid,synthetic_generator_v1
2026-01-07T15:00:00-05:00,PARK-DEMO-01,F-201,distributed_energy,Electronics manufacturing,1172.55,0.9429,900.061,462.745,437.316,12.6,0.109,0,0,valid,synthetic_generator_v1
2026-01-07T16:00:00-05:00,PARK-DEMO-01,F-201,distributed_energy,Electronics manufacturing,1172.55,0.9429,903.437,322.534,580.903,11.34,0.165,0,0,valid,synthetic_generator_v1
2026-01-07T17:00:00-05:00,PARK-DEMO-01,F-201,distributed_energy,Electronics manufacturing,1172.55,0.9429,982.758,188.583,794.175,11.22,0.165,0,0,valid,synthetic_generator_v1
2026-01-07T18:00:00-05:00,PARK-DEMO-01,F-201,distributed_energy,Electronics manufacturing,1172.55,0.9429,574.846,0.0,574.846,9.44,0.165,0,0,valid,synthetic_generator_v1
2026-01-07T19:00:00-05:00,PARK-DEMO-01,F-201,distributed_energy,Electronics manufacturing,1172.55,0.9429,600.933,0.0,600.933,7.69,0.165,0,0,valid,synthetic_generator_v1
2026-01-07T20:00:00-05:00,PARK-DEMO-01,F-201,distributed_energy,Electronics manufacturing,1172.55,0.9429,601.322,0.0,601.322,6.13,0.165,0,0,valid,synthetic_generator_v1
2026-01-07T21:00:00-05:00,PARK-DEMO-01,F-201,distributed_energy,Electronics manufacturing,1172.55,0.9429,556.181,0.0,556.181,4.21,0.165,0,0,valid,synthetic_generator_v1
2026-01-07T22:00:00-05:00,PARK-DEMO-01,F-201,distributed_energy,Electronics manufacturing,1172.55,0.9429,634.817,0.0,634.817,2.53,0.091,0,0,valid,synthetic_generator_v1
2026-01-07T23:00:00-05:00,PARK-DEMO-01,F-201,distributed_energy,Electronics manufacturing,1172.55,0.9429,585.318,0.0,585.318,0.23,0.091,0,0,valid,synthetic_generator_v1
2026-01-01T00:00:00-05:00,PARK-DEMO-01,F-202,distributed_energy,Electronics manufacturing,1214.74,0.8161,627.391,0.0,627.391,1.64,0.091,0,0,valid,synthetic_generator_v1
2026-01-01T01:00:00-05:00,PARK-DEMO-01,F-202,distributed_energy,Electronics manufacturing,1214.74,0.8161,591.917,0.0,591.917,2.0,0.091,0,0,valid,synthetic_generator_v1
2026-01-01T02:00:00-05:00,PARK-DEMO-01,F-202,distributed_energy,Electronics manufacturing,1214.74,0.8161,678.371,0.0,678.371,2.09,0.091,0,0,valid,synthetic_generator_v1
2026-01-01T03:00:00-05:00,PARK-DEMO-01,F-202,distributed_energy,Electronics manufacturing,1214.74,0.8161,633.655,0.0,633.655,1.14,0.091,0,0,valid,synthetic_generator_v1
2026-01-01T04:00:00-05:00,PARK-DEMO-01,F-202,distributed_energy,Electronics manufacturing,1214.74,0.8161,627.664,0.0,627.664,1.01,0.091,0,0,valid,synthetic_generator_v1
2026-01-01T05:00:00-05:00,PARK-DEMO-01,F-202,distributed_energy,Electronics manufacturing,1214.74,0.8161,614.849,0.0,614.849,2.26,0.091,0,0,valid,synthetic_generator_v1
2026-01-01T06:00:00-05:00,PARK-DEMO-01,F-202,distributed_energy,Electronics manufacturing,1214.74,0.8161,609.247,0.0,609.247,6.19,0.091,0,0,valid,synthetic_generator_v1
2026-01-01T07:00:00-05:00,PARK-DEMO-01,F-202,distributed_energy,Electronics manufacturing,1214.74,0.8161,555.034,158.124,396.91,6.3,0.091,0,0,valid,synthetic_generator_v1
2026-01-01T08:00:00-05:00,PARK-DEMO-01,F-202,distributed_energy,Electronics manufacturing,1214.74,0.8161,874.331,360.433,513.899,8.76,0.109,0,0,valid,synthetic_generator_v1
2026-01-01T09:00:00-05:00,PARK-DEMO-01,F-202,distributed_energy,Electronics manufacturing,1214.74,0.8161,918.286,440.102,478.184,10.35,0.109,0,0,valid,synthetic_generator_v1
2026-01-01T10:00:00-05:00,PARK-DEMO-01,F-202,distributed_energy,Electronics manufacturing,1214.74,0.8161,896.143,488.375,407.767,9.9,0.109,0,0,valid,synthetic_generator_v1
2026-01-01T11:00:00-05:00,PARK-DEMO-01,F-202,distributed_energy,Electronics manufacturing,1214.74,0.8161,905.664,706.42,199.244,13.88,0.109,0,0,valid,synthetic_generator_v1
2026-01-01T12:00:00-05:00,PARK-DEMO-01,F-202,distributed_energy,Electronics manufacturing,1214.74,0.8161,924.542,644.392,280.15,14.51,0.109,0,0,valid,synthetic_generator_v1
2026-01-01T13:00:00-05:00,PARK-DEMO-01,F-202,distributed_energy,Electronics manufacturing,1214.74,0.8161,927.706,674.264,253.442,14.85,0.109,0,0,valid,synthetic_generator_v1
2026-01-01T14:00:00-05:00,PARK-DEMO-01,F-202,distributed_energy,Electronics manufacturing,1214.74,0.8161,898.426,536.267,362.159,13.32,0.109,0,0,valid,synthetic_generator_v1
2026-01-01T15:00:00-05:00,PARK-DEMO-01,F-202,distributed_energy,Electronics manufacturing,1214.74,0.8161,881.668,468.444,413.224,13.98,0.109,0,0,valid,synthetic_generator_v1
2026-01-01T16:00:00-05:00,PARK-DEMO-01,F-202,distributed_energy,Electronics manufacturing,1214.74,0.8161,906.257,355.763,550.494,13.15,0.165,0,0,valid,synthetic_generator_v1
2026-01-01T17:00:00-05:00,PARK-DEMO-01,F-202,distributed_energy,Electronics manufacturing,1214.74,0.8161,940.169,166.365,773.804,13.6,0.165,0,0,valid,synthetic_generator_v1
2026-01-01T18:00:00-05:00,PARK-DEMO-01,F-202,distributed_energy,Electronics manufacturing,1214.74,0.8161,875.401,0.0,875.401,9.86,0.165,0,0,valid,synthetic_generator_v1
2026-01-01T19:00:00-05:00,PARK-DEMO-01,F-202,distributed_energy,Electronics manufacturing,1214.74,0.8161,677.857,0.0,677.857,9.55,0.165,0,0,valid,synthetic_generator_v1
2026-01-01T20:00:00-05:00,PARK-DEMO-01,F-202,distributed_energy,Electronics manufacturing,1214.74,0.8161,624.374,0.0,624.374,6.32,0.165,0,0,valid,synthetic_generator_v1
2026-01-01T21:00:00-05:00,PARK-DEMO-01,F-202,distributed_energy,Electronics manufacturing,1214.74,0.8161,614.445,0.0,614.445,6.52,0.165,0,0,valid,synthetic_generator_v1
2026-01-01T22:00:00-05:00,PARK-DEMO-01,F-202,distributed_energy,Electronics manufacturing,1214.74,0.8161,655.148,0.0,655.148,4.81,0.091,0,0,valid,synthetic_generator_v1
2026-01-01T23:00:00-05:00,PARK-DEMO-01,F-202,distributed_energy,Electronics manufacturing,1214.74,0.8161,622.031,0.0,622.031,3.24,0.091,0,0,valid,synthetic_generator_v1
2026-01-02T00:00:00-05:00,PARK-DEMO-01,F-202,distributed_energy,Electronics manufacturing,1214.74,0.8161,637.785,0.0,637.785,6.22,0.091,0,0,valid,synthetic_generator_v1
2026-01-02T01:00:00-05:00,PARK-DEMO-01,F-202,distributed_energy,Electronics manufacturing,1214.74,0.8161,650.824,0.0,650.824,4.39,0.091,0,0,valid,synthetic_generator_v1
2026-01-02T02:00:00-05:00,PARK-DEMO-01,F-202,distributed_energy,Electronics manufacturing,1214.74,0.8161,629.407,0.0,629.407,1.49,0.091,0,0,valid,synthetic_generator_v1
2026-01-02T03:00:00-05:00,PARK-DEMO-01,F-202,distributed_energy,Electronics manufacturing,1214.74,0.8161,629.188,0.0,629.188,1.36,0.091,0,0,valid,synthetic_generator_v1
2026-01-02T04:00:00-05:00,PARK-DEMO-01,F-202,distributed_energy,Electronics manufacturing,1214.74,0.8161,627.512,0.0,627.512,5.22,0.091,0,0,valid,synthetic_generator_v1
2026-01-02T05:00:00-05:00,PARK-DEMO-01,F-202,distributed_energy,Electronics manufacturing,1214.74,0.8161,615.779,0.0,615.779,5.28,0.091,0,0,valid,synthetic_generator_v1
2026-01-02T06:00:00-05:00,PARK-DEMO-01,F-202,distributed_energy,Electronics manufacturing,1214.74,0.8161,624.878,0.0,624.878,4.76,0.091,0,0,valid,synthetic_generator_v1
2026-01-02T07:00:00-05:00,PARK-DEMO-01,F-202,distributed_energy,Electronics manufacturing,1214.74,0.8161,648.596,156.471,492.125,9.42,0.091,0,0,valid,synthetic_generator_v1
2026-01-02T08:00:00-05:00,PARK-DEMO-01,F-202,distributed_energy,Electronics manufacturing,1214.74,0.8161,885.534,361.311,524.223,9.19,0.109,0,0,valid,synthetic_generator_v1
2026-01-02T09:00:00-05:00,PARK-DEMO-01,F-202,distributed_energy,Electronics manufacturing,1214.74,0.8161,870.863,440.345,430.518,10.84,0.109,0,0,valid,synthetic_generator_v1
2026-01-02T10:00:00-05:00,PARK-DEMO-01,F-202,distributed_energy,Electronics manufacturing,1214.74,0.8161,979.505,505.938,473.566,12.99,0.109,0,0,valid,synthetic_generator_v1
2026-01-02T11:00:00-05:00,PARK-DEMO-01,F-202,distributed_energy,Electronics manufacturing,1214.74,0.8161,944.27,603.942,340.329,15.56,0.109,0,0,valid,synthetic_generator_v1
2026-01-02T12:00:00-05:00,PARK-DEMO-01,F-202,distributed_energy,Electronics manufacturing,1214.74,0.8161,932.209,652.817,279.392,16.28,0.109,0,0,valid,synthetic_generator_v1
2026-01-02T13:00:00-05:00,PARK-DEMO-01,F-202,distributed_energy,Electronics manufacturing,1214.74,0.8161,908.045,667.313,240.731,13.1,0.109,0,0,valid,synthetic_generator_v1
2026-01-02T14:00:00-05:00,PARK-DEMO-01,F-202,distributed_energy,Electronics manufacturing,1214.74,0.8161,942.8,638.898,303.902,15.3,0.109,0,0,valid,synthetic_generator_v1
2026-01-02T15:00:00-05:00,PARK-DEMO-01,F-202,distributed_energy,Electronics manufacturing,1214.74,0.8161,948.801,504.45,444.351,16.71,0.109,0,0,valid,synthetic_generator_v1
2026-01-02T16:00:00-05:00,PARK-DEMO-01,F-202,distributed_energy,Electronics manufacturing,1214.74,0.8161,907.594,309.318,598.276,15.07,0.165,0,0,valid,synthetic_generator_v1
2026-01-02T17:00:00-05:00,PARK-DEMO-01,F-202,distributed_energy,Electronics manufacturing,1214.74,0.8161,922.553,183.85,738.703,13.51,0.165,0,0,valid,synthetic_generator_v1
2026-01-02T18:00:00-05:00,PARK-DEMO-01,F-202,distributed_energy,Electronics manufacturing,1214.74,0.8161,948.736,0.0,948.736,13.61,0.165,0,0,valid,synthetic_generator_v1
2026-01-02T19:00:00-05:00,PARK-DEMO-01,F-202,distributed_energy,Electronics manufacturing,1214.74,0.8161,667.375,0.0,667.375,10.42,0.165,0,0,valid,synthetic_generator_v1
2026-01-02T20:00:00-05:00,PARK-DEMO-01,F-202,distributed_energy,Electronics manufacturing,1214.74,0.8161,677.562,0.0,677.562,9.1,0.165,0,0,valid,synthetic_generator_v1
2026-01-02T21:00:00-05:00,PARK-DEMO-01,F-202,distributed_energy,Electronics manufacturing,1214.74,0.8161,593.664,0.0,593.664,7.75,0.165,0,0,valid,synthetic_generator_v1
2026-01-02T22:00:00-05:00,PARK-DEMO-01,F-202,distributed_energy,Electronics manufacturing,1214.74,0.8161,659.674,0.0,659.674,4.65,0.091,0,0,valid,synthetic_generator_v1
2026-01-02T23:00:00-05:00,PARK-DEMO-01,F-202,distributed_energy,Electronics manufacturing,1214.74,0.8161,616.543,0.0,616.543,4.38,0.091,0,0,valid,synthetic_generator_v1
2026-01-03T00:00:00-05:00,PARK-DEMO-01,F-202,distributed_energy,Electronics manufacturing,1214.74,0.8161,1061.085,0.0,1061.085,2.86,0.091,1,1,anomaly,synthetic_generator_v1
2026-01-03T01:00:00-05:00,PARK-DEMO-01,F-202,distributed_energy,Electronics manufacturing,1214.74,0.8161,422.303,0.0,422.303,0.24,0.091,1,0,valid,synthetic_generator_v1
2026-01-03T02:00:00-05:00,PARK-DEMO-01,F-202,distributed_energy,Electronics manufacturing,1214.74,0.8161,402.932,0.0,402.932,0.31,0.091,1,0,valid,synthetic_generator_v1
2026-01-03T03:00:00-05:00,PARK-DEMO-01,F-202,distributed_energy,Electronics manufacturing,1214.74,0.8161,491.911,0.0,491.911,1.92,0.091,1,0,valid,synthetic_generator_v1
2026-01-03T04:00:00-05:00,PARK-DEMO-01,F-202,distributed_energy,Electronics manufacturing,1214.74,0.8161,480.365,0.0,480.365,1.24,0.091,1,0,valid,synthetic_generator_v1
2026-01-03T05:00:00-05:00,PARK-DEMO-01,F-202,distributed_energy,Electronics manufacturing,1214.74,0.8161,456.601,0.0,456.601,2.98,0.091,1,0,valid,synthetic_generator_v1
2026-01-03T06:00:00-05:00,PARK-DEMO-01,F-202,distributed_energy,Electronics manufacturing,1214.74,0.8161,442.743,0.0,442.743,5.89,0.091,1,0,valid,synthetic_generator_v1
2026-01-03T07:00:00-05:00,PARK-DEMO-01,F-202,distributed_energy,Electronics manufacturing,1214.74,0.8161,427.291,165.14,262.15,8.35,0.091,1,0,valid,synthetic_generator_v1
2026-01-03T08:00:00-05:00,PARK-DEMO-01,F-202,distributed_energy,Electronics manufacturing,1214.74,0.8161,691.559,301.238,390.322,7.48,0.109,1,0,valid,synthetic_generator_v1
2026-01-03T09:00:00-05:00,PARK-DEMO-01,F-202,distributed_energy,Electronics manufacturing,1214.74,0.8161,652.642,402.45,250.192,10.41,0.109,1,0,valid,synthetic_generator_v1
2026-01-03T10:00:00-05:00,PARK-DEMO-01,F-202,distributed_energy,Electronics manufacturing,1214.74,0.8161,681.682,605.233,76.448,11.41,0.109,1,0,valid,synthetic_generator_v1
2026-01-03T11:00:00-05:00,PARK-DEMO-01,F-202,distributed_energy,Electronics manufacturing,1214.74,0.8161,702.418,692.886,9.532,13.65,0.109,1,0,valid,synthetic_generator_v1
2026-01-03T12:00:00-05:00,PARK-DEMO-01,F-202,distributed_energy,Electronics manufacturing,1214.74,0.8161,674.584,600.063,74.521,13.54,0.109,1,0,valid,synthetic_generator_v1
2026-01-03T13:00:00-05:00,PARK-DEMO-01,F-202,distributed_energy,Electronics manufacturing,1214.74,0.8161,670.605,616.549,54.056,16.61,0.109,1,0,valid,synthetic_generator_v1
2026-01-03T14:00:00-05:00,PARK-DEMO-01,F-202,distributed_energy,Electronics manufacturing,1214.74,0.8161,599.942,628.836,0.0,15.17,0.109,1,0,valid,synthetic_generator_v1
2026-01-03T15:00:00-05:00,PARK-DEMO-01,F-202,distributed_energy,Electronics manufacturing,1214.74,0.8161,617.455,451.694,165.761,16.33,0.109,1,0,valid,synthetic_generator_v1
2026-01-03T16:00:00-05:00,PARK-DEMO-01,F-202,distributed_energy,Electronics manufacturing,1214.74,0.8161,657.326,333.339,323.987,15.06,0.091,1,0,valid,synthetic_generator_v1
2026-01-03T17:00:00-05:00,PARK-DEMO-01,F-202,distributed_energy,Electronics manufacturing,1214.74,0.8161,665.603,161.91,503.693,12.62,0.091,1,0,valid,synthetic_generator_v1
2026-01-03T18:00:00-05:00,PARK-DEMO-01,F-202,distributed_energy,Electronics manufacturing,1214.74,0.8161,701.357,0.0,701.357,12.34,0.091,1,0,valid,synthetic_generator_v1
2026-01-03T19:00:00-05:00,PARK-DEMO-01,F-202,distributed_energy,Electronics manufacturing,1214.74,0.8161,528.966,0.0,528.966,10.26,0.091,1,0,valid,synthetic_generator_v1
2026-01-03T20:00:00-05:00,PARK-DEMO-01,F-202,distributed_energy,Electronics manufacturing,1214.74,0.8161,494.696,0.0,494.696,6.77,0.091,1,0,valid,synthetic_generator_v1
2026-01-03T21:00:00-05:00,PARK-DEMO-01,F-202,distributed_energy,Electronics manufacturing,1214.74,0.8161,496.636,0.0,496.636,5.42,0.091,1,0,valid,synthetic_generator_v1
2026-01-03T22:00:00-05:00,PARK-DEMO-01,F-202,distributed_energy,Electronics manufacturing,1214.74,0.8161,496.945,0.0,496.945,3.42,0.091,1,0,valid,synthetic_generator_v1
2026-01-03T23:00:00-05:00,PARK-DEMO-01,F-202,distributed_energy,Electronics manufacturing,1214.74,0.8161,427.146,0.0,427.146,4.73,0.091,1,0,valid,synthetic_generator_v1
2026-01-04T00:00:00-05:00,PARK-DEMO-01,F-202,distributed_energy,Electronics manufacturing,1214.74,0.8161,478.305,0.0,478.305,-0.11,0.091,1,0,valid,synthetic_generator_v1
2026-01-04T01:00:00-05:00,PARK-DEMO-01,F-202,distributed_energy,Electronics manufacturing,1214.74,0.8161,443.077,0.0,443.077,1.83,0.091,1,0,valid,synthetic_generator_v1
2026-01-04T02:00:00-05:00,PARK-DEMO-01,F-202,distributed_energy,Electronics manufacturing,1214.74,0.8161,484.252,0.0,484.252,0.12,0.091,1,0,valid,synthetic_generator_v1
2026-01-04T03:00:00-05:00,PARK-DEMO-01,F-202,distributed_energy,Electronics manufacturing,1214.74,0.8161,422.435,0.0,422.435,1.47,0.091,1,0,valid,synthetic_generator_v1
2026-01-04T04:00:00-05:00,PARK-DEMO-01,F-202,distributed_energy,Electronics manufacturing,1214.74,0.8161,488.581,0.0,488.581,2.99,0.091,1,0,valid,synthetic_generator_v1
2026-01-04T05:00:00-05:00,PARK-DEMO-01,F-202,distributed_energy,Electronics manufacturing,1214.74,0.8161,411.039,0.0,411.039,3.02,0.091,1,0,valid,synthetic_generator_v1
2026-01-04T06:00:00-05:00,PARK-DEMO-01,F-202,distributed_energy,Electronics manufacturing,1214.74,0.8161,409.31,0.0,409.31,4.96,0.091,1,0,valid,synthetic_generator_v1
2026-01-04T07:00:00-05:00,PARK-DEMO-01,F-202,distributed_energy,Electronics manufacturing,1214.74,0.8161,431.143,187.866,243.277,6.26,0.091,1,0,valid,synthetic_generator_v1
2026-01-04T08:00:00-05:00,PARK-DEMO-01,F-202,distributed_energy,Electronics manufacturing,1214.74,0.8161,647.419,369.012,278.406,9.88,0.109,1,0,valid,synthetic_generator_v1
2026-01-04T09:00:00-05:00,PARK-DEMO-01,F-202,distributed_energy,Electronics manufacturing,1214.74,0.8161,667.723,454.399,213.324,11.7,0.109,1,0,valid,synthetic_generator_v1
2026-01-04T10:00:00-05:00,PARK-DEMO-01,F-202,distributed_energy,Electronics manufacturing,1214.74,0.8161,670.575,567.288,103.287,12.42,0.109,1,0,valid,synthetic_generator_v1
2026-01-04T11:00:00-05:00,PARK-DEMO-01,F-202,distributed_energy,Electronics manufacturing,1214.74,0.8161,659.836,695.858,0.0,12.04,0.109,1,0,valid,synthetic_generator_v1
2026-01-04T12:00:00-05:00,PARK-DEMO-01,F-202,distributed_energy,Electronics manufacturing,1214.74,0.8161,669.537,655.186,14.351,13.72,0.109,1,0,valid,synthetic_generator_v1
2026-01-04T13:00:00-05:00,PARK-DEMO-01,F-202,distributed_energy,Electronics manufacturing,1214.74,0.8161,625.309,603.904,21.405,14.95,0.109,1,0,valid,synthetic_generator_v1
2026-01-04T14:00:00-05:00,PARK-DEMO-01,F-202,distributed_energy,Electronics manufacturing,1214.74,0.8161,676.161,513.776,162.385,15.76,0.109,1,0,valid,synthetic_generator_v1
2026-01-04T15:00:00-05:00,PARK-DEMO-01,F-202,distributed_energy,Electronics manufacturing,1214.74,0.8161,721.374,430.065,291.309,13.3,0.109,1,0,valid,synthetic_generator_v1
2026-01-04T16:00:00-05:00,PARK-DEMO-01,F-202,distributed_energy,Electronics manufacturing,1214.74,0.8161,662.191,311.993,350.198,13.41,0.091,1,0,valid,synthetic_generator_v1
2026-01-04T17:00:00-05:00,PARK-DEMO-01,F-202,distributed_energy,Electronics manufacturing,1214.74,0.8161,645.692,190.381,455.312,13.29,0.091,1,0,valid,synthetic_generator_v1
2026-01-04T18:00:00-05:00,PARK-DEMO-01,F-202,distributed_energy,Electronics manufacturing,1214.74,0.8161,673.06,0.0,673.06,10.22,0.091,1,0,valid,synthetic_generator_v1
2026-01-04T19:00:00-05:00,PARK-DEMO-01,F-202,distributed_energy,Electronics manufacturing,1214.74,0.8161,448.7,0.0,448.7,10.85,0.091,1,0,valid,synthetic_generator_v1
2026-01-04T20:00:00-05:00,PARK-DEMO-01,F-202,distributed_energy,Electronics manufacturing,1214.74,0.8161,426.695,0.0,426.695,9.71,0.091,1,0,valid,synthetic_generator_v1
2026-01-04T21:00:00-05:00,PARK-DEMO-01,F-202,distributed_energy,Electronics manufacturing,1214.74,0.8161,413.038,0.0,413.038,5.09,0.091,1,0,valid,synthetic_generator_v1
2026-01-04T22:00:00-05:00,PARK-DEMO-01,F-202,distributed_energy,Electronics manufacturing,1214.74,0.8161,426.963,0.0,426.963,3.79,0.091,1,0,valid,synthetic_generator_v1
2026-01-04T23:00:00-05:00,PARK-DEMO-01,F-202,distributed_energy,Electronics manufacturing,1214.74,0.8161,470.029,0.0,470.029,3.01,0.091,1,0,valid,synthetic_generator_v1
2026-01-05T00:00:00-05:00,PARK-DEMO-01,F-202,distributed_energy,Electronics manufacturing,1214.74,0.8161,648.218,0.0,648.218,1.5,0.091,0,0,valid,synthetic_generator_v1
2026-01-05T01:00:00-05:00,PARK-DEMO-01,F-202,distributed_energy,Electronics manufacturing,1214.74,0.8161,600.441,0.0,600.441,-0.7,0.091,0,0,valid,synthetic_generator_v1
2026-01-05T02:00:00-05:00,PARK-DEMO-01,F-202,distributed_energy,Electronics manufacturing,1214.74,0.8161,636.114,0.0,636.114,0.55,0.091,0,0,valid,synthetic_generator_v1
2026-01-05T03:00:00-05:00,PARK-DEMO-01,F-202,distributed_energy,Electronics manufacturing,1214.74,0.8161,655.813,0.0,655.813,1.36,0.091,0,0,valid,synthetic_generator_v1
2026-01-05T04:00:00-05:00,PARK-DEMO-01,F-202,distributed_energy,Electronics manufacturing,1214.74,0.8161,647.099,0.0,647.099,1.21,0.091,0,0,valid,synthetic_generator_v1
2026-01-05T05:00:00-05:00,PARK-DEMO-01,F-202,distributed_energy,Electronics manufacturing,1214.74,0.8161,649.254,0.0,649.254,1.17,0.091,0,0,valid,synthetic_generator_v1
2026-01-05T06:00:00-05:00,PARK-DEMO-01,F-202,distributed_energy,Electronics manufacturing,1214.74,0.8161,613.393,0.0,613.393,3.59,0.091,0,0,valid,synthetic_generator_v1
2026-01-05T07:00:00-05:00,PARK-DEMO-01,F-202,distributed_energy,Electronics manufacturing,1214.74,0.8161,612.522,161.076,451.446,4.38,0.091,0,0,valid,synthetic_generator_v1
2026-01-05T08:00:00-05:00,PARK-DEMO-01,F-202,distributed_energy,Electronics manufacturing,1214.74,0.8161,936.621,337.37,599.252,4.95,0.109,0,0,valid,synthetic_generator_v1
2026-01-05T09:00:00-05:00,PARK-DEMO-01,F-202,distributed_energy,Electronics manufacturing,1214.74,0.8161,945.002,454.227,490.776,6.81,0.109,0,0,valid,synthetic_generator_v1
2026-01-05T10:00:00-05:00,PARK-DEMO-01,F-202,distributed_energy,Electronics manufacturing,1214.74,0.8161,897.133,532.028,365.106,10.16,0.109,0,0,valid,synthetic_generator_v1
2026-01-05T11:00:00-05:00,PARK-DEMO-01,F-202,distributed_energy,Electronics manufacturing,1214.74,0.8161,901.355,649.54,251.815,11.68,0.109,0,0,valid,synthetic_generator_v1
2026-01-05T12:00:00-05:00,PARK-DEMO-01,F-202,distributed_energy,Electronics manufacturing,1214.74,0.8161,877.132,689.849,187.283,12.82,0.109,0,0,valid,synthetic_generator_v1
2026-01-05T13:00:00-05:00,PARK-DEMO-01,F-202,distributed_energy,Electronics manufacturing,1214.74,0.8161,940.608,592.488,348.12,13.23,0.109,0,0,valid,synthetic_generator_v1
2026-01-05T14:00:00-05:00,PARK-DEMO-01,F-202,distributed_energy,Electronics manufacturing,1214.74,0.8161,953.432,522.261,431.171,13.92,0.109,0,0,valid,synthetic_generator_v1
2026-01-05T15:00:00-05:00,PARK-DEMO-01,F-202,distributed_energy,Electronics manufacturing,1214.74,0.8161,940.328,408.925,531.403,14.87,0.109,0,0,valid,synthetic_generator_v1
2026-01-05T16:00:00-05:00,PARK-DEMO-01,F-202,distributed_energy,Electronics manufacturing,1214.74,0.8161,933.943,312.594,621.349,13.57,0.165,0,0,valid,synthetic_generator_v1
2026-01-05T17:00:00-05:00,PARK-DEMO-01,F-202,distributed_energy,Electronics manufacturing,1214.74,0.8161,931.249,157.817,773.432,10.86,0.165,0,0,valid,synthetic_generator_v1
2026-01-05T18:00:00-05:00,PARK-DEMO-01,F-202,distributed_energy,Electronics manufacturing,1214.74,0.8161,858.989,0.0,858.989,10.95,0.165,0,0,valid,synthetic_generator_v1
2026-01-05T19:00:00-05:00,PARK-DEMO-01,F-202,distributed_energy,Electronics manufacturing,1214.74,0.8161,106.083,0.0,106.083,11.0,0.165,0,1,anomaly,synthetic_generator_v1
2026-01-05T20:00:00-05:00,PARK-DEMO-01,F-202,distributed_energy,Electronics manufacturing,1214.74,0.8161,611.935,0.0,611.935,9.14,0.165,0,0,valid,synthetic_generator_v1
2026-01-05T21:00:00-05:00,PARK-DEMO-01,F-202,distributed_energy,Electronics manufacturing,1214.74,0.8161,649.906,0.0,649.906,4.74,0.165,0,0,valid,synthetic_generator_v1
2026-01-05T22:00:00-05:00,PARK-DEMO-01,F-202,distributed_energy,Electronics manufacturing,1214.74,0.8161,575.475,0.0,575.475,4.24,0.091,0,0,valid,synthetic_generator_v1
2026-01-05T23:00:00-05:00,PARK-DEMO-01,F-202,distributed_energy,Electronics manufacturing,1214.74,0.8161,617.365,0.0,617.365,1.99,0.091,0,0,valid,synthetic_generator_v1
2026-01-06T00:00:00-05:00,PARK-DEMO-01,F-202,distributed_energy,Electronics manufacturing,1214.74,0.8161,658.482,0.0,658.482,0.12,0.091,0,0,valid,synthetic_generator_v1
2026-01-06T01:00:00-05:00,PARK-DEMO-01,F-202,distributed_energy,Electronics manufacturing,1214.74,0.8161,624.677,0.0,624.677,-0.75,0.091,0,0,valid,synthetic_generator_v1
2026-01-06T02:00:00-05:00,PARK-DEMO-01,F-202,distributed_energy,Electronics manufacturing,1214.74,0.8161,611.302,0.0,611.302,-1.54,0.091,0,0,valid,synthetic_generator_v1
2026-01-06T03:00:00-05:00,PARK-DEMO-01,F-202,distributed_energy,Electronics manufacturing,1214.74,0.8161,604.891,0.0,604.891,-1.45,0.091,0,0,valid,synthetic_generator_v1
2026-01-06T04:00:00-05:00,PARK-DEMO-01,F-202,distributed_energy,Electronics manufacturing,1214.74,0.8161,618.382,0.0,618.382,1.63,0.091,0,0,valid,synthetic_generator_v1
2026-01-06T05:00:00-05:00,PARK-DEMO-01,F-202,distributed_energy,Electronics manufacturing,1214.74,0.8161,621.181,0.0,621.181,0.8,0.091,0,0,valid,synthetic_generator_v1
2026-01-06T06:00:00-05:00,PARK-DEMO-01,F-202,distributed_energy,Electronics manufacturing,1214.74,0.8161,634.985,0.0,634.985,3.35,0.091,0,0,valid,synthetic_generator_v1
2026-01-06T07:00:00-05:00,PARK-DEMO-01,F-202,distributed_energy,Electronics manufacturing,1214.74,0.8161,694.749,188.608,506.141,2.85,0.091,0,0,valid,synthetic_generator_v1
2026-01-06T08:00:00-05:00,PARK-DEMO-01,F-202,distributed_energy,Electronics manufacturing,1214.74,0.8161,926.311,355.935,570.376,7.54,0.109,0,0,valid,synthetic_generator_v1
2026-01-06T09:00:00-05:00,PARK-DEMO-01,F-202,distributed_energy,Electronics manufacturing,1214.74,0.8161,912.205,472.713,439.492,7.25,0.109,0,0,valid,synthetic_generator_v1
2026-01-06T10:00:00-05:00,PARK-DEMO-01,F-202,distributed_energy,Electronics manufacturing,1214.74,0.8161,975.332,529.02,446.312,9.68,0.109,0,0,valid,synthetic_generator_v1
2026-01-06T11:00:00-05:00,PARK-DEMO-01,F-202,distributed_energy,Electronics manufacturing,1214.74,0.8161,1003.114,560.636,442.479,10.66,0.109,0,0,valid,synthetic_generator_v1
2026-01-06T12:00:00-05:00,PARK-DEMO-01,F-202,distributed_energy,Electronics manufacturing,1214.74,0.8161,894.317,672.484,221.833,12.6,0.109,0,0,valid,synthetic_generator_v1
2026-01-06T13:00:00-05:00,PARK-DEMO-01,F-202,distributed_energy,Electronics manufacturing,1214.74,0.8161,859.0,560.275,298.724,12.7,0.109,0,0,valid,synthetic_generator_v1
2026-01-06T14:00:00-05:00,PARK-DEMO-01,F-202,distributed_energy,Electronics manufacturing,1214.74,0.8161,929.843,636.681,293.161,12.33,0.109,0,0,valid,synthetic_generator_v1
2026-01-06T15:00:00-05:00,PARK-DEMO-01,F-202,distributed_energy,Electronics manufacturing,1214.74,0.8161,968.84,473.627,495.213,11.17,0.109,0,0,valid,synthetic_generator_v1
2026-01-06T16:00:00-05:00,PARK-DEMO-01,F-202,distributed_energy,Electronics manufacturing,1214.74,0.8161,969.512,317.265,652.247,12.39,0.165,0,0,valid,synthetic_generator_v1
2026-01-06T17:00:00-05:00,PARK-DEMO-01,F-202,distributed_energy,Electronics manufacturing,1214.74,0.8161,885.43,158.579,726.851,10.8,0.165,0,0,valid,synthetic_generator_v1
2026-01-06T18:00:00-05:00,PARK-DEMO-01,F-202,distributed_energy,Electronics manufacturing,1214.74,0.8161,930.059,0.0,930.059,7.79,0.165,0,0,valid,synthetic_generator_v1
2026-01-06T19:00:00-05:00,PARK-DEMO-01,F-202,distributed_energy,Electronics manufacturing,1214.74,0.8161,637.028,0.0,637.028,6.07,0.165,0,0,valid,synthetic_generator_v1
2026-01-06T20:00:00-05:00,PARK-DEMO-01,F-202,distributed_energy,Electronics manufacturing,1214.74,0.8161,666.385,0.0,666.385,6.21,0.165,0,0,valid,synthetic_generator_v1
2026-01-06T21:00:00-05:00,PARK-DEMO-01,F-202,distributed_energy,Electronics manufacturing,1214.74,0.8161,614.841,0.0,614.841,2.84,0.165,0,0,valid,synthetic_generator_v1
2026-01-06T22:00:00-05:00,PARK-DEMO-01,F-202,distributed_energy,Electronics manufacturing,1214.74,0.8161,583.594,0.0,583.594,0.87,0.091,0,0,valid,synthetic_generator_v1
2026-01-06T23:00:00-05:00,PARK-DEMO-01,F-202,distributed_energy,Electronics manufacturing,1214.74,0.8161,577.813,0.0,577.813,1.63,0.091,0,0,valid,synthetic_generator_v1
2026-01-07T00:00:00-05:00,PARK-DEMO-01,F-202,distributed_energy,Electronics manufacturing,1214.74,0.8161,638.229,0.0,638.229,-1.73,0.091,0,0,valid,synthetic_generator_v1
2026-01-07T01:00:00-05:00,PARK-DEMO-01,F-202,distributed_energy,Electronics manufacturing,1214.74,0.8161,620.976,0.0,620.976,-3.49,0.091,0,0,valid,synthetic_generator_v1
2026-01-07T02:00:00-05:00,PARK-DEMO-01,F-202,distributed_energy,Electronics manufacturing,1214.74,0.8161,595.452,0.0,595.452,-3.82,0.091,0,0,valid,synthetic_generator_v1
2026-01-07T03:00:00-05:00,PARK-DEMO-01,F-202,distributed_energy,Electronics manufacturing,1214.74,0.8161,703.898,0.0,703.898,-0.04,0.091,0,0,valid,synthetic_generator_v1
2026-01-07T04:00:00-05:00,PARK-DEMO-01,F-202,distributed_energy,Electronics manufacturing,1214.74,0.8161,620.568,0.0,620.568,-3.65,0.091,0,0,valid,synthetic_generator_v1
2026-01-07T05:00:00-05:00,PARK-DEMO-01,F-202,distributed_energy,Electronics manufacturing,1214.74,0.8161,640.546,0.0,640.546,0.41,0.091,0,0,valid,synthetic_generator_v1
2026-01-07T06:00:00-05:00,PARK-DEMO-01,F-202,distributed_energy,Electronics manufacturing,1214.74,0.8161,649.004,0.0,649.004,0.28,0.091,0,0,valid,synthetic_generator_v1
2026-01-07T07:00:00-05:00,PARK-DEMO-01,F-202,distributed_energy,Electronics manufacturing,1214.74,0.8161,583.767,156.166,427.601,4.23,0.091,0,0,valid,synthetic_generator_v1
2026-01-07T08:00:00-05:00,PARK-DEMO-01,F-202,distributed_energy,Electronics manufacturing,1214.74,0.8161,941.735,353.059,588.676,3.83,0.109,0,0,valid,synthetic_generator_v1
2026-01-07T09:00:00-05:00,PARK-DEMO-01,F-202,distributed_energy,Electronics manufacturing,1214.74,0.8161,924.654,459.305,465.349,7.39,0.109,0,0,valid,synthetic_generator_v1
2026-01-07T10:00:00-05:00,PARK-DEMO-01,F-202,distributed_energy,Electronics manufacturing,1214.74,0.8161,964.398,587.353,377.045,8.68,0.109,0,0,valid,synthetic_generator_v1
2026-01-07T11:00:00-05:00,PARK-DEMO-01,F-202,distributed_energy,Electronics manufacturing,1214.74,0.8161,940.103,690.754,249.349,9.04,0.109,0,0,valid,synthetic_generator_v1
2026-01-07T12:00:00-05:00,PARK-DEMO-01,F-202,distributed_energy,Electronics manufacturing,1214.74,0.8161,856.571,698.438,158.132,12.73,0.109,0,0,valid,synthetic_generator_v1
2026-01-07T13:00:00-05:00,PARK-DEMO-01,F-202,distributed_energy,Electronics manufacturing,1214.74,0.8161,992.629,589.397,403.232,10.99,0.109,0,0,valid,synthetic_generator_v1
2026-01-07T14:00:00-05:00,PARK-DEMO-01,F-202,distributed_energy,Electronics manufacturing,1214.74,0.8161,855.546,635.222,220.323,12.13,0.109,0,0,valid,synthetic_generator_v1
2026-01-07T15:00:00-05:00,PARK-DEMO-01,F-202,distributed_energy,Electronics manufacturing,1214.74,0.8161,892.231,503.311,388.92,11.1,0.109,0,0,valid,synthetic_generator_v1
2026-01-07T16:00:00-05:00,PARK-DEMO-01,F-202,distributed_energy,Electronics manufacturing,1214.74,0.8161,903.911,317.188,586.723,11.78,0.165,0,0,valid,synthetic_generator_v1
2026-01-07T17:00:00-05:00,PARK-DEMO-01,F-202,distributed_energy,Electronics manufacturing,1214.74,0.8161,885.496,153.383,732.112,8.85,0.165,0,0,valid,synthetic_generator_v1
2026-01-07T18:00:00-05:00,PARK-DEMO-01,F-202,distributed_energy,Electronics manufacturing,1214.74,0.8161,924.99,0.0,924.99,6.72,0.165,0,0,valid,synthetic_generator_v1
2026-01-07T19:00:00-05:00,PARK-DEMO-01,F-202,distributed_energy,Electronics manufacturing,1214.74,0.8161,637.45,0.0,637.45,6.11,0.165,0,0,valid,synthetic_generator_v1
2026-01-07T20:00:00-05:00,PARK-DEMO-01,F-202,distributed_energy,Electronics manufacturing,1214.74,0.8161,652.423,0.0,652.423,5.99,0.165,0,0,valid,synthetic_generator_v1
2026-01-07T21:00:00-05:00,PARK-DEMO-01,F-202,distributed_energy,Electronics manufacturing,1214.74,0.8161,585.454,0.0,585.454,2.86,0.165,0,0,valid,synthetic_generator_v1
2026-01-07T22:00:00-05:00,PARK-DEMO-01,F-202,distributed_energy,Electronics manufacturing,1214.74,0.8161,641.944,0.0,641.944,0.25,0.091,0,0,valid,synthetic_generator_v1
2026-01-07T23:00:00-05:00,PARK-DEMO-01,F-202,distributed_energy,Electronics manufacturing,1214.74,0.8161,595.881,0.0,595.881,0.49,0.091,0,0,valid,synthetic_generator_v1
2026-01-01T00:00:00-05:00,PARK-DEMO-01,F-203,distributed_energy,Electronics manufacturing,1052.47,0.8285,521.758,0.0,521.758,1.82,0.091,0,0,valid,synthetic_generator_v1
2026-01-01T01:00:00-05:00,PARK-DEMO-01,F-203,distributed_energy,Electronics manufacturing,1052.47,0.8285,550.599,0.0,550.599,2.49,0.091,0,0,valid,synthetic_generator_v1
2026-01-01T02:00:00-05:00,PARK-DEMO-01,F-203,distributed_energy,Electronics manufacturing,1052.47,0.8285,532.12,0.0,532.12,0.81,0.091,0,0,valid,synthetic_generator_v1
2026-01-01T03:00:00-05:00,PARK-DEMO-01,F-203,distributed_energy,Electronics manufacturing,1052.47,0.8285,553.358,0.0,553.358,2.81,0.091,0,0,valid,synthetic_generator_v1
2026-01-01T04:00:00-05:00,PARK-DEMO-01,F-203,distributed_energy,Electronics manufacturing,1052.47,0.8285,547.4,0.0,547.4,4.18,0.091,0,0,valid,synthetic_generator_v1
2026-01-01T05:00:00-05:00,PARK-DEMO-01,F-203,distributed_energy,Electronics manufacturing,1052.47,0.8285,532.027,0.0,532.027,4.39,0.091,0,0,valid,synthetic_generator_v1
2026-01-01T06:00:00-05:00,PARK-DEMO-01,F-203,distributed_energy,Electronics manufacturing,1052.47,0.8285,499.664,0.0,499.664,5.11,0.091,0,0,valid,synthetic_generator_v1
2026-01-01T07:00:00-05:00,PARK-DEMO-01,F-203,distributed_energy,Electronics manufacturing,1052.47,0.8285,521.939,182.838,339.101,5.21,0.091,0,0,valid,synthetic_generator_v1
2026-01-01T08:00:00-05:00,PARK-DEMO-01,F-203,distributed_energy,Electronics manufacturing,1052.47,0.8285,753.979,295.511,458.469,8.41,0.109,0,0,valid,synthetic_generator_v1
2026-01-01T09:00:00-05:00,PARK-DEMO-01,F-203,distributed_energy,Electronics manufacturing,1052.47,0.8285,769.596,513.476,256.119,10.7,0.109,0,0,valid,synthetic_generator_v1
2026-01-01T10:00:00-05:00,PARK-DEMO-01,F-203,distributed_energy,Electronics manufacturing,1052.47,0.8285,770.577,567.221,203.355,11.65,0.109,0,0,valid,synthetic_generator_v1
2026-01-01T11:00:00-05:00,PARK-DEMO-01,F-203,distributed_energy,Electronics manufacturing,1052.47,0.8285,791.259,692.332,98.927,12.94,0.109,0,0,valid,synthetic_generator_v1
2026-01-01T12:00:00-05:00,PARK-DEMO-01,F-203,distributed_energy,Electronics manufacturing,1052.47,0.8285,787.074,658.304,128.77,14.06,0.109,0,0,valid,synthetic_generator_v1
2026-01-01T13:00:00-05:00,PARK-DEMO-01,F-203,distributed_energy,Electronics manufacturing,1052.47,0.8285,820.033,588.605,231.428,15.01,0.109,0,0,valid,synthetic_generator_v1
2026-01-01T14:00:00-05:00,PARK-DEMO-01,F-203,distributed_energy,Electronics manufacturing,1052.47,0.8285,810.117,552.57,257.547,14.53,0.109,0,0,valid,synthetic_generator_v1
2026-01-01T15:00:00-05:00,PARK-DEMO-01,F-203,distributed_energy,Electronics manufacturing,1052.47,0.8285,819.296,458.541,360.755,14.47,0.109,0,0,valid,synthetic_generator_v1
2026-01-01T16:00:00-05:00,PARK-DEMO-01,F-203,distributed_energy,Electronics manufacturing,1052.47,0.8285,799.893,288.228,511.665,14.12,0.165,0,0,valid,synthetic_generator_v1
2026-01-01T17:00:00-05:00,PARK-DEMO-01,F-203,distributed_energy,Electronics manufacturing,1052.47,0.8285,797.909,158.874,639.035,12.37,0.165,0,0,valid,synthetic_generator_v1
2026-01-01T18:00:00-05:00,PARK-DEMO-01,F-203,distributed_energy,Electronics manufacturing,1052.47,0.8285,789.301,0.0,789.301,11.59,0.165,0,0,valid,synthetic_generator_v1
2026-01-01T19:00:00-05:00,PARK-DEMO-01,F-203,distributed_energy,Electronics manufacturing,1052.47,0.8285,537.049,0.0,537.049,9.8,0.165,0,0,valid,synthetic_generator_v1
2026-01-01T20:00:00-05:00,PARK-DEMO-01,F-203,distributed_energy,Electronics manufacturing,1052.47,0.8285,460.427,0.0,460.427,7.19,0.165,0,0,valid,synthetic_generator_v1
2026-01-01T21:00:00-05:00,PARK-DEMO-01,F-203,distributed_energy,Electronics manufacturing,1052.47,0.8285,576.673,0.0,576.673,5.75,0.165,0,0,valid,synthetic_generator_v1
2026-01-01T22:00:00-05:00,PARK-DEMO-01,F-203,distributed_energy,Electronics manufacturing,1052.47,0.8285,574.127,0.0,574.127,4.23,0.091,0,0,valid,synthetic_generator_v1
2026-01-01T23:00:00-05:00,PARK-DEMO-01,F-203,distributed_energy,Electronics manufacturing,1052.47,0.8285,528.267,0.0,528.267,1.17,0.091,0,0,valid,synthetic_generator_v1
2026-01-02T00:00:00-05:00,PARK-DEMO-01,F-203,distributed_energy,Electronics manufacturing,1052.47,0.8285,518.507,0.0,518.507,2.91,0.091,0,0,valid,synthetic_generator_v1
2026-01-02T01:00:00-05:00,PARK-DEMO-01,F-203,distributed_energy,Electronics manufacturing,1052.47,0.8285,559.623,0.0,559.623,0.02,0.091,0,0,valid,synthetic_generator_v1
2026-01-02T02:00:00-05:00,PARK-DEMO-01,F-203,distributed_energy,Electronics manufacturing,1052.47,0.8285,560.079,0.0,560.079,1.64,0.091,0,0,valid,synthetic_generator_v1
2026-01-02T03:00:00-05:00,PARK-DEMO-01,F-203,distributed_energy,Electronics manufacturing,1052.47,0.8285,531.435,0.0,531.435,4.36,0.091,0,0,valid,synthetic_generator_v1
2026-01-02T04:00:00-05:00,PARK-DEMO-01,F-203,distributed_energy,Electronics manufacturing,1052.47,0.8285,588.324,0.0,588.324,4.37,0.091,0,0,valid,synthetic_generator_v1
2026-01-02T05:00:00-05:00,PARK-DEMO-01,F-203,distributed_energy,Electronics manufacturing,1052.47,0.8285,522.338,0.0,522.338,4.62,0.091,0,0,valid,synthetic_generator_v1
2026-01-02T06:00:00-05:00,PARK-DEMO-01,F-203,distributed_energy,Electronics manufacturing,1052.47,0.8285,577.642,0.0,577.642,4.67,0.091,0,0,valid,synthetic_generator_v1
2026-01-02T07:00:00-05:00,PARK-DEMO-01,F-203,distributed_energy,Electronics manufacturing,1052.47,0.8285,522.25,149.202,373.048,6.21,0.091,0,0,valid,synthetic_generator_v1
2026-01-02T08:00:00-05:00,PARK-DEMO-01,F-203,distributed_energy,Electronics manufacturing,1052.47,0.8285,816.114,283.135,532.979,9.33,0.109,0,0,valid,synthetic_generator_v1
2026-01-02T09:00:00-05:00,PARK-DEMO-01,F-203,distributed_energy,Electronics manufacturing,1052.47,0.8285,786.092,508.943,277.149,10.35,0.109,0,0,valid,synthetic_generator_v1
2026-01-02T10:00:00-05:00,PARK-DEMO-01,F-203,distributed_energy,Electronics manufacturing,1052.47,0.8285,803.705,527.817,275.888,11.48,0.109,0,0,valid,synthetic_generator_v1
2026-01-02T11:00:00-05:00,PARK-DEMO-01,F-203,distributed_energy,Electronics manufacturing,1052.47,0.8285,835.989,678.006,157.984,13.12,0.109,0,0,valid,synthetic_generator_v1
2026-01-02T12:00:00-05:00,PARK-DEMO-01,F-203,distributed_energy,Electronics manufacturing,1052.47,0.8285,788.209,718.933,69.276,15.33,0.109,0,0,valid,synthetic_generator_v1
2026-01-02T13:00:00-05:00,PARK-DEMO-01,F-203,distributed_energy,Electronics manufacturing,1052.47,0.8285,780.88,687.524,93.356,16.01,0.109,0,0,valid,synthetic_generator_v1
2026-01-02T14:00:00-05:00,PARK-DEMO-01,F-203,distributed_energy,Electronics manufacturing,1052.47,0.8285,855.101,528.988,326.113,16.02,0.109,0,0,valid,synthetic_generator_v1
2026-01-02T15:00:00-05:00,PARK-DEMO-01,F-203,distributed_energy,Electronics manufacturing,1052.47,0.8285,838.228,499.773,338.455,15.19,0.109,0,0,valid,synthetic_generator_v1
2026-01-02T16:00:00-05:00,PARK-DEMO-01,F-203,distributed_energy,Electronics manufacturing,1052.47,0.8285,775.284,329.311,445.973,14.14,0.165,0,0,valid,synthetic_generator_v1
2026-01-02T17:00:00-05:00,PARK-DEMO-01,F-203,distributed_energy,Electronics manufacturing,1052.47,0.8285,807.025,167.43,639.595,15.11,0.165,0,0,valid,synthetic_generator_v1
2026-01-02T18:00:00-05:00,PARK-DEMO-01,F-203,distributed_energy,Electronics manufacturing,1052.47,0.8285,750.729,0.0,750.729,13.04,0.165,0,0,valid,synthetic_generator_v1
2026-01-02T19:00:00-05:00,PARK-DEMO-01,F-203,distributed_energy,Electronics manufacturing,1052.47,0.8285,510.417,0.0,510.417,9.35,0.165,0,0,valid,synthetic_generator_v1
2026-01-02T20:00:00-05:00,PARK-DEMO-01,F-203,distributed_energy,Electronics manufacturing,1052.47,0.8285,561.395,0.0,561.395,10.18,0.165,0,0,valid,synthetic_generator_v1
2026-01-02T21:00:00-05:00,PARK-DEMO-01,F-203,distributed_energy,Electronics manufacturing,1052.47,0.8285,519.106,0.0,519.106,6.03,0.165,0,0,valid,synthetic_generator_v1
2026-01-02T22:00:00-05:00,PARK-DEMO-01,F-203,distributed_energy,Electronics manufacturing,1052.47,0.8285,552.944,0.0,552.944,5.89,0.091,0,0,valid,synthetic_generator_v1
2026-01-02T23:00:00-05:00,PARK-DEMO-01,F-203,distributed_energy,Electronics manufacturing,1052.47,0.8285,544.9,0.0,544.9,5.4,0.091,0,0,valid,synthetic_generator_v1
2026-01-03T00:00:00-05:00,PARK-DEMO-01,F-203,distributed_energy,Electronics manufacturing,1052.47,0.8285,402.821,0.0,402.821,2.81,0.091,1,0,valid,synthetic_generator_v1
2026-01-03T01:00:00-05:00,PARK-DEMO-01,F-203,distributed_energy,Electronics manufacturing,1052.47,0.8285,457.113,0.0,457.113,1.27,0.091,1,0,valid,synthetic_generator_v1
2026-01-03T02:00:00-05:00,PARK-DEMO-01,F-203,distributed_energy,Electronics manufacturing,1052.47,0.8285,359.457,0.0,359.457,2.59,0.091,1,0,valid,synthetic_generator_v1
2026-01-03T03:00:00-05:00,PARK-DEMO-01,F-203,distributed_energy,Electronics manufacturing,1052.47,0.8285,339.58,0.0,339.58,2.48,0.091,1,0,valid,synthetic_generator_v1
2026-01-03T04:00:00-05:00,PARK-DEMO-01,F-203,distributed_energy,Electronics manufacturing,1052.47,0.8285,328.649,0.0,328.649,1.87,0.091,1,0,valid,synthetic_generator_v1
2026-01-03T05:00:00-05:00,PARK-DEMO-01,F-203,distributed_energy,Electronics manufacturing,1052.47,0.8285,382.77,0.0,382.77,5.62,0.091,1,0,valid,synthetic_generator_v1
2026-01-03T06:00:00-05:00,PARK-DEMO-01,F-203,distributed_energy,Electronics manufacturing,1052.47,0.8285,380.075,0.0,380.075,6.75,0.091,1,0,valid,synthetic_generator_v1
2026-01-03T07:00:00-05:00,PARK-DEMO-01,F-203,distributed_energy,Electronics manufacturing,1052.47,0.8285,220.341,183.834,36.507,7.76,0.091,1,1,anomaly,synthetic_generator_v1
2026-01-03T08:00:00-05:00,PARK-DEMO-01,F-203,distributed_energy,Electronics manufacturing,1052.47,0.8285,608.983,352.29,256.693,10.56,0.109,1,0,valid,synthetic_generator_v1
2026-01-03T09:00:00-05:00,PARK-DEMO-01,F-203,distributed_energy,Electronics manufacturing,1052.47,0.8285,621.903,468.254,153.649,10.25,0.109,1,0,valid,synthetic_generator_v1
2026-01-03T10:00:00-05:00,PARK-DEMO-01,F-203,distributed_energy,Electronics manufacturing,1052.47,0.8285,549.643,573.512,0.0,10.97,0.109,1,0,valid,synthetic_generator_v1
2026-01-03T11:00:00-05:00,PARK-DEMO-01,F-203,distributed_energy,Electronics manufacturing,1052.47,0.8285,550.298,703.45,0.0,16.19,0.109,1,0,valid,synthetic_generator_v1
2026-01-03T12:00:00-05:00,PARK-DEMO-01,F-203,distributed_energy,Electronics manufacturing,1052.47,0.8285,541.154,648.488,0.0,15.81,0.109,1,0,valid,synthetic_generator_v1
2026-01-03T13:00:00-05:00,PARK-DEMO-01,F-203,distributed_energy,Electronics manufacturing,1052.47,0.8285,577.571,548.848,28.723,16.38,0.109,1,0,valid,synthetic_generator_v1
2026-01-03T14:00:00-05:00,PARK-DEMO-01,F-203,distributed_energy,Electronics manufacturing,1052.47,0.8285,572.158,507.512,64.646,16.67,0.109,1,0,valid,synthetic_generator_v1
2026-01-03T15:00:00-05:00,PARK-DEMO-01,F-203,distributed_energy,Electronics manufacturing,1052.47,0.8285,538.417,518.661,19.756,14.65,0.109,1,0,valid,synthetic_generator_v1
2026-01-03T16:00:00-05:00,PARK-DEMO-01,F-203,distributed_energy,Electronics manufacturing,1052.47,0.8285,577.915,356.264,221.651,14.93,0.091,1,0,valid,synthetic_generator_v1
2026-01-03T17:00:00-05:00,PARK-DEMO-01,F-203,distributed_energy,Electronics manufacturing,1052.47,0.8285,562.819,148.313,414.506,15.61,0.091,1,0,valid,synthetic_generator_v1
2026-01-03T18:00:00-05:00,PARK-DEMO-01,F-203,distributed_energy,Electronics manufacturing,1052.47,0.8285,546.481,0.0,546.481,10.2,0.091,1,0,valid,synthetic_generator_v1
2026-01-03T19:00:00-05:00,PARK-DEMO-01,F-203,distributed_energy,Electronics manufacturing,1052.47,0.8285,438.034,0.0,438.034,12.05,0.091,1,0,valid,synthetic_generator_v1
2026-01-03T20:00:00-05:00,PARK-DEMO-01,F-203,distributed_energy,Electronics manufacturing,1052.47,0.8285,376.224,0.0,376.224,10.25,0.091,1,0,valid,synthetic_generator_v1
2026-01-03T21:00:00-05:00,PARK-DEMO-01,F-203,distributed_energy,Electronics manufacturing,1052.47,0.8285,365.832,0.0,365.832,6.52,0.091,1,0,valid,synthetic_generator_v1
2026-01-03T22:00:00-05:00,PARK-DEMO-01,F-203,distributed_energy,Electronics manufacturing,1052.47,0.8285,351.084,0.0,351.084,5.18,0.091,1,0,valid,synthetic_generator_v1
2026-01-03T23:00:00-05:00,PARK-DEMO-01,F-203,distributed_energy,Electronics manufacturing,1052.47,0.8285,403.115,0.0,403.115,6.17,0.091,1,0,valid,synthetic_generator_v1
2026-01-04T00:00:00-05:00,PARK-DEMO-01,F-203,distributed_energy,Electronics manufacturing,1052.47,0.8285,379.256,0.0,379.256,1.83,0.091,1,0,valid,synthetic_generator_v1
2026-01-04T01:00:00-05:00,PARK-DEMO-01,F-203,distributed_energy,Electronics manufacturing,1052.47,0.8285,416.01,0.0,416.01,-1.63,0.091,1,0,valid,synthetic_generator_v1
2026-01-04T02:00:00-05:00,PARK-DEMO-01,F-203,distributed_energy,Electronics manufacturing,1052.47,0.8285,368.76,0.0,368.76,3.21,0.091,1,0,valid,synthetic_generator_v1
2026-01-04T03:00:00-05:00,PARK-DEMO-01,F-203,distributed_energy,Electronics manufacturing,1052.47,0.8285,377.269,0.0,377.269,1.91,0.091,1,0,valid,synthetic_generator_v1
2026-01-04T04:00:00-05:00,PARK-DEMO-01,F-203,distributed_energy,Electronics manufacturing,1052.47,0.8285,393.414,0.0,393.414,3.65,0.091,1,0,valid,synthetic_generator_v1
2026-01-04T05:00:00-05:00,PARK-DEMO-01,F-203,distributed_energy,Electronics manufacturing,1052.47,0.8285,443.501,0.0,443.501,2.43,0.091,1,0,valid,synthetic_generator_v1
2026-01-04T06:00:00-05:00,PARK-DEMO-01,F-203,distributed_energy,Electronics manufacturing,1052.47,0.8285,368.503,0.0,368.503,5.99,0.091,1,0,valid,synthetic_generator_v1
2026-01-04T07:00:00-05:00,PARK-DEMO-01,F-203,distributed_energy,Electronics manufacturing,1052.47,0.8285,399.19,163.086,236.104,6.36,0.091,1,0,valid,synthetic_generator_v1
2026-01-04T08:00:00-05:00,PARK-DEMO-01,F-203,distributed_energy,Electronics manufacturing,1052.47,0.8285,581.771,304.846,276.925,5.32,0.109,1,0,valid,synthetic_generator_v1
2026-01-04T09:00:00-05:00,PARK-DEMO-01,F-203,distributed_energy,Electronics manufacturing,1052.47,0.8285,579.26,398.914,180.346,10.43,0.109,1,0,valid,synthetic_generator_v1
2026-01-04T10:00:00-05:00,PARK-DEMO-01,F-203,distributed_energy,Electronics manufacturing,1052.47,0.8285,554.634,583.207,0.0,12.41,0.109,1,0,valid,synthetic_generator_v1
2026-01-04T11:00:00-05:00,PARK-DEMO-01,F-203,distributed_energy,Electronics manufacturing,1052.47,0.8285,574.703,576.784,0.0,12.27,0.109,1,0,valid,synthetic_generator_v1
2026-01-04T12:00:00-05:00,PARK-DEMO-01,F-203,distributed_energy,Electronics manufacturing,1052.47,0.8285,557.747,618.828,0.0,13.12,0.109,1,0,valid,synthetic_generator_v1
2026-01-04T13:00:00-05:00,PARK-DEMO-01,F-203,distributed_energy,Electronics manufacturing,1052.47,0.8285,516.224,643.964,0.0,15.62,0.109,1,0,valid,synthetic_generator_v1
2026-01-04T14:00:00-05:00,PARK-DEMO-01,F-203,distributed_energy,Electronics manufacturing,1052.47,0.8285,603.497,534.103,69.394,17.01,0.109,1,0,valid,synthetic_generator_v1
2026-01-04T15:00:00-05:00,PARK-DEMO-01,F-203,distributed_energy,Electronics manufacturing,1052.47,0.8285,556.858,509.596,47.262,15.12,0.109,1,0,valid,synthetic_generator_v1
2026-01-04T16:00:00-05:00,PARK-DEMO-01,F-203,distributed_energy,Electronics manufacturing,1052.47,0.8285,606.63,315.958,290.672,11.79,0.091,1,0,valid,synthetic_generator_v1
2026-01-04T17:00:00-05:00,PARK-DEMO-01,F-203,distributed_energy,Electronics manufacturing,1052.47,0.8285,582.776,184.875,397.901,12.45,0.091,1,0,valid,synthetic_generator_v1
2026-01-04T18:00:00-05:00,PARK-DEMO-01,F-203,distributed_energy,Electronics manufacturing,1052.47,0.8285,587.796,0.0,587.796,12.16,0.091,1,0,valid,synthetic_generator_v1
2026-01-04T19:00:00-05:00,PARK-DEMO-01,F-203,distributed_energy,Electronics manufacturing,1052.47,0.8285,345.31,0.0,345.31,10.09,0.091,1,0,valid,synthetic_generator_v1
2026-01-04T20:00:00-05:00,PARK-DEMO-01,F-203,distributed_energy,Electronics manufacturing,1052.47,0.8285,379.745,0.0,379.745,9.19,0.091,1,0,valid,synthetic_generator_v1
2026-01-04T21:00:00-05:00,PARK-DEMO-01,F-203,distributed_energy,Electronics manufacturing,1052.47,0.8285,401.671,0.0,401.671,6.79,0.091,1,0,valid,synthetic_generator_v1
2026-01-04T22:00:00-05:00,PARK-DEMO-01,F-203,distributed_energy,Electronics manufacturing,1052.47,0.8285,421.35,0.0,421.35,2.05,0.091,1,0,valid,synthetic_generator_v1
2026-01-04T23:00:00-05:00,PARK-DEMO-01,F-203,distributed_energy,Electronics manufacturing,1052.47,0.8285,414.081,0.0,414.081,3.06,0.091,1,0,valid,synthetic_generator_v1
2026-01-05T00:00:00-05:00,PARK-DEMO-01,F-203,distributed_energy,Electronics manufacturing,1052.47,0.8285,598.893,0.0,598.893,-0.43,0.091,0,0,valid,synthetic_generator_v1
2026-01-05T01:00:00-05:00,PARK-DEMO-01,F-203,distributed_energy,Electronics manufacturing,1052.47,0.8285,539.397,0.0,539.397,-1.58,0.091,0,0,valid,synthetic_generator_v1
2026-01-05T02:00:00-05:00,PARK-DEMO-01,F-203,distributed_energy,Electronics manufacturing,1052.47,0.8285,553.3,0.0,553.3,2.33,0.091,0,0,valid,synthetic_generator_v1
2026-01-05T03:00:00-05:00,PARK-DEMO-01,F-203,distributed_energy,Electronics manufacturing,1052.47,0.8285,531.645,0.0,531.645,1.11,0.091,0,0,valid,synthetic_generator_v1
2026-01-05T04:00:00-05:00,PARK-DEMO-01,F-203,distributed_energy,Electronics manufacturing,1052.47,0.8285,593.44,0.0,593.44,-1.02,0.091,0,0,valid,synthetic_generator_v1
2026-01-05T05:00:00-05:00,PARK-DEMO-01,F-203,distributed_energy,Electronics manufacturing,1052.47,0.8285,514.684,0.0,514.684,0.76,0.091,0,0,valid,synthetic_generator_v1
2026-01-05T06:00:00-05:00,PARK-DEMO-01,F-203,distributed_energy,Electronics manufacturing,1052.47,0.8285,529.02,0.0,529.02,3.58,0.091,0,0,valid,synthetic_generator_v1
2026-01-05T07:00:00-05:00,PARK-DEMO-01,F-203,distributed_energy,Electronics manufacturing,1052.47,0.8285,528.984,164.954,364.03,5.13,0.091,0,0,valid,synthetic_generator_v1
2026-01-05T08:00:00-05:00,PARK-DEMO-01,F-203,distributed_energy,Electronics manufacturing,1052.47,0.8285,834.083,334.516,499.568,6.9,0.109,0,0,valid,synthetic_generator_v1
2026-01-05T09:00:00-05:00,PARK-DEMO-01,F-203,distributed_energy,Electronics manufacturing,1052.47,0.8285,741.344,413.074,328.27,8.75,0.109,0,0,valid,synthetic_generator_v1
2026-01-05T10:00:00-05:00,PARK-DEMO-01,F-203,distributed_energy,Electronics manufacturing,1052.47,0.8285,770.894,606.365,164.529,11.4,0.109,0,0,valid,synthetic_generator_v1
2026-01-05T11:00:00-05:00,PARK-DEMO-01,F-203,distributed_energy,Electronics manufacturing,1052.47,0.8285,804.126,678.072,126.054,13.43,0.109,0,0,valid,synthetic_generator_v1
2026-01-05T12:00:00-05:00,PARK-DEMO-01,F-203,distributed_energy,Electronics manufacturing,1052.47,0.8285,818.312,693.199,125.112,14.45,0.109,0,0,valid,synthetic_generator_v1
2026-01-05T13:00:00-05:00,PARK-DEMO-01,F-203,distributed_energy,Electronics manufacturing,1052.47,0.8285,817.13,677.594,139.537,12.56,0.109,0,0,valid,synthetic_generator_v1
2026-01-05T14:00:00-05:00,PARK-DEMO-01,F-203,distributed_energy,Electronics manufacturing,1052.47,0.8285,747.704,566.112,181.592,13.77,0.109,0,0,valid,synthetic_generator_v1
2026-01-05T15:00:00-05:00,PARK-DEMO-01,F-203,distributed_energy,Electronics manufacturing,1052.47,0.8285,806.206,444.905,361.3,14.4,0.109,0,0,valid,synthetic_generator_v1
2026-01-05T16:00:00-05:00,PARK-DEMO-01,F-203,distributed_energy,Electronics manufacturing,1052.47,0.8285,819.959,325.979,493.98,12.55,0.165,0,0,valid,synthetic_generator_v1
2026-01-05T17:00:00-05:00,PARK-DEMO-01,F-203,distributed_energy,Electronics manufacturing,1052.47,0.8285,726.949,157.579,569.37,12.35,0.165,0,0,valid,synthetic_generator_v1
2026-01-05T18:00:00-05:00,PARK-DEMO-01,F-203,distributed_energy,Electronics manufacturing,1052.47,0.8285,136.929,0.0,136.929,10.62,0.165,0,1,anomaly,synthetic_generator_v1
2026-01-05T19:00:00-05:00,PARK-DEMO-01,F-203,distributed_energy,Electronics manufacturing,1052.47,0.8285,519.513,0.0,519.513,8.82,0.165,0,0,valid,synthetic_generator_v1
2026-01-05T20:00:00-05:00,PARK-DEMO-01,F-203,distributed_energy,Electronics manufacturing,1052.47,0.8285,561.966,0.0,561.966,7.49,0.165,0,0,valid,synthetic_generator_v1
2026-01-05T21:00:00-05:00,PARK-DEMO-01,F-203,distributed_energy,Electronics manufacturing,1052.47,0.8285,525.541,0.0,525.541,4.87,0.165,0,0,valid,synthetic_generator_v1
2026-01-05T22:00:00-05:00,PARK-DEMO-01,F-203,distributed_energy,Electronics manufacturing,1052.47,0.8285,577.481,0.0,577.481,3.44,0.091,0,0,valid,synthetic_generator_v1
2026-01-05T23:00:00-05:00,PARK-DEMO-01,F-203,distributed_energy,Electronics manufacturing,1052.47,0.8285,543.157,0.0,543.157,2.7,0.091,0,0,valid,synthetic_generator_v1
2026-01-06T00:00:00-05:00,PARK-DEMO-01,F-203,distributed_energy,Electronics manufacturing,1052.47,0.8285,553.215,0.0,553.215,-1.22,0.091,0,0,valid,synthetic_generator_v1
2026-01-06T01:00:00-05:00,PARK-DEMO-01,F-203,distributed_energy,Electronics manufacturing,1052.47,0.8285,522.707,0.0,522.707,0.13,0.091,0,0,valid,synthetic_generator_v1
2026-01-06T02:00:00-05:00,PARK-DEMO-01,F-203,distributed_energy,Electronics manufacturing,1052.47,0.8285,567.598,0.0,567.598,-1.8,0.091,0,0,valid,synthetic_generator_v1
2026-01-06T03:00:00-05:00,PARK-DEMO-01,F-203,distributed_energy,Electronics manufacturing,1052.47,0.8285,557.375,0.0,557.375,-0.99,0.091,0,0,valid,synthetic_generator_v1
2026-01-06T04:00:00-05:00,PARK-DEMO-01,F-203,distributed_energy,Electronics manufacturing,1052.47,0.8285,596.835,0.0,596.835,-1.01,0.091,0,0,valid,synthetic_generator_v1
2026-01-06T05:00:00-05:00,PARK-DEMO-01,F-203,distributed_energy,Electronics manufacturing,1052.47,0.8285,598.891,0.0,598.891,0.49,0.091,0,0,valid,synthetic_generator_v1
2026-01-06T06:00:00-05:00,PARK-DEMO-01,F-203,distributed_energy,Electronics manufacturing,1052.47,0.8285,554.013,0.0,554.013,1.16,0.091,0,0,valid,synthetic_generator_v1
2026-01-06T07:00:00-05:00,PARK-DEMO-01,F-203,distributed_energy,Electronics manufacturing,1052.47,0.8285,551.418,178.29,373.128,1.43,0.091,0,0,valid,synthetic_generator_v1
2026-01-06T08:00:00-05:00,PARK-DEMO-01,F-203,distributed_energy,Electronics manufacturing,1052.47,0.8285,754.073,291.383,462.691,7.13,0.109,0,0,valid,synthetic_generator_v1
2026-01-06T09:00:00-05:00,PARK-DEMO-01,F-203,distributed_energy,Electronics manufacturing,1052.47,0.8285,818.361,483.97,334.392,9.56,0.109,0,0,valid,synthetic_generator_v1
2026-01-06T10:00:00-05:00,PARK-DEMO-01,F-203,distributed_energy,Electronics manufacturing,1052.47,0.8285,786.739,509.279,277.46,10.05,0.109,0,0,valid,synthetic_generator_v1
2026-01-06T11:00:00-05:00,PARK-DEMO-01,F-203,distributed_energy,Electronics manufacturing,1052.47,0.8285,797.791,581.724,216.067,9.88,0.109,0,0,valid,synthetic_generator_v1
2026-01-06T12:00:00-05:00,PARK-DEMO-01,F-203,distributed_energy,Electronics manufacturing,1052.47,0.8285,785.91,583.282,202.627,11.7,0.109,0,0,valid,synthetic_generator_v1
2026-01-06T13:00:00-05:00,PARK-DEMO-01,F-203,distributed_energy,Electronics manufacturing,1052.47,0.8285,761.93,578.234,183.696,13.53,0.109,0,0,valid,synthetic_generator_v1
2026-01-06T14:00:00-05:00,PARK-DEMO-01,F-203,distributed_energy,Electronics manufacturing,1052.47,0.8285,827.415,538.682,288.733,12.91,0.109,0,0,valid,synthetic_generator_v1
2026-01-06T15:00:00-05:00,PARK-DEMO-01,F-203,distributed_energy,Electronics manufacturing,1052.47,0.8285,772.933,441.652,331.281,12.81,0.109,0,0,valid,synthetic_generator_v1
2026-01-06T16:00:00-05:00,PARK-DEMO-01,F-203,distributed_energy,Electronics manufacturing,1052.47,0.8285,1540.005,299.81,1240.196,12.23,0.165,0,1,anomaly,synthetic_generator_v1
2026-01-06T17:00:00-05:00,PARK-DEMO-01,F-203,distributed_energy,Electronics manufacturing,1052.47,0.8285,766.358,158.536,607.822,11.21,0.165,0,0,valid,synthetic_generator_v1
2026-01-06T18:00:00-05:00,PARK-DEMO-01,F-203,distributed_energy,Electronics manufacturing,1052.47,0.8285,827.995,0.0,827.995,10.15,0.165,0,0,valid,synthetic_generator_v1
2026-01-06T19:00:00-05:00,PARK-DEMO-01,F-203,distributed_energy,Electronics manufacturing,1052.47,0.8285,561.552,0.0,561.552,6.48,0.165,0,0,valid,synthetic_generator_v1
2026-01-06T20:00:00-05:00,PARK-DEMO-01,F-203,distributed_energy,Electronics manufacturing,1052.47,0.8285,582.743,0.0,582.743,5.46,0.165,0,0,valid,synthetic_generator_v1
2026-01-06T21:00:00-05:00,PARK-DEMO-01,F-203,distributed_energy,Electronics manufacturing,1052.47,0.8285,522.732,0.0,522.732,5.21,0.165,0,0,valid,synthetic_generator_v1
2026-01-06T22:00:00-05:00,PARK-DEMO-01,F-203,distributed_energy,Electronics manufacturing,1052.47,0.8285,594.642,0.0,594.642,4.46,0.091,0,0,valid,synthetic_generator_v1
2026-01-06T23:00:00-05:00,PARK-DEMO-01,F-203,distributed_energy,Electronics manufacturing,1052.47,0.8285,504.624,0.0,504.624,1.82,0.091,0,0,valid,synthetic_generator_v1
2026-01-07T00:00:00-05:00,PARK-DEMO-01,F-203,distributed_energy,Electronics manufacturing,1052.47,0.8285,521.338,0.0,521.338,-0.19,0.091,0,0,valid,synthetic_generator_v1
2026-01-07T01:00:00-05:00,PARK-DEMO-01,F-203,distributed_energy,Electronics manufacturing,1052.47,0.8285,547.968,0.0,547.968,-1.06,0.091,0,0,valid,synthetic_generator_v1
2026-01-07T02:00:00-05:00,PARK-DEMO-01,F-203,distributed_energy,Electronics manufacturing,1052.47,0.8285,558.213,0.0,558.213,-1.13,0.091,0,0,valid,synthetic_generator_v1
2026-01-07T03:00:00-05:00,PARK-DEMO-01,F-203,distributed_energy,Electronics manufacturing,1052.47,0.8285,557.955,0.0,557.955,-1.29,0.091,0,0,valid,synthetic_generator_v1
2026-01-07T04:00:00-05:00,PARK-DEMO-01,F-203,distributed_energy,Electronics manufacturing,1052.47,0.8285,468.08,0.0,468.08,-2.04,0.091,0,0,valid,synthetic_generator_v1
2026-01-07T05:00:00-05:00,PARK-DEMO-01,F-203,distributed_energy,Electronics manufacturing,1052.47,0.8285,569.315,0.0,569.315,-0.28,0.091,0,0,valid,synthetic_generator_v1
2026-01-07T06:00:00-05:00,PARK-DEMO-01,F-203,distributed_energy,Electronics manufacturing,1052.47,0.8285,558.891,0.0,558.891,1.24,0.091,0,0,valid,synthetic_generator_v1
2026-01-07T07:00:00-05:00,PARK-DEMO-01,F-203,distributed_energy,Electronics manufacturing,1052.47,0.8285,529.952,159.647,370.306,1.24,0.091,0,0,valid,synthetic_generator_v1
2026-01-07T08:00:00-05:00,PARK-DEMO-01,F-203,distributed_energy,Electronics manufacturing,1052.47,0.8285,786.336,312.835,473.501,5.39,0.109,0,0,valid,synthetic_generator_v1
2026-01-07T09:00:00-05:00,PARK-DEMO-01,F-203,distributed_energy,Electronics manufacturing,1052.47,0.8285,822.63,512.537,310.093,7.82,0.109,0,0,valid,synthetic_generator_v1
2026-01-07T10:00:00-05:00,PARK-DEMO-01,F-203,distributed_energy,Electronics manufacturing,1052.47,0.8285,854.56,579.612,274.948,10.01,0.109,0,0,valid,synthetic_generator_v1
2026-01-07T11:00:00-05:00,PARK-DEMO-01,F-203,distributed_energy,Electronics manufacturing,1052.47,0.8285,812.902,638.306,174.595,9.98,0.109,0,0,valid,synthetic_generator_v1
2026-01-07T12:00:00-05:00,PARK-DEMO-01,F-203,distributed_energy,Electronics manufacturing,1052.47,0.8285,836.016,623.919,212.097,9.89,0.109,0,0,valid,synthetic_generator_v1
2026-01-07T13:00:00-05:00,PARK-DEMO-01,F-203,distributed_energy,Electronics manufacturing,1052.47,0.8285,857.701,615.336,242.365,11.98,0.109,0,0,valid,synthetic_generator_v1
2026-01-07T14:00:00-05:00,PARK-DEMO-01,F-203,distributed_energy,Electronics manufacturing,1052.47,0.8285,847.323,524.86,322.464,11.44,0.109,0,0,valid,synthetic_generator_v1
2026-01-07T15:00:00-05:00,PARK-DEMO-01,F-203,distributed_energy,Electronics manufacturing,1052.47,0.8285,813.948,404.892,409.056,15.14,0.109,0,0,valid,synthetic_generator_v1
2026-01-07T16:00:00-05:00,PARK-DEMO-01,F-203,distributed_energy,Electronics manufacturing,1052.47,0.8285,821.924,302.041,519.883,11.24,0.165,0,0,valid,synthetic_generator_v1
2026-01-07T17:00:00-05:00,PARK-DEMO-01,F-203,distributed_energy,Electronics manufacturing,1052.47,0.8285,820.079,147.595,672.485,9.4,0.165,0,0,valid,synthetic_generator_v1
2026-01-07T18:00:00-05:00,PARK-DEMO-01,F-203,distributed_energy,Electronics manufacturing,1052.47,0.8285,746.573,0.0,746.573,6.49,0.165,0,0,valid,synthetic_generator_v1
2026-01-07T19:00:00-05:00,PARK-DEMO-01,F-203,distributed_energy,Electronics manufacturing,1052.47,0.8285,506.796,0.0,506.796,7.29,0.165,0,0,valid,synthetic_generator_v1
2026-01-07T20:00:00-05:00,PARK-DEMO-01,F-203,distributed_energy,Electronics manufacturing,1052.47,0.8285,525.357,0.0,525.357,4.53,0.165,0,0,valid,synthetic_generator_v1
2026-01-07T21:00:00-05:00,PARK-DEMO-01,F-203,distributed_energy,Electronics manufacturing,1052.47,0.8285,543.685,0.0,543.685,4.34,0.165,0,0,valid,synthetic_generator_v1
2026-01-07T22:00:00-05:00,PARK-DEMO-01,F-203,distributed_energy,Electronics manufacturing,1052.47,0.8285,520.368,0.0,520.368,1.53,0.091,0,0,valid,synthetic_generator_v1
2026-01-07T23:00:00-05:00,PARK-DEMO-01,F-203,distributed_energy,Electronics manufacturing,1052.47,0.8285,575.274,0.0,575.274,-0.99,0.091,0,0,valid,synthetic_generator_v1
2026-01-01T00:00:00-05:00,PARK-DEMO-01,F-204,distributed_energy,Electronics manufacturing,1174.0,0.8007,585.245,0.0,585.245,2.2,0.091,0,0,valid,synthetic_generator_v1
2026-01-01T01:00:00-05:00,PARK-DEMO-01,F-204,distributed_energy,Electronics manufacturing,1174.0,0.8007,622.37,0.0,622.37,0.98,0.091,0,0,valid,synthetic_generator_v1
2026-01-01T02:00:00-05:00,PARK-DEMO-01,F-204,distributed_energy,Electronics manufacturing,1174.0,0.8007,645.412,0.0,645.412,2.24,0.091,0,0,valid,synthetic_generator_v1
2026-01-01T03:00:00-05:00,PARK-DEMO-01,F-204,distributed_energy,Electronics manufacturing,1174.0,0.8007,524.629,0.0,524.629,0.47,0.091,0,0,valid,synthetic_generator_v1
2026-01-01T04:00:00-05:00,PARK-DEMO-01,F-204,distributed_energy,Electronics manufacturing,1174.0,0.8007,613.26,0.0,613.26,2.3,0.091,0,0,valid,synthetic_generator_v1
2026-01-01T05:00:00-05:00,PARK-DEMO-01,F-204,distributed_energy,Electronics manufacturing,1174.0,0.8007,575.291,0.0,575.291,4.18,0.091,0,0,valid,synthetic_generator_v1
2026-01-01T06:00:00-05:00,PARK-DEMO-01,F-204,distributed_energy,Electronics manufacturing,1174.0,0.8007,585.176,0.0,585.176,4.8,0.091,0,0,valid,synthetic_generator_v1
2026-01-01T07:00:00-05:00,PARK-DEMO-01,F-204,distributed_energy,Electronics manufacturing,1174.0,0.8007,564.554,179.667,384.886,5.51,0.091,0,0,valid,synthetic_generator_v1
2026-01-01T08:00:00-05:00,PARK-DEMO-01,F-204,distributed_energy,Electronics manufacturing,1174.0,0.8007,639.251,333.625,305.626,7.46,0.109,0,0,valid,synthetic_generator_v1
2026-01-01T09:00:00-05:00,PARK-DEMO-01,F-204,distributed_energy,Electronics manufacturing,1174.0,0.8007,879.94,517.52,362.42,9.1,0.109,0,0,valid,synthetic_generator_v1
2026-01-01T10:00:00-05:00,PARK-DEMO-01,F-204,distributed_energy,Electronics manufacturing,1174.0,0.8007,917.445,565.717,351.728,11.56,0.109,0,0,valid,synthetic_generator_v1
2026-01-01T11:00:00-05:00,PARK-DEMO-01,F-204,distributed_energy,Electronics manufacturing,1174.0,0.8007,827.079,591.961,235.117,12.54,0.109,0,0,valid,synthetic_generator_v1
2026-01-01T12:00:00-05:00,PARK-DEMO-01,F-204,distributed_energy,Electronics manufacturing,1174.0,0.8007,896.915,635.638,261.278,14.93,0.109,0,0,valid,synthetic_generator_v1
2026-01-01T13:00:00-05:00,PARK-DEMO-01,F-204,distributed_energy,Electronics manufacturing,1174.0,0.8007,897.049,701.483,195.565,15.6,0.109,0,0,valid,synthetic_generator_v1
2026-01-01T14:00:00-05:00,PARK-DEMO-01,F-204,distributed_energy,Electronics manufacturing,1174.0,0.8007,865.487,602.798,262.689,14.12,0.109,0,0,valid,synthetic_generator_v1
2026-01-01T15:00:00-05:00,PARK-DEMO-01,F-204,distributed_energy,Electronics manufacturing,1174.0,0.8007,892.703,399.991,492.712,14.51,0.109,0,0,valid,synthetic_generator_v1
2026-01-01T16:00:00-05:00,PARK-DEMO-01,F-204,distributed_energy,Electronics manufacturing,1174.0,0.8007,882.133,319.858,562.275,13.15,0.165,0,0,valid,synthetic_generator_v1
2026-01-01T17:00:00-05:00,PARK-DEMO-01,F-204,distributed_energy,Electronics manufacturing,1174.0,0.8007,873.674,159.856,713.818,14.48,0.165,0,0,valid,synthetic_generator_v1
2026-01-01T18:00:00-05:00,PARK-DEMO-01,F-204,distributed_energy,Electronics manufacturing,1174.0,0.8007,878.845,0.0,878.845,11.28,0.165,0,0,valid,synthetic_generator_v1
2026-01-01T19:00:00-05:00,PARK-DEMO-01,F-204,distributed_energy,Electronics manufacturing,1174.0,0.8007,871.587,0.0,871.587,7.3,0.165,0,0,valid,synthetic_generator_v1
2026-01-01T20:00:00-05:00,PARK-DEMO-01,F-204,distributed_energy,Electronics manufacturing,1174.0,0.8007,630.066,0.0,630.066,9.26,0.165,0,0,valid,synthetic_generator_v1
2026-01-01T21:00:00-05:00,PARK-DEMO-01,F-204,distributed_energy,Electronics manufacturing,1174.0,0.8007,601.377,0.0,601.377,6.23,0.165,0,0,valid,synthetic_generator_v1
2026-01-01T22:00:00-05:00,PARK-DEMO-01,F-204,distributed_energy,Electronics manufacturing,1174.0,0.8007,628.19,0.0,628.19,4.98,0.091,0,0,valid,synthetic_generator_v1
2026-01-01T23:00:00-05:00,PARK-DEMO-01,F-204,distributed_energy,Electronics manufacturing,1174.0,0.8007,631.727,0.0,631.727,1.13,0.091,0,0,valid,synthetic_generator_v1
2026-01-02T00:00:00-05:00,PARK-DEMO-01,F-204,distributed_energy,Electronics manufacturing,1174.0,0.8007,660.841,0.0,660.841,1.12,0.091,0,0,valid,synthetic_generator_v1
2026-01-02T01:00:00-05:00,PARK-DEMO-01,F-204,distributed_energy,Electronics manufacturing,1174.0,0.8007,574.218,0.0,574.218,3.17,0.091,0,0,valid,synthetic_generator_v1
2026-01-02T02:00:00-05:00,PARK-DEMO-01,F-204,distributed_energy,Electronics manufacturing,1174.0,0.8007,614.471,0.0,614.471,5.33,0.091,0,0,valid,synthetic_generator_v1
2026-01-02T03:00:00-05:00,PARK-DEMO-01,F-204,distributed_energy,Electronics manufacturing,1174.0,0.8007,574.149,0.0,574.149,2.58,0.091,0,0,valid,synthetic_generator_v1
2026-01-02T04:00:00-05:00,PARK-DEMO-01,F-204,distributed_energy,Electronics manufacturing,1174.0,0.8007,611.311,0.0,611.311,4.76,0.091,0,0,valid,synthetic_generator_v1
2026-01-02T05:00:00-05:00,PARK-DEMO-01,F-204,distributed_energy,Electronics manufacturing,1174.0,0.8007,625.497,0.0,625.497,3.54,0.091,0,0,valid,synthetic_generator_v1
2026-01-02T06:00:00-05:00,PARK-DEMO-01,F-204,distributed_energy,Electronics manufacturing,1174.0,0.8007,564.249,0.0,564.249,4.38,0.091,0,0,valid,synthetic_generator_v1
2026-01-02T07:00:00-05:00,PARK-DEMO-01,F-204,distributed_energy,Electronics manufacturing,1174.0,0.8007,643.414,159.256,484.158,6.67,0.091,0,0,valid,synthetic_generator_v1
2026-01-02T08:00:00-05:00,PARK-DEMO-01,F-204,distributed_energy,Electronics manufacturing,1174.0,0.8007,556.414,333.012,223.401,8.98,0.109,0,0,valid,synthetic_generator_v1
2026-01-02T09:00:00-05:00,PARK-DEMO-01,F-204,distributed_energy,Electronics manufacturing,1174.0,0.8007,902.422,426.023,476.399,13.09,0.109,0,0,valid,synthetic_generator_v1
2026-01-02T10:00:00-05:00,PARK-DEMO-01,F-204,distributed_energy,Electronics manufacturing,1174.0,0.8007,881.313,633.917,247.396,13.28,0.109,0,0,valid,synthetic_generator_v1
2026-01-02T11:00:00-05:00,PARK-DEMO-01,F-204,distributed_energy,Electronics manufacturing,1174.0,0.8007,910.763,703.456,207.306,14.27,0.109,0,0,valid,synthetic_generator_v1
2026-01-02T12:00:00-05:00,PARK-DEMO-01,F-204,distributed_energy,Electronics manufacturing,1174.0,0.8007,901.279,721.01,180.268,14.99,0.109,0,0,valid,synthetic_generator_v1
2026-01-02T13:00:00-05:00,PARK-DEMO-01,F-204,distributed_energy,Electronics manufacturing,1174.0,0.8007,842.808,628.274,214.534,15.11,0.109,0,0,valid,synthetic_generator_v1
2026-01-02T14:00:00-05:00,PARK-DEMO-01,F-204,distributed_energy,Electronics manufacturing,1174.0,0.8007,882.264,585.714,296.549,15.22,0.109,0,0,valid,synthetic_generator_v1
2026-01-02T15:00:00-05:00,PARK-DEMO-01,F-204,distributed_energy,Electronics manufacturing,1174.0,0.8007,883.077,418.063,465.014,15.64,0.109,0,0,valid,synthetic_generator_v1
2026-01-02T16:00:00-05:00,PARK-DEMO-01,F-204,distributed_energy,Electronics manufacturing,1174.0,0.8007,879.717,298.665,581.052,17.22,0.165,0,0,valid,synthetic_generator_v1
2026-01-02T17:00:00-05:00,PARK-DEMO-01,F-204,distributed_energy,Electronics manufacturing,1174.0,0.8007,863.31,191.425,671.885,13.29,0.165,0,0,valid,synthetic_generator_v1
2026-01-02T18:00:00-05:00,PARK-DEMO-01,F-204,distributed_energy,Electronics manufacturing,1174.0,0.8007,863.994,0.0,863.994,13.31,0.165,0,0,valid,synthetic_generator_v1
2026-01-02T19:00:00-05:00,PARK-DEMO-01,F-204,distributed_energy,Electronics manufacturing,1174.0,0.8007,825.262,0.0,825.262,12.25,0.165,0,0,valid,synthetic_generator_v1
2026-01-02T20:00:00-05:00,PARK-DEMO-01,F-204,distributed_energy,Electronics manufacturing,1174.0,0.8007,579.698,0.0,579.698,7.6,0.165,0,0,valid,synthetic_generator_v1
2026-01-02T21:00:00-05:00,PARK-DEMO-01,F-204,distributed_energy,Electronics manufacturing,1174.0,0.8007,573.249,0.0,573.249,4.67,0.165,0,0,valid,synthetic_generator_v1
2026-01-02T22:00:00-05:00,PARK-DEMO-01,F-204,distributed_energy,Electronics manufacturing,1174.0,0.8007,573.724,0.0,573.724,5.63,0.091,0,0,valid,synthetic_generator_v1
2026-01-02T23:00:00-05:00,PARK-DEMO-01,F-204,distributed_energy,Electronics manufacturing,1174.0,0.8007,632.191,0.0,632.191,3.9,0.091,0,0,valid,synthetic_generator_v1
2026-01-03T00:00:00-05:00,PARK-DEMO-01,F-204,distributed_energy,Electronics manufacturing,1174.0,0.8007,436.707,0.0,436.707,1.95,0.091,1,0,valid,synthetic_generator_v1
2026-01-03T01:00:00-05:00,PARK-DEMO-01,F-204,distributed_energy,Electronics manufacturing,1174.0,0.8007,380.877,0.0,380.877,4.59,0.091,1,0,valid,synthetic_generator_v1
2026-01-03T02:00:00-05:00,PARK-DEMO-01,F-204,distributed_energy,Electronics manufacturing,1174.0,0.8007,415.822,0.0,415.822,0.14,0.091,1,0,valid,synthetic_generator_v1
2026-01-03T03:00:00-05:00,PARK-DEMO-01,F-204,distributed_energy,Electronics manufacturing,1174.0,0.8007,454.542,0.0,454.542,0.23,0.091,1,0,valid,synthetic_generator_v1
2026-01-03T04:00:00-05:00,PARK-DEMO-01,F-204,distributed_energy,Electronics manufacturing,1174.0,0.8007,438.643,0.0,438.643,1.8,0.091,1,0,valid,synthetic_generator_v1
2026-01-03T05:00:00-05:00,PARK-DEMO-01,F-204,distributed_energy,Electronics manufacturing,1174.0,0.8007,438.93,0.0,438.93,6.54,0.091,1,0,valid,synthetic_generator_v1
2026-01-03T06:00:00-05:00,PARK-DEMO-01,F-204,distributed_energy,Electronics manufacturing,1174.0,0.8007,398.47,0.0,398.47,3.78,0.091,1,0,valid,synthetic_generator_v1
2026-01-03T07:00:00-05:00,PARK-DEMO-01,F-204,distributed_energy,Electronics manufacturing,1174.0,0.8007,454.015,174.372,279.642,8.21,0.091,1,0,valid,synthetic_generator_v1
2026-01-03T08:00:00-05:00,PARK-DEMO-01,F-204,distributed_energy,Electronics manufacturing,1174.0,0.8007,444.44,296.768,147.671,8.25,0.109,1,0,valid,synthetic_generator_v1
2026-01-03T09:00:00-05:00,PARK-DEMO-01,F-204,distributed_energy,Electronics manufacturing,1174.0,0.8007,626.243,480.887,145.356,11.24,0.109,1,0,valid,synthetic_generator_v1
2026-01-03T10:00:00-05:00,PARK-DEMO-01,F-204,distributed_energy,Electronics manufacturing,1174.0,0.8007,673.997,570.542,103.454,12.2,0.109,1,0,valid,synthetic_generator_v1
2026-01-03T11:00:00-05:00,PARK-DEMO-01,F-204,distributed_energy,Electronics manufacturing,1174.0,0.8007,611.093,594.83,16.263,12.53,0.109,1,0,valid,synthetic_generator_v1
2026-01-03T12:00:00-05:00,PARK-DEMO-01,F-204,distributed_energy,Electronics manufacturing,1174.0,0.8007,676.366,641.943,34.423,15.7,0.109,1,0,valid,synthetic_generator_v1
2026-01-03T13:00:00-05:00,PARK-DEMO-01,F-204,distributed_energy,Electronics manufacturing,1174.0,0.8007,639.348,653.233,0.0,13.16,0.109,1,0,valid,synthetic_generator_v1
2026-01-03T14:00:00-05:00,PARK-DEMO-01,F-204,distributed_energy,Electronics manufacturing,1174.0,0.8007,675.911,538.084,137.827,18.43,0.109,1,0,valid,synthetic_generator_v1
2026-01-03T15:00:00-05:00,PARK-DEMO-01,F-204,distributed_energy,Electronics manufacturing,1174.0,0.8007,634.179,506.275,127.904,15.05,0.109,1,0,valid,synthetic_generator_v1
2026-01-03T16:00:00-05:00,PARK-DEMO-01,F-204,distributed_energy,Electronics manufacturing,1174.0,0.8007,603.133,299.587,303.546,15.39,0.091,1,0,valid,synthetic_generator_v1
2026-01-03T17:00:00-05:00,PARK-DEMO-01,F-204,distributed_energy,Electronics manufacturing,1174.0,0.8007,635.538,181.208,454.33,11.78,0.091,1,0,valid,synthetic_generator_v1
2026-01-03T18:00:00-05:00,PARK-DEMO-01,F-204,distributed_energy,Electronics manufacturing,1174.0,0.8007,663.016,0.0,663.016,12.0,0.091,1,0,valid,synthetic_generator_v1
2026-01-03T19:00:00-05:00,PARK-DEMO-01,F-204,distributed_energy,Electronics manufacturing,1174.0,0.8007,672.222,0.0,672.222,9.02,0.091,1,0,valid,synthetic_generator_v1
2026-01-03T20:00:00-05:00,PARK-DEMO-01,F-204,distributed_energy,Electronics manufacturing,1174.0,0.8007,468.959,0.0,468.959,10.7,0.091,1,0,valid,synthetic_generator_v1
2026-01-03T21:00:00-05:00,PARK-DEMO-01,F-204,distributed_energy,Electronics manufacturing,1174.0,0.8007,452.699,0.0,452.699,9.17,0.091,1,0,valid,synthetic_generator_v1
2026-01-03T22:00:00-05:00,PARK-DEMO-01,F-204,distributed_energy,Electronics manufacturing,1174.0,0.8007,383.719,0.0,383.719,5.71,0.091,1,0,valid,synthetic_generator_v1
2026-01-03T23:00:00-05:00,PARK-DEMO-01,F-204,distributed_energy,Electronics manufacturing,1174.0,0.8007,419.639,0.0,419.639,4.4,0.091,1,0,valid,synthetic_generator_v1
2026-01-04T00:00:00-05:00,PARK-DEMO-01,F-204,distributed_energy,Electronics manufacturing,1174.0,0.8007,495.279,0.0,495.279,1.92,0.091,1,0,valid,synthetic_generator_v1
2026-01-04T01:00:00-05:00,PARK-DEMO-01,F-204,distributed_energy,Electronics manufacturing,1174.0,0.8007,462.618,0.0,462.618,1.38,0.091,1,0,valid,synthetic_generator_v1
2026-01-04T02:00:00-05:00,PARK-DEMO-01,F-204,distributed_energy,Electronics manufacturing,1174.0,0.8007,379.3,0.0,379.3,1.08,0.091,1,0,valid,synthetic_generator_v1
2026-01-04T03:00:00-05:00,PARK-DEMO-01,F-204,distributed_energy,Electronics manufacturing,1174.0,0.8007,369.83,0.0,369.83,1.51,0.091,1,0,valid,synthetic_generator_v1
2026-01-04T04:00:00-05:00,PARK-DEMO-01,F-204,distributed_energy,Electronics manufacturing,1174.0,0.8007,455.817,0.0,455.817,1.32,0.091,1,0,valid,synthetic_generator_v1
2026-01-04T05:00:00-05:00,PARK-DEMO-01,F-204,distributed_energy,Electronics manufacturing,1174.0,0.8007,440.169,0.0,440.169,2.45,0.091,1,0,valid,synthetic_generator_v1
2026-01-04T06:00:00-05:00,PARK-DEMO-01,F-204,distributed_energy,Electronics manufacturing,1174.0,0.8007,446.849,0.0,446.849,4.28,0.091,1,0,valid,synthetic_generator_v1
2026-01-04T07:00:00-05:00,PARK-DEMO-01,F-204,distributed_energy,Electronics manufacturing,1174.0,0.8007,350.648,171.614,179.034,7.55,0.091,1,0,valid,synthetic_generator_v1
2026-01-04T08:00:00-05:00,PARK-DEMO-01,F-204,distributed_energy,Electronics manufacturing,1174.0,0.8007,453.788,358.901,94.888,8.35,0.109,1,0,valid,synthetic_generator_v1
2026-01-04T09:00:00-05:00,PARK-DEMO-01,F-204,distributed_energy,Electronics manufacturing,1174.0,0.8007,643.695,476.289,167.406,10.69,0.109,1,0,valid,synthetic_generator_v1
2026-01-04T10:00:00-05:00,PARK-DEMO-01,F-204,distributed_energy,Electronics manufacturing,1174.0,0.8007,650.685,532.818,117.868,9.95,0.109,1,0,valid,synthetic_generator_v1
2026-01-04T11:00:00-05:00,PARK-DEMO-01,F-204,distributed_energy,Electronics manufacturing,1174.0,0.8007,663.428,650.234,13.194,12.53,0.109,1,0,valid,synthetic_generator_v1
2026-01-04T12:00:00-05:00,PARK-DEMO-01,F-204,distributed_energy,Electronics manufacturing,1174.0,0.8007,616.411,729.343,0.0,13.56,0.109,1,0,valid,synthetic_generator_v1
2026-01-04T13:00:00-05:00,PARK-DEMO-01,F-204,distributed_energy,Electronics manufacturing,1174.0,0.8007,661.972,631.932,30.041,14.53,0.109,1,0,valid,synthetic_generator_v1
2026-01-04T14:00:00-05:00,PARK-DEMO-01,F-204,distributed_energy,Electronics manufacturing,1174.0,0.8007,628.217,574.028,54.189,14.87,0.109,1,0,valid,synthetic_generator_v1
2026-01-04T15:00:00-05:00,PARK-DEMO-01,F-204,distributed_energy,Electronics manufacturing,1174.0,0.8007,587.868,425.657,162.211,15.22,0.109,1,0,valid,synthetic_generator_v1
2026-01-04T16:00:00-05:00,PARK-DEMO-01,F-204,distributed_energy,Electronics manufacturing,1174.0,0.8007,647.015,297.532,349.483,13.26,0.091,1,0,valid,synthetic_generator_v1
2026-01-04T17:00:00-05:00,PARK-DEMO-01,F-204,distributed_energy,Electronics manufacturing,1174.0,0.8007,689.902,148.472,541.43,11.43,0.091,1,0,valid,synthetic_generator_v1
2026-01-04T18:00:00-05:00,PARK-DEMO-01,F-204,distributed_energy,Electronics manufacturing,1174.0,0.8007,621.625,0.0,621.625,10.55,0.091,1,0,valid,synthetic_generator_v1
2026-01-04T19:00:00-05:00,PARK-DEMO-01,F-204,distributed_energy,Electronics manufacturing,1174.0,0.8007,671.749,0.0,671.749,9.06,0.091,1,0,valid,synthetic_generator_v1
2026-01-04T20:00:00-05:00,PARK-DEMO-01,F-204,distributed_energy,Electronics manufacturing,1174.0,0.8007,354.231,0.0,354.231,7.66,0.091,1,0,valid,synthetic_generator_v1
2026-01-04T21:00:00-05:00,PARK-DEMO-01,F-204,distributed_energy,Electronics manufacturing,1174.0,0.8007,377.289,0.0,377.289,7.35,0.091,1,0,valid,synthetic_generator_v1
2026-01-04T22:00:00-05:00,PARK-DEMO-01,F-204,distributed_energy,Electronics manufacturing,1174.0,0.8007,434.589,0.0,434.589,6.18,0.091,1,0,valid,synthetic_generator_v1
2026-01-04T23:00:00-05:00,PARK-DEMO-01,F-204,distributed_energy,Electronics manufacturing,1174.0,0.8007,412.137,0.0,412.137,4.08,0.091,1,0,valid,synthetic_generator_v1
2026-01-05T00:00:00-05:00,PARK-DEMO-01,F-204,distributed_energy,Electronics manufacturing,1174.0,0.8007,580.538,0.0,580.538,0.94,0.091,0,0,valid,synthetic_generator_v1
2026-01-05T01:00:00-05:00,PARK-DEMO-01,F-204,distributed_energy,Electronics manufacturing,1174.0,0.8007,649.184,0.0,649.184,-2.31,0.091,0,0,valid,synthetic_generator_v1
2026-01-05T02:00:00-05:00,PARK-DEMO-01,F-204,distributed_energy,Electronics manufacturing,1174.0,0.8007,606.204,0.0,606.204,-1.26,0.091,0,0,valid,synthetic_generator_v1
2026-01-05T03:00:00-05:00,PARK-DEMO-01,F-204,distributed_energy,Electronics manufacturing,1174.0,0.8007,115.294,0.0,115.294,0.42,0.091,0,1,anomaly,synthetic_generator_v1
2026-01-05T04:00:00-05:00,PARK-DEMO-01,F-204,distributed_energy,Electronics manufacturing,1174.0,0.8007,597.773,0.0,597.773,0.92,0.091,0,0,valid,synthetic_generator_v1
2026-01-05T05:00:00-05:00,PARK-DEMO-01,F-204,distributed_energy,Electronics manufacturing,1174.0,0.8007,573.534,0.0,573.534,2.09,0.091,0,0,valid,synthetic_generator_v1
2026-01-05T06:00:00-05:00,PARK-DEMO-01,F-204,distributed_energy,Electronics manufacturing,1174.0,0.8007,597.07,0.0,597.07,3.24,0.091,0,0,valid,synthetic_generator_v1
2026-01-05T07:00:00-05:00,PARK-DEMO-01,F-204,distributed_energy,Electronics manufacturing,1174.0,0.8007,585.141,151.572,433.569,6.26,0.091,0,0,valid,synthetic_generator_v1
2026-01-05T08:00:00-05:00,PARK-DEMO-01,F-204,distributed_energy,Electronics manufacturing,1174.0,0.8007,666.103,321.473,344.63,6.94,0.109,0,0,valid,synthetic_generator_v1
2026-01-05T09:00:00-05:00,PARK-DEMO-01,F-204,distributed_energy,Electronics manufacturing,1174.0,0.8007,899.109,431.154,467.955,8.86,0.109,0,0,valid,synthetic_generator_v1
2026-01-05T10:00:00-05:00,PARK-DEMO-01,F-204,distributed_energy,Electronics manufacturing,1174.0,0.8007,855.375,514.557,340.818,9.68,0.109,0,0,valid,synthetic_generator_v1
2026-01-05T11:00:00-05:00,PARK-DEMO-01,F-204,distributed_energy,Electronics manufacturing,1174.0,0.8007,908.323,557.138,351.185,11.68,0.109,0,0,valid,synthetic_generator_v1
2026-01-05T12:00:00-05:00,PARK-DEMO-01,F-204,distributed_energy,Electronics manufacturing,1174.0,0.8007,841.244,735.832,105.413,12.18,0.109,0,0,valid,synthetic_generator_v1
2026-01-05T13:00:00-05:00,PARK-DEMO-01,F-204,distributed_energy,Electronics manufacturing,1174.0,0.8007,844.245,609.308,234.938,14.34,0.109,0,0,valid,synthetic_generator_v1
2026-01-05T14:00:00-05:00,PARK-DEMO-01,F-204,distributed_energy,Electronics manufacturing,1174.0,0.8007,919.743,504.069,415.674,13.7,0.109,0,0,valid,synthetic_generator_v1
2026-01-05T15:00:00-05:00,PARK-DEMO-01,F-204,distributed_energy,Electronics manufacturing,1174.0,0.8007,858.697,459.366,399.331,12.53,0.109,0,0,valid,synthetic_generator_v1
2026-01-05T16:00:00-05:00,PARK-DEMO-01,F-204,distributed_energy,Electronics manufacturing,1174.0,0.8007,887.269,299.122,588.147,12.9,0.165,0,0,valid,synthetic_generator_v1
2026-01-05T17:00:00-05:00,PARK-DEMO-01,F-204,distributed_energy,Electronics manufacturing,1174.0,0.8007,877.999,164.69,713.31,11.49,0.165,0,0,valid,synthetic_generator_v1
2026-01-05T18:00:00-05:00,PARK-DEMO-01,F-204,distributed_energy,Electronics manufacturing,1174.0,0.8007,886.457,0.0,886.457,10.22,0.165,0,0,valid,synthetic_generator_v1
2026-01-05T19:00:00-05:00,PARK-DEMO-01,F-204,distributed_energy,Electronics manufacturing,1174.0,0.8007,911.23,0.0,911.23,9.51,0.165,0,0,valid,synthetic_generator_v1
2026-01-05T20:00:00-05:00,PARK-DEMO-01,F-204,distributed_energy,Electronics manufacturing,1174.0,0.8007,611.649,0.0,611.649,7.78,0.165,0,0,valid,synthetic_generator_v1
2026-01-05T21:00:00-05:00,PARK-DEMO-01,F-204,distributed_energy,Electronics manufacturing,1174.0,0.8007,590.345,0.0,590.345,5.09,0.165,0,0,valid,synthetic_generator_v1
2026-01-05T22:00:00-05:00,PARK-DEMO-01,F-204,distributed_energy,Electronics manufacturing,1174.0,0.8007,614.529,0.0,614.529,5.15,0.091,0,0,valid,synthetic_generator_v1
2026-01-05T23:00:00-05:00,PARK-DEMO-01,F-204,distributed_energy,Electronics manufacturing,1174.0,0.8007,606.705,0.0,606.705,2.06,0.091,0,0,valid,synthetic_generator_v1
2026-01-06T00:00:00-05:00,PARK-DEMO-01,F-204,distributed_energy,Electronics manufacturing,1174.0,0.8007,619.633,0.0,619.633,-0.63,0.091,0,0,valid,synthetic_generator_v1
2026-01-06T01:00:00-05:00,PARK-DEMO-01,F-204,distributed_energy,Electronics manufacturing,1174.0,0.8007,601.022,0.0,601.022,-0.37,0.091,0,0,valid,synthetic_generator_v1
2026-01-06T02:00:00-05:00,PARK-DEMO-01,F-204,distributed_energy,Electronics manufacturing,1174.0,0.8007,554.156,0.0,554.156,0.12,0.091,0,0,valid,synthetic_generator_v1
2026-01-06T03:00:00-05:00,PARK-DEMO-01,F-204,distributed_energy,Electronics manufacturing,1174.0,0.8007,606.779,0.0,606.779,-1.85,0.091,0,0,valid,synthetic_generator_v1
2026-01-06T04:00:00-05:00,PARK-DEMO-01,F-204,distributed_energy,Electronics manufacturing,1174.0,0.8007,608.169,0.0,608.169,-0.34,0.091,0,0,valid,synthetic_generator_v1
2026-01-06T05:00:00-05:00,PARK-DEMO-01,F-204,distributed_energy,Electronics manufacturing,1174.0,0.8007,586.485,0.0,586.485,-0.18,0.091,0,0,valid,synthetic_generator_v1
2026-01-06T06:00:00-05:00,PARK-DEMO-01,F-204,distributed_energy,Electronics manufacturing,1174.0,0.8007,605.048,0.0,605.048,-0.22,0.091,0,0,valid,synthetic_generator_v1
2026-01-06T07:00:00-05:00,PARK-DEMO-01,F-204,distributed_energy,Electronics manufacturing,1174.0,0.8007,578.425,160.118,418.307,4.22,0.091,0,0,valid,synthetic_generator_v1
2026-01-06T08:00:00-05:00,PARK-DEMO-01,F-204,distributed_energy,Electronics manufacturing,1174.0,0.8007,638.472,358.976,279.497,4.51,0.109,0,0,valid,synthetic_generator_v1
2026-01-06T09:00:00-05:00,PARK-DEMO-01,F-204,distributed_energy,Electronics manufacturing,1174.0,0.8007,873.234,523.94,349.295,7.53,0.109,0,0,valid,synthetic_generator_v1
2026-01-06T10:00:00-05:00,PARK-DEMO-01,F-204,distributed_energy,Electronics manufacturing,1174.0,0.8007,952.846,573.985,378.861,9.1,0.109,0,0,valid,synthetic_generator_v1
2026-01-06T11:00:00-05:00,PARK-DEMO-01,F-204,distributed_energy,Electronics manufacturing,1174.0,0.8007,865.825,546.657,319.168,9.98,0.109,0,0,valid,synthetic_generator_v1
2026-01-06T12:00:00-05:00,PARK-DEMO-01,F-204,distributed_energy,Electronics manufacturing,1174.0,0.8007,853.07,614.116,238.954,15.48,0.109,0,0,valid,synthetic_generator_v1
2026-01-06T13:00:00-05:00,PARK-DEMO-01,F-204,distributed_energy,Electronics manufacturing,1174.0,0.8007,890.176,604.113,286.063,12.58,0.109,0,0,valid,synthetic_generator_v1
2026-01-06T14:00:00-05:00,PARK-DEMO-01,F-204,distributed_energy,Electronics manufacturing,1174.0,0.8007,896.97,551.209,345.762,13.44,0.109,0,0,valid,synthetic_generator_v1
2026-01-06T15:00:00-05:00,PARK-DEMO-01,F-204,distributed_energy,Electronics manufacturing,1174.0,0.8007,888.961,507.815,381.146,13.71,0.109,0,0,valid,synthetic_generator_v1
2026-01-06T16:00:00-05:00,PARK-DEMO-01,F-204,distributed_energy,Electronics manufacturing,1174.0,0.8007,894.619,335.703,558.915,11.62,0.165,0,0,valid,synthetic_generator_v1
2026-01-06T17:00:00-05:00,PARK-DEMO-01,F-204,distributed_energy,Electronics manufacturing,1174.0,0.8007,835.134,181.34,653.794,9.35,0.165,0,0,valid,synthetic_generator_v1
2026-01-06T18:00:00-05:00,PARK-DEMO-01,F-204,distributed_energy,Electronics manufacturing,1174.0,0.8007,874.424,0.0,874.424,8.12,0.165,0,0,valid,synthetic_generator_v1
2026-01-06T19:00:00-05:00,PARK-DEMO-01,F-204,distributed_energy,Electronics manufacturing,1174.0,0.8007,869.563,0.0,869.563,8.52,0.165,0,0,valid,synthetic_generator_v1
2026-01-06T20:00:00-05:00,PARK-DEMO-01,F-204,distributed_energy,Electronics manufacturing,1174.0,0.8007,582.252,0.0,582.252,4.97,0.165,0,0,valid,synthetic_generator_v1
2026-01-06T21:00:00-05:00,PARK-DEMO-01,F-204,distributed_energy,Electronics manufacturing,1174.0,0.8007,635.638,0.0,635.638,4.73,0.165,0,0,valid,synthetic_generator_v1
2026-01-06T22:00:00-05:00,PARK-DEMO-01,F-204,distributed_energy,Electronics manufacturing,1174.0,0.8007,638.299,0.0,638.299,2.79,0.091,0,0,valid,synthetic_generator_v1
2026-01-06T23:00:00-05:00,PARK-DEMO-01,F-204,distributed_energy,Electronics manufacturing,1174.0,0.8007,618.185,0.0,618.185,0.54,0.091,0,0,valid,synthetic_generator_v1
2026-01-07T00:00:00-05:00,PARK-DEMO-01,F-204,distributed_energy,Electronics manufacturing,1174.0,0.8007,590.204,0.0,590.204,-2.87,0.091,0,0,valid,synthetic_generator_v1
2026-01-07T01:00:00-05:00,PARK-DEMO-01,F-204,distributed_energy,Electronics manufacturing,1174.0,0.8007,579.547,0.0,579.547,-1.95,0.091,0,0,valid,synthetic_generator_v1
2026-01-07T02:00:00-05:00,PARK-DEMO-01,F-204,distributed_energy,Electronics manufacturing,1174.0,0.8007,633.655,0.0,633.655,-2.12,0.091,0,0,valid,synthetic_generator_v1
2026-01-07T03:00:00-05:00,PARK-DEMO-01,F-204,distributed_energy,Electronics manufacturing,1174.0,0.8007,640.095,0.0,640.095,-0.68,0.091,0,0,valid,synthetic_generator_v1
2026-01-07T04:00:00-05:00,PARK-DEMO-01,F-204,distributed_energy,Electronics manufacturing,1174.0,0.8007,640.082,0.0,640.082,-1.24,0.091,0,0,valid,synthetic_generator_v1
2026-01-07T05:00:00-05:00,PARK-DEMO-01,F-204,distributed_energy,Electronics manufacturing,1174.0,0.8007,651.701,0.0,651.701,0.03,0.091,0,0,valid,synthetic_generator_v1
2026-01-07T06:00:00-05:00,PARK-DEMO-01,F-204,distributed_energy,Electronics manufacturing,1174.0,0.8007,567.888,0.0,567.888,2.54,0.091,0,0,valid,synthetic_generator_v1
2026-01-07T07:00:00-05:00,PARK-DEMO-01,F-204,distributed_energy,Electronics manufacturing,1174.0,0.8007,614.602,149.888,464.714,1.5,0.091,0,0,valid,synthetic_generator_v1
2026-01-07T08:00:00-05:00,PARK-DEMO-01,F-204,distributed_energy,Electronics manufacturing,1174.0,0.8007,623.74,332.093,291.647,5.69,0.109,0,0,valid,synthetic_generator_v1
2026-01-07T09:00:00-05:00,PARK-DEMO-01,F-204,distributed_energy,Electronics manufacturing,1174.0,0.8007,824.735,453.454,371.282,5.1,0.109,0,0,valid,synthetic_generator_v1
2026-01-07T10:00:00-05:00,PARK-DEMO-01,F-204,distributed_energy,Electronics manufacturing,1174.0,0.8007,921.977,594.7,327.276,9.64,0.109,0,0,valid,synthetic_generator_v1
2026-01-07T11:00:00-05:00,PARK-DEMO-01,F-204,distributed_energy,Electronics manufacturing,1174.0,0.8007,829.657,610.878,218.779,9.25,0.109,0,0,valid,synthetic_generator_v1
2026-01-07T12:00:00-05:00,PARK-DEMO-01,F-204,distributed_energy,Electronics manufacturing,1174.0,0.8007,949.07,627.145,321.926,10.63,0.109,0,0,valid,synthetic_generator_v1
2026-01-07T13:00:00-05:00,PARK-DEMO-01,F-204,distributed_energy,Electronics manufacturing,1174.0,0.8007,915.724,590.753,324.971,10.67,0.109,0,0,valid,synthetic_generator_v1
2026-01-07T14:00:00-05:00,PARK-DEMO-01,F-204,distributed_energy,Electronics manufacturing,1174.0,0.8007,863.416,600.811,262.605,10.96,0.109,0,0,valid,synthetic_generator_v1
2026-01-07T15:00:00-05:00,PARK-DEMO-01,F-204,distributed_energy,Electronics manufacturing,1174.0,0.8007,859.296,417.307,441.99,12.44,0.109,0,0,valid,synthetic_generator_v1
2026-01-07T16:00:00-05:00,PARK-DEMO-01,F-204,distributed_energy,Electronics manufacturing,1174.0,0.8007,,352.074,,11.28,0.165,0,0,missing,synthetic_generator_v1
2026-01-07T17:00:00-05:00,PARK-DEMO-01,F-204,distributed_energy,Electronics manufacturing,1174.0,0.8007,899.757,189.89,709.867,10.79,0.165,0,0,valid,synthetic_generator_v1
2026-01-07T18:00:00-05:00,PARK-DEMO-01,F-204,distributed_energy,Electronics manufacturing,1174.0,0.8007,924.577,0.0,924.577,9.78,0.165,0,0,valid,synthetic_generator_v1
2026-01-07T19:00:00-05:00,PARK-DEMO-01,F-204,distributed_energy,Electronics manufacturing,1174.0,0.8007,877.616,0.0,877.616,7.07,0.165,0,0,valid,synthetic_generator_v1
2026-01-07T20:00:00-05:00,PARK-DEMO-01,F-204,distributed_energy,Electronics manufacturing,1174.0,0.8007,574.827,0.0,574.827,3.92,0.165,0,0,valid,synthetic_generator_v1
2026-01-07T21:00:00-05:00,PARK-DEMO-01,F-204,distributed_energy,Electronics manufacturing,1174.0,0.8007,640.645,0.0,640.645,3.25,0.165,0,0,valid,synthetic_generator_v1
2026-01-07T22:00:00-05:00,PARK-DEMO-01,F-204,distributed_energy,Electronics manufacturing,1174.0,0.8007,615.047,0.0,615.047,-0.72,0.091,0,0,valid,synthetic_generator_v1
2026-01-07T23:00:00-05:00,PARK-DEMO-01,F-204,distributed_energy,Electronics manufacturing,1174.0,0.8007,580.863,0.0,580.863,-0.64,0.091,0,0,valid,synthetic_generator_v1
2026-01-01T00:00:00-05:00,PARK-DEMO-01,F-301,ev_charging,Logistics and charging,1096.46,0.8279,205.709,0.0,205.709,2.78,0.091,0,0,valid,synthetic_generator_v1
2026-01-01T01:00:00-05:00,PARK-DEMO-01,F-301,ev_charging,Logistics and charging,1096.46,0.8279,224.933,0.0,224.933,3.44,0.091,0,0,valid,synthetic_generator_v1
2026-01-01T02:00:00-05:00,PARK-DEMO-01,F-301,ev_charging,Logistics and charging,1096.46,0.8279,207.196,0.0,207.196,2.25,0.091,0,0,valid,synthetic_generator_v1
2026-01-01T03:00:00-05:00,PARK-DEMO-01,F-301,ev_charging,Logistics and charging,1096.46,0.8279,215.024,0.0,215.024,1.65,0.091,0,0,valid,synthetic_generator_v1
2026-01-01T04:00:00-05:00,PARK-DEMO-01,F-301,ev_charging,Logistics and charging,1096.46,0.8279,219.264,0.0,219.264,1.31,0.091,0,0,valid,synthetic_generator_v1
2026-01-01T05:00:00-05:00,PARK-DEMO-01,F-301,ev_charging,Logistics and charging,1096.46,0.8279,311.117,0.0,311.117,3.19,0.091,0,0,valid,synthetic_generator_v1
2026-01-01T06:00:00-05:00,PARK-DEMO-01,F-301,ev_charging,Logistics and charging,1096.46,0.8279,414.584,0.0,414.584,3.68,0.091,0,0,valid,synthetic_generator_v1
2026-01-01T07:00:00-05:00,PARK-DEMO-01,F-301,ev_charging,Logistics and charging,1096.46,0.8279,444.852,57.012,387.84,6.29,0.091,0,0,valid,synthetic_generator_v1
2026-01-01T08:00:00-05:00,PARK-DEMO-01,F-301,ev_charging,Logistics and charging,1096.46,0.8279,465.224,94.634,370.59,8.34,0.109,0,0,valid,synthetic_generator_v1
2026-01-01T09:00:00-05:00,PARK-DEMO-01,F-301,ev_charging,Logistics and charging,1096.46,0.8279,311.62,154.983,156.636,12.38,0.109,0,0,valid,synthetic_generator_v1
2026-01-01T10:00:00-05:00,PARK-DEMO-01,F-301,ev_charging,Logistics and charging,1096.46,0.8279,270.696,150.242,120.454,13.81,0.109,0,0,valid,synthetic_generator_v1
2026-01-01T11:00:00-05:00,PARK-DEMO-01,F-301,ev_charging,Logistics and charging,1096.46,0.8279,216.434,172.277,44.157,12.38,0.109,0,0,valid,synthetic_generator_v1
2026-01-01T12:00:00-05:00,PARK-DEMO-01,F-301,ev_charging,Logistics and charging,1096.46,0.8279,201.916,215.114,0.0,13.86,0.109,0,0,valid,synthetic_generator_v1
2026-01-01T13:00:00-05:00,PARK-DEMO-01,F-301,ev_charging,Logistics and charging,1096.46,0.8279,208.027,191.019,17.008,14.14,0.109,0,0,valid,synthetic_generator_v1
2026-01-01T14:00:00-05:00,PARK-DEMO-01,F-301,ev_charging,Logistics and charging,1096.46,0.8279,239.54,157.454,82.086,16.55,0.109,0,0,valid,synthetic_generator_v1
2026-01-01T15:00:00-05:00,PARK-DEMO-01,F-301,ev_charging,Logistics and charging,1096.46,0.8279,405.492,138.893,266.599,14.62,0.109,0,0,valid,synthetic_generator_v1
2026-01-01T16:00:00-05:00,PARK-DEMO-01,F-301,ev_charging,Logistics and charging,1096.46,0.8279,481.997,93.79,388.207,13.47,0.165,0,0,valid,synthetic_generator_v1
2026-01-01T17:00:00-05:00,PARK-DEMO-01,F-301,ev_charging,Logistics and charging,1096.46,0.8279,702.14,49.418,652.722,13.65,0.165,0,0,valid,synthetic_generator_v1
2026-01-01T18:00:00-05:00,PARK-DEMO-01,F-301,ev_charging,Logistics and charging,1096.46,0.8279,832.016,0.0,832.016,11.3,0.165,0,0,valid,synthetic_generator_v1
2026-01-01T19:00:00-05:00,PARK-DEMO-01,F-301,ev_charging,Logistics and charging,1096.46,0.8279,2023.055,0.0,2023.055,10.27,0.165,0,1,anomaly,synthetic_generator_v1
2026-01-01T20:00:00-05:00,PARK-DEMO-01,F-301,ev_charging,Logistics and charging,1096.46,0.8279,826.084,0.0,826.084,6.87,0.165,0,0,valid,synthetic_generator_v1
2026-01-01T21:00:00-05:00,PARK-DEMO-01,F-301,ev_charging,Logistics and charging,1096.46,0.8279,695.618,0.0,695.618,5.72,0.165,0,0,valid,synthetic_generator_v1
2026-01-01T22:00:00-05:00,PARK-DEMO-01,F-301,ev_charging,Logistics and charging,1096.46,0.8279,528.908,0.0,528.908,5.41,0.091,0,0,valid,synthetic_generator_v1
2026-01-01T23:00:00-05:00,PARK-DEMO-01,F-301,ev_charging,Logistics and charging,1096.46,0.8279,163.996,0.0,163.996,4.36,0.091,0,0,valid,synthetic_generator_v1
2026-01-02T00:00:00-05:00,PARK-DEMO-01,F-301,ev_charging,Logistics and charging,1096.46,0.8279,179.217,0.0,179.217,3.7,0.091,0,0,valid,synthetic_generator_v1
2026-01-02T01:00:00-05:00,PARK-DEMO-01,F-301,ev_charging,Logistics and charging,1096.46,0.8279,256.172,0.0,256.172,3.35,0.091,0,0,valid,synthetic_generator_v1
2026-01-02T02:00:00-05:00,PARK-DEMO-01,F-301,ev_charging,Logistics and charging,1096.46,0.8279,225.806,0.0,225.806,0.6,0.091,0,0,valid,synthetic_generator_v1
2026-01-02T03:00:00-05:00,PARK-DEMO-01,F-301,ev_charging,Logistics and charging,1096.46,0.8279,209.985,0.0,209.985,1.43,0.091,0,0,valid,synthetic_generator_v1
2026-01-02T04:00:00-05:00,PARK-DEMO-01,F-301,ev_charging,Logistics and charging,1096.46,0.8279,215.668,0.0,215.668,2.83,0.091,0,0,valid,synthetic_generator_v1
2026-01-02T05:00:00-05:00,PARK-DEMO-01,F-301,ev_charging,Logistics and charging,1096.46,0.8279,307.586,0.0,307.586,5.35,0.091,0,0,valid,synthetic_generator_v1
2026-01-02T06:00:00-05:00,PARK-DEMO-01,F-301,ev_charging,Logistics and charging,1096.46,0.8279,419.216,0.0,419.216,6.96,0.091,0,0,valid,synthetic_generator_v1
2026-01-02T07:00:00-05:00,PARK-DEMO-01,F-301,ev_charging,Logistics and charging,1096.46,0.8279,429.403,52.605,376.798,9.2,0.091,0,0,valid,synthetic_generator_v1
2026-01-02T08:00:00-05:00,PARK-DEMO-01,F-301,ev_charging,Logistics and charging,1096.46,0.8279,448.468,97.75,350.718,6.67,0.109,0,0,valid,synthetic_generator_v1
2026-01-02T09:00:00-05:00,PARK-DEMO-01,F-301,ev_charging,Logistics and charging,1096.46,0.8279,322.049,143.764,178.284,11.38,0.109,0,0,valid,synthetic_generator_v1
2026-01-02T10:00:00-05:00,PARK-DEMO-01,F-301,ev_charging,Logistics and charging,1096.46,0.8279,263.935,176.293,87.642,11.23,0.109,0,0,valid,synthetic_generator_v1
2026-01-02T11:00:00-05:00,PARK-DEMO-01,F-301,ev_charging,Logistics and charging,1096.46,0.8279,238.86,213.655,25.205,14.3,0.109,0,0,valid,synthetic_generator_v1
2026-01-02T12:00:00-05:00,PARK-DEMO-01,F-301,ev_charging,Logistics and charging,1096.46,0.8279,198.495,175.343,23.152,15.53,0.109,0,0,valid,synthetic_generator_v1
2026-01-02T13:00:00-05:00,PARK-DEMO-01,F-301,ev_charging,Logistics and charging,1096.46,0.8279,242.409,168.818,73.591,14.61,0.109,0,0,valid,synthetic_generator_v1
2026-01-02T14:00:00-05:00,PARK-DEMO-01,F-301,ev_charging,Logistics and charging,1096.46,0.8279,258.601,178.783,79.818,16.71,0.109,0,0,valid,synthetic_generator_v1
2026-01-02T15:00:00-05:00,PARK-DEMO-01,F-301,ev_charging,Logistics and charging,1096.46,0.8279,384.514,145.144,239.37,16.63,0.109,0,0,valid,synthetic_generator_v1
2026-01-02T16:00:00-05:00,PARK-DEMO-01,F-301,ev_charging,Logistics and charging,1096.46,0.8279,485.132,103.617,381.515,13.78,0.165,0,0,valid,synthetic_generator_v1
2026-01-02T17:00:00-05:00,PARK-DEMO-01,F-301,ev_charging,Logistics and charging,1096.46,0.8279,657.437,54.953,602.484,13.6,0.165,0,0,valid,synthetic_generator_v1
2026-01-02T18:00:00-05:00,PARK-DEMO-01,F-301,ev_charging,Logistics and charging,1096.46,0.8279,828.851,0.0,828.851,11.68,0.165,0,0,valid,synthetic_generator_v1
2026-01-02T19:00:00-05:00,PARK-DEMO-01,F-301,ev_charging,Logistics and charging,1096.46,0.8279,810.969,0.0,810.969,10.12,0.165,0,0,valid,synthetic_generator_v1
2026-01-02T20:00:00-05:00,PARK-DEMO-01,F-301,ev_charging,Logistics and charging,1096.46,0.8279,788.548,0.0,788.548,8.99,0.165,0,0,valid,synthetic_generator_v1
2026-01-02T21:00:00-05:00,PARK-DEMO-01,F-301,ev_charging,Logistics and charging,1096.46,0.8279,682.907,0.0,682.907,7.3,0.165,0,0,valid,synthetic_generator_v1
2026-01-02T22:00:00-05:00,PARK-DEMO-01,F-301,ev_charging,Logistics and charging,1096.46,0.8279,487.814,0.0,487.814,3.55,0.091,0,0,valid,synthetic_generator_v1
2026-01-02T23:00:00-05:00,PARK-DEMO-01,F-301,ev_charging,Logistics and charging,1096.46,0.8279,233.036,0.0,233.036,4.04,0.091,0,0,valid,synthetic_generator_v1
2026-01-03T00:00:00-05:00,PARK-DEMO-01,F-301,ev_charging,Logistics and charging,1096.46,0.8279,321.354,0.0,321.354,3.65,0.091,1,0,valid,synthetic_generator_v1
2026-01-03T01:00:00-05:00,PARK-DEMO-01,F-301,ev_charging,Logistics and charging,1096.46,0.8279,267.995,0.0,267.995,1.95,0.091,1,0,valid,synthetic_generator_v1
2026-01-03T02:00:00-05:00,PARK-DEMO-01,F-301,ev_charging,Logistics and charging,1096.46,0.8279,306.961,0.0,306.961,1.63,0.091,1,0,valid,synthetic_generator_v1
2026-01-03T03:00:00-05:00,PARK-DEMO-01,F-301,ev_charging,Logistics and charging,1096.46,0.8279,325.245,0.0,325.245,2.09,0.091,1,0,valid,synthetic_generator_v1
2026-01-03T04:00:00-05:00,PARK-DEMO-01,F-301,ev_charging,Logistics and charging,1096.46,0.8279,301.484,0.0,301.484,1.77,0.091,1,0,valid,synthetic_generator_v1
2026-01-03T05:00:00-05:00,PARK-DEMO-01,F-301,ev_charging,Logistics and charging,1096.46,0.8279,444.87,0.0,444.87,4.11,0.091,1,0,valid,synthetic_generator_v1
2026-01-03T06:00:00-05:00,PARK-DEMO-01,F-301,ev_charging,Logistics and charging,1096.46,0.8279,567.865,0.0,567.865,5.32,0.091,1,0,valid,synthetic_generator_v1
2026-01-03T07:00:00-05:00,PARK-DEMO-01,F-301,ev_charging,Logistics and charging,1096.46,0.8279,539.102,50.512,488.59,7.5,0.091,1,0,valid,synthetic_generator_v1
2026-01-03T08:00:00-05:00,PARK-DEMO-01,F-301,ev_charging,Logistics and charging,1096.46,0.8279,507.426,107.103,400.323,9.57,0.109,1,0,valid,synthetic_generator_v1
2026-01-03T09:00:00-05:00,PARK-DEMO-01,F-301,ev_charging,Logistics and charging,1096.46,0.8279,448.207,142.397,305.81,11.01,0.109,1,0,valid,synthetic_generator_v1
2026-01-03T10:00:00-05:00,PARK-DEMO-01,F-301,ev_charging,Logistics and charging,1096.46,0.8279,425.434,191.718,233.715,14.35,0.109,1,0,valid,synthetic_generator_v1
2026-01-03T11:00:00-05:00,PARK-DEMO-01,F-301,ev_charging,Logistics and charging,1096.46,0.8279,336.846,171.459,165.387,12.92,0.109,1,0,valid,synthetic_generator_v1
2026-01-03T12:00:00-05:00,PARK-DEMO-01,F-301,ev_charging,Logistics and charging,1096.46,0.8279,322.671,194.834,127.837,14.82,0.109,1,0,valid,synthetic_generator_v1
2026-01-03T13:00:00-05:00,PARK-DEMO-01,F-301,ev_charging,Logistics and charging,1096.46,0.8279,350.936,198.825,152.112,13.79,0.109,1,0,valid,synthetic_generator_v1
2026-01-03T14:00:00-05:00,PARK-DEMO-01,F-301,ev_charging,Logistics and charging,1096.46,0.8279,369.062,181.569,187.492,16.39,0.109,1,0,valid,synthetic_generator_v1
2026-01-03T15:00:00-05:00,PARK-DEMO-01,F-301,ev_charging,Logistics and charging,1096.46,0.8279,485.488,160.247,325.242,16.13,0.109,1,0,valid,synthetic_generator_v1
2026-01-03T16:00:00-05:00,PARK-DEMO-01,F-301,ev_charging,Logistics and charging,1096.46,0.8279,617.322,87.857,529.466,14.3,0.091,1,0,valid,synthetic_generator_v1
2026-01-03T17:00:00-05:00,PARK-DEMO-01,F-301,ev_charging,Logistics and charging,1096.46,0.8279,754.881,57.026,697.855,13.63,0.091,1,0,valid,synthetic_generator_v1
2026-01-03T18:00:00-05:00,PARK-DEMO-01,F-301,ev_charging,Logistics and charging,1096.46,0.8279,932.983,0.0,932.983,13.52,0.091,1,0,valid,synthetic_generator_v1
2026-01-03T19:00:00-05:00,PARK-DEMO-01,F-301,ev_charging,Logistics and charging,1096.46,0.8279,959.921,0.0,959.921,10.49,0.091,1,0,valid,synthetic_generator_v1
2026-01-03T20:00:00-05:00,PARK-DEMO-01,F-301,ev_charging,Logistics and charging,1096.46,0.8279,957.896,0.0,957.896,10.93,0.091,1,0,valid,synthetic_generator_v1
2026-01-03T21:00:00-05:00,PARK-DEMO-01,F-301,ev_charging,Logistics and charging,1096.46,0.8279,747.831,0.0,747.831,6.98,0.091,1,0,valid,synthetic_generator_v1
2026-01-03T22:00:00-05:00,PARK-DEMO-01,F-301,ev_charging,Logistics and charging,1096.46,0.8279,625.502,0.0,625.502,5.68,0.091,1,0,valid,synthetic_generator_v1
2026-01-03T23:00:00-05:00,PARK-DEMO-01,F-301,ev_charging,Logistics and charging,1096.46,0.8279,342.58,0.0,342.58,3.13,0.091,1,0,valid,synthetic_generator_v1
2026-01-04T00:00:00-05:00,PARK-DEMO-01,F-301,ev_charging,Logistics and charging,1096.46,0.8279,302.057,0.0,302.057,1.98,0.091,1,0,valid,synthetic_generator_v1
2026-01-04T01:00:00-05:00,PARK-DEMO-01,F-301,ev_charging,Logistics and charging,1096.46,0.8279,310.195,0.0,310.195,4.46,0.091,1,0,valid,synthetic_generator_v1
2026-01-04T02:00:00-05:00,PARK-DEMO-01,F-301,ev_charging,Logistics and charging,1096.46,0.8279,340.41,0.0,340.41,0.59,0.091,1,0,valid,synthetic_generator_v1
2026-01-04T03:00:00-05:00,PARK-DEMO-01,F-301,ev_charging,Logistics and charging,1096.46,0.8279,274.456,0.0,274.456,2.58,0.091,1,0,valid,synthetic_generator_v1
2026-01-04T04:00:00-05:00,PARK-DEMO-01,F-301,ev_charging,Logistics and charging,1096.46,0.8279,399.623,0.0,399.623,-0.28,0.091,1,0,valid,synthetic_generator_v1
2026-01-04T05:00:00-05:00,PARK-DEMO-01,F-301,ev_charging,Logistics and charging,1096.46,0.8279,373.741,0.0,373.741,3.22,0.091,1,0,valid,synthetic_generator_v1
2026-01-04T06:00:00-05:00,PARK-DEMO-01,F-301,ev_charging,Logistics and charging,1096.46,0.8279,539.728,0.0,539.728,5.11,0.091,1,0,valid,synthetic_generator_v1
2026-01-04T07:00:00-05:00,PARK-DEMO-01,F-301,ev_charging,Logistics and charging,1096.46,0.8279,611.802,58.62,553.182,7.19,0.091,1,0,valid,synthetic_generator_v1
2026-01-04T08:00:00-05:00,PARK-DEMO-01,F-301,ev_charging,Logistics and charging,1096.46,0.8279,502.188,106.236,395.953,6.36,0.109,1,0,valid,synthetic_generator_v1
2026-01-04T09:00:00-05:00,PARK-DEMO-01,F-301,ev_charging,Logistics and charging,1096.46,0.8279,397.999,139.64,258.358,10.46,0.109,1,0,valid,synthetic_generator_v1
2026-01-04T10:00:00-05:00,PARK-DEMO-01,F-301,ev_charging,Logistics and charging,1096.46,0.8279,355.807,154.529,201.278,11.02,0.109,1,0,valid,synthetic_generator_v1
2026-01-04T11:00:00-05:00,PARK-DEMO-01,F-301,ev_charging,Logistics and charging,1096.46,0.8279,328.132,214.181,113.951,13.13,0.109,1,0,valid,synthetic_generator_v1
2026-01-04T12:00:00-05:00,PARK-DEMO-01,F-301,ev_charging,Logistics and charging,1096.46,0.8279,325.257,205.246,120.011,13.92,0.109,1,0,valid,synthetic_generator_v1
2026-01-04T13:00:00-05:00,PARK-DEMO-01,F-301,ev_charging,Logistics and charging,1096.46,0.8279,329.971,204.669,125.302,15.32,0.109,1,0,valid,synthetic_generator_v1
2026-01-04T14:00:00-05:00,PARK-DEMO-01,F-301,ev_charging,Logistics and charging,1096.46,0.8279,391.913,184.827,207.085,14.51,0.109,1,0,valid,synthetic_generator_v1
2026-01-04T15:00:00-05:00,PARK-DEMO-01,F-301,ev_charging,Logistics and charging,1096.46,0.8279,459.6,149.428,310.172,14.54,0.109,1,0,valid,synthetic_generator_v1
2026-01-04T16:00:00-05:00,PARK-DEMO-01,F-301,ev_charging,Logistics and charging,1096.46,0.8279,635.898,91.612,544.286,14.52,0.091,1,0,valid,synthetic_generator_v1
2026-01-04T17:00:00-05:00,PARK-DEMO-01,F-301,ev_charging,Logistics and charging,1096.46,0.8279,758.495,56.517,701.978,12.67,0.091,1,0,valid,synthetic_generator_v1
2026-01-04T18:00:00-05:00,PARK-DEMO-01,F-301,ev_charging,Logistics and charging,1096.46,0.8279,959.282,0.0,959.282,13.51,0.091,1,0,valid,synthetic_generator_v1
2026-01-04T19:00:00-05:00,PARK-DEMO-01,F-301,ev_charging,Logistics and charging,1096.46,0.8279,970.155,0.0,970.155,12.16,0.091,1,0,valid,synthetic_generator_v1
2026-01-04T20:00:00-05:00,PARK-DEMO-01,F-301,ev_charging,Logistics and charging,1096.46,0.8279,981.07,0.0,981.07,8.97,0.091,1,0,valid,synthetic_generator_v1
2026-01-04T21:00:00-05:00,PARK-DEMO-01,F-301,ev_charging,Logistics and charging,1096.46,0.8279,732.983,0.0,732.983,5.63,0.091,1,0,valid,synthetic_generator_v1
2026-01-04T22:00:00-05:00,PARK-DEMO-01,F-301,ev_charging,Logistics and charging,1096.46,0.8279,614.127,0.0,614.127,5.39,0.091,1,0,valid,synthetic_generator_v1
2026-01-04T23:00:00-05:00,PARK-DEMO-01,F-301,ev_charging,Logistics and charging,1096.46,0.8279,316.009,0.0,316.009,4.44,0.091,1,0,valid,synthetic_generator_v1
2026-01-05T00:00:00-05:00,PARK-DEMO-01,F-301,ev_charging,Logistics and charging,1096.46,0.8279,113.853,0.0,113.853,1.98,0.091,0,0,valid,synthetic_generator_v1
2026-01-05T01:00:00-05:00,PARK-DEMO-01,F-301,ev_charging,Logistics and charging,1096.46,0.8279,190.191,0.0,190.191,-1.57,0.091,0,0,valid,synthetic_generator_v1
2026-01-05T02:00:00-05:00,PARK-DEMO-01,F-301,ev_charging,Logistics and charging,1096.46,0.8279,211.871,0.0,211.871,1.24,0.091,0,0,valid,synthetic_generator_v1
2026-01-05T03:00:00-05:00,PARK-DEMO-01,F-301,ev_charging,Logistics and charging,1096.46,0.8279,295.889,0.0,295.889,0.26,0.091,0,0,valid,synthetic_generator_v1
2026-01-05T04:00:00-05:00,PARK-DEMO-01,F-301,ev_charging,Logistics and charging,1096.46,0.8279,236.824,0.0,236.824,-1.11,0.091,0,0,valid,synthetic_generator_v1
2026-01-05T05:00:00-05:00,PARK-DEMO-01,F-301,ev_charging,Logistics and charging,1096.46,0.8279,327.678,0.0,327.678,-0.54,0.091,0,0,valid,synthetic_generator_v1
2026-01-05T06:00:00-05:00,PARK-DEMO-01,F-301,ev_charging,Logistics and charging,1096.46,0.8279,367.054,0.0,367.054,3.1,0.091,0,0,valid,synthetic_generator_v1
2026-01-05T07:00:00-05:00,PARK-DEMO-01,F-301,ev_charging,Logistics and charging,1096.46,0.8279,487.144,47.061,440.082,3.05,0.091,0,0,valid,synthetic_generator_v1
2026-01-05T08:00:00-05:00,PARK-DEMO-01,F-301,ev_charging,Logistics and charging,1096.46,0.8279,433.017,92.202,340.815,7.7,0.109,0,0,valid,synthetic_generator_v1
2026-01-05T09:00:00-05:00,PARK-DEMO-01,F-301,ev_charging,Logistics and charging,1096.46,0.8279,287.542,123.387,164.155,6.63,0.109,0,0,valid,synthetic_generator_v1
2026-01-05T10:00:00-05:00,PARK-DEMO-01,F-301,ev_charging,Logistics and charging,1096.46,0.8279,260.209,153.142,107.068,10.97,0.109,0,0,valid,synthetic_generator_v1
2026-01-05T11:00:00-05:00,PARK-DEMO-01,F-301,ev_charging,Logistics and charging,1096.46,0.8279,221.291,211.021,10.269,10.9,0.109,0,0,valid,synthetic_generator_v1
2026-01-05T12:00:00-05:00,PARK-DEMO-01,F-301,ev_charging,Logistics and charging,1096.46,0.8279,119.587,218.106,0.0,13.45,0.109,0,0,valid,synthetic_generator_v1
2026-01-05T13:00:00-05:00,PARK-DEMO-01,F-301,ev_charging,Logistics and charging,1096.46,0.8279,276.784,167.773,109.011,13.05,0.109,0,0,valid,synthetic_generator_v1
2026-01-05T14:00:00-05:00,PARK-DEMO-01,F-301,ev_charging,Logistics and charging,1096.46,0.8279,316.507,190.806,125.701,13.42,0.109,0,0,valid,synthetic_generator_v1
2026-01-05T15:00:00-05:00,PARK-DEMO-01,F-301,ev_charging,Logistics and charging,1096.46,0.8279,379.725,126.925,252.8,15.21,0.109,0,0,valid,synthetic_generator_v1
2026-01-05T16:00:00-05:00,PARK-DEMO-01,F-301,ev_charging,Logistics and charging,1096.46,0.8279,513.45,93.541,419.909,16.11,0.165,0,0,valid,synthetic_generator_v1
2026-01-05T17:00:00-05:00,PARK-DEMO-01,F-301,ev_charging,Logistics and charging,1096.46,0.8279,657.376,55.551,601.825,13.52,0.165,0,0,valid,synthetic_generator_v1
2026-01-05T18:00:00-05:00,PARK-DEMO-01,F-301,ev_charging,Logistics and charging,1096.46,0.8279,801.434,0.0,801.434,9.08,0.165,0,0,valid,synthetic_generator_v1
2026-01-05T19:00:00-05:00,PARK-DEMO-01,F-301,ev_charging,Logistics and charging,1096.46,0.8279,847.219,0.0,847.219,9.45,0.165,0,0,valid,synthetic_generator_v1
2026-01-05T20:00:00-05:00,PARK-DEMO-01,F-301,ev_charging,Logistics and charging,1096.46,0.8279,815.765,0.0,815.765,8.35,0.165,0,0,valid,synthetic_generator_v1
2026-01-05T21:00:00-05:00,PARK-DEMO-01,F-301,ev_charging,Logistics and charging,1096.46,0.8279,683.396,0.0,683.396,4.0,0.165,0,0,valid,synthetic_generator_v1
2026-01-05T22:00:00-05:00,PARK-DEMO-01,F-301,ev_charging,Logistics and charging,1096.46,0.8279,484.758,0.0,484.758,3.75,0.091,0,0,valid,synthetic_generator_v1
2026-01-05T23:00:00-05:00,PARK-DEMO-01,F-301,ev_charging,Logistics and charging,1096.46,0.8279,214.418,0.0,214.418,0.38,0.091,0,0,valid,synthetic_generator_v1
2026-01-06T00:00:00-05:00,PARK-DEMO-01,F-301,ev_charging,Logistics and charging,1096.46,0.8279,170.959,0.0,170.959,-0.69,0.091,0,0,valid,synthetic_generator_v1
2026-01-06T01:00:00-05:00,PARK-DEMO-01,F-301,ev_charging,Logistics and charging,1096.46,0.8279,246.331,0.0,246.331,-2.15,0.091,0,0,valid,synthetic_generator_v1
2026-01-06T02:00:00-05:00,PARK-DEMO-01,F-301,ev_charging,Logistics and charging,1096.46,0.8279,219.845,0.0,219.845,-0.12,0.091,0,0,valid,synthetic_generator_v1
2026-01-06T03:00:00-05:00,PARK-DEMO-01,F-301,ev_charging,Logistics and charging,1096.46,0.8279,224.073,0.0,224.073,-1.26,0.091,0,0,valid,synthetic_generator_v1
2026-01-06T04:00:00-05:00,PARK-DEMO-01,F-301,ev_charging,Logistics and charging,1096.46,0.8279,255.1,0.0,255.1,-1.83,0.091,0,0,valid,synthetic_generator_v1
2026-01-06T05:00:00-05:00,PARK-DEMO-01,F-301,ev_charging,Logistics and charging,1096.46,0.8279,352.394,0.0,352.394,1.48,0.091,0,0,valid,synthetic_generator_v1
2026-01-06T06:00:00-05:00,PARK-DEMO-01,F-301,ev_charging,Logistics and charging,1096.46,0.8279,387.001,0.0,387.001,1.68,0.091,0,0,valid,synthetic_generator_v1
2026-01-06T07:00:00-05:00,PARK-DEMO-01,F-301,ev_charging,Logistics and charging,1096.46,0.8279,453.083,58.635,394.448,3.04,0.091,0,0,valid,synthetic_generator_v1
2026-01-06T08:00:00-05:00,PARK-DEMO-01,F-301,ev_charging,Logistics and charging,1096.46,0.8279,415.232,95.517,319.715,4.9,0.109,0,0,valid,synthetic_generator_v1
2026-01-06T09:00:00-05:00,PARK-DEMO-01,F-301,ev_charging,Logistics and charging,1096.46,0.8279,326.872,142.582,184.29,7.3,0.109,0,0,valid,synthetic_generator_v1
2026-01-06T10:00:00-05:00,PARK-DEMO-01,F-301,ev_charging,Logistics and charging,1096.46,0.8279,277.116,166.445,110.671,10.2,0.109,0,0,valid,synthetic_generator_v1
2026-01-06T11:00:00-05:00,PARK-DEMO-01,F-301,ev_charging,Logistics and charging,1096.46,0.8279,241.664,191.819,49.845,10.73,0.109,0,0,valid,synthetic_generator_v1
2026-01-06T12:00:00-05:00,PARK-DEMO-01,F-301,ev_charging,Logistics and charging,1096.46,0.8279,187.121,221.774,0.0,10.14,0.109,0,0,valid,synthetic_generator_v1
2026-01-06T13:00:00-05:00,PARK-DEMO-01,F-301,ev_charging,Logistics and charging,1096.46,0.8279,256.188,209.364,46.824,12.56,0.109,0,0,valid,synthetic_generator_v1
2026-01-06T14:00:00-05:00,PARK-DEMO-01,F-301,ev_charging,Logistics and charging,1096.46,0.8279,246.108,154.75,91.358,14.27,0.109,0,0,valid,synthetic_generator_v1
2026-01-06T15:00:00-05:00,PARK-DEMO-01,F-301,ev_charging,Logistics and charging,1096.46,0.8279,348.667,141.016,207.651,13.17,0.109,0,0,valid,synthetic_generator_v1
2026-01-06T16:00:00-05:00,PARK-DEMO-01,F-301,ev_charging,Logistics and charging,1096.46,0.8279,517.558,109.503,408.055,13.48,0.165,0,0,valid,synthetic_generator_v1
2026-01-06T17:00:00-05:00,PARK-DEMO-01,F-301,ev_charging,Logistics and charging,1096.46,0.8279,678.225,53.416,624.809,13.71,0.165,0,0,valid,synthetic_generator_v1
2026-01-06T18:00:00-05:00,PARK-DEMO-01,F-301,ev_charging,Logistics and charging,1096.46,0.8279,802.403,0.0,802.403,10.66,0.165,0,0,valid,synthetic_generator_v1
2026-01-06T19:00:00-05:00,PARK-DEMO-01,F-301,ev_charging,Logistics and charging,1096.46,0.8279,901.474,0.0,901.474,9.03,0.165,0,0,valid,synthetic_generator_v1
2026-01-06T20:00:00-05:00,PARK-DEMO-01,F-301,ev_charging,Logistics and charging,1096.46,0.8279,836.125,0.0,836.125,5.75,0.165,0,0,valid,synthetic_generator_v1
2026-01-06T21:00:00-05:00,PARK-DEMO-01,F-301,ev_charging,Logistics and charging,1096.46,0.8279,697.117,0.0,697.117,6.38,0.165,0,0,valid,synthetic_generator_v1
2026-01-06T22:00:00-05:00,PARK-DEMO-01,F-301,ev_charging,Logistics and charging,1096.46,0.8279,557.918,0.0,557.918,4.37,0.091,0,0,valid,synthetic_generator_v1
2026-01-06T23:00:00-05:00,PARK-DEMO-01,F-301,ev_charging,Logistics and charging,1096.46,0.8279,211.271,0.0,211.271,0.61,0.091,0,0,valid,synthetic_generator_v1
2026-01-07T00:00:00-05:00,PARK-DEMO-01,F-301,ev_charging,Logistics and charging,1096.46,0.8279,197.683,0.0,197.683,-0.42,0.091,0,0,valid,synthetic_generator_v1
2026-01-07T01:00:00-05:00,PARK-DEMO-01,F-301,ev_charging,Logistics and charging,1096.46,0.8279,192.54,0.0,192.54,-2.33,0.091,0,0,valid,synthetic_generator_v1
2026-01-07T02:00:00-05:00,PARK-DEMO-01,F-301,ev_charging,Logistics and charging,1096.46,0.8279,201.123,0.0,201.123,-2.19,0.091,0,0,valid,synthetic_generator_v1
2026-01-07T03:00:00-05:00,PARK-DEMO-01,F-301,ev_charging,Logistics and charging,1096.46,0.8279,255.352,0.0,255.352,-0.02,0.091,0,0,valid,synthetic_generator_v1
2026-01-07T04:00:00-05:00,PARK-DEMO-01,F-301,ev_charging,Logistics and charging,1096.46,0.8279,265.294,0.0,265.294,-1.15,0.091,0,0,valid,synthetic_generator_v1
2026-01-07T05:00:00-05:00,PARK-DEMO-01,F-301,ev_charging,Logistics and charging,1096.46,0.8279,339.141,0.0,339.141,0.31,0.091,0,0,valid,synthetic_generator_v1
2026-01-07T06:00:00-05:00,PARK-DEMO-01,F-301,ev_charging,Logistics and charging,1096.46,0.8279,487.561,0.0,487.561,3.65,0.091,0,0,valid,synthetic_generator_v1
2026-01-07T07:00:00-05:00,PARK-DEMO-01,F-301,ev_charging,Logistics and charging,1096.46,0.8279,455.277,57.55,397.728,2.14,0.091,0,0,valid,synthetic_generator_v1
2026-01-07T08:00:00-05:00,PARK-DEMO-01,F-301,ev_charging,Logistics and charging,1096.46,0.8279,430.312,108.237,322.075,5.3,0.109,0,0,valid,synthetic_generator_v1
2026-01-07T09:00:00-05:00,PARK-DEMO-01,F-301,ev_charging,Logistics and charging,1096.46,0.8279,285.807,124.415,161.392,6.89,0.109,0,0,valid,synthetic_generator_v1
2026-01-07T10:00:00-05:00,PARK-DEMO-01,F-301,ev_charging,Logistics and charging,1096.46,0.8279,258.472,176.21,82.262,9.51,0.109,0,0,valid,synthetic_generator_v1
2026-01-07T11:00:00-05:00,PARK-DEMO-01,F-301,ev_charging,Logistics and charging,1096.46,0.8279,232.732,192.26,40.472,8.27,0.109,0,0,valid,synthetic_generator_v1
2026-01-07T12:00:00-05:00,PARK-DEMO-01,F-301,ev_charging,Logistics and charging,1096.46,0.8279,231.49,175.823,55.667,8.97,0.109,0,0,valid,synthetic_generator_v1
2026-01-07T13:00:00-05:00,PARK-DEMO-01,F-301,ev_charging,Logistics and charging,1096.46,0.8279,166.83,217.62,0.0,15.71,0.109,0,0,valid,synthetic_generator_v1
2026-01-07T14:00:00-05:00,PARK-DEMO-01,F-301,ev_charging,Logistics and charging,1096.46,0.8279,284.719,179.314,105.405,11.36,0.109,0,0,valid,synthetic_generator_v1
2026-01-07T15:00:00-05:00,PARK-DEMO-01,F-301,ev_charging,Logistics and charging,1096.46,0.8279,385.354,154.377,230.977,10.77,0.109,0,0,valid,synthetic_generator_v1
2026-01-07T16:00:00-05:00,PARK-DEMO-01,F-301,ev_charging,Logistics and charging,1096.46,0.8279,468.989,112.848,356.141,10.67,0.165,0,0,valid,synthetic_generator_v1
2026-01-07T17:00:00-05:00,PARK-DEMO-01,F-301,ev_charging,Logistics and charging,1096.46,0.8279,706.088,45.768,660.32,12.34,0.165,0,0,valid,synthetic_generator_v1
2026-01-07T18:00:00-05:00,PARK-DEMO-01,F-301,ev_charging,Logistics and charging,1096.46,0.8279,856.208,0.0,856.208,8.74,0.165,0,0,valid,synthetic_generator_v1
2026-01-07T19:00:00-05:00,PARK-DEMO-01,F-301,ev_charging,Logistics and charging,1096.46,0.8279,156.785,0.0,156.785,6.67,0.165,0,1,anomaly,synthetic_generator_v1
2026-01-07T20:00:00-05:00,PARK-DEMO-01,F-301,ev_charging,Logistics and charging,1096.46,0.8279,801.606,0.0,801.606,4.42,0.165,0,0,valid,synthetic_generator_v1
2026-01-07T21:00:00-05:00,PARK-DEMO-01,F-301,ev_charging,Logistics and charging,1096.46,0.8279,668.604,0.0,668.604,5.08,0.165,0,0,valid,synthetic_generator_v1
2026-01-07T22:00:00-05:00,PARK-DEMO-01,F-301,ev_charging,Logistics and charging,1096.46,0.8279,501.574,0.0,501.574,2.28,0.091,0,0,valid,synthetic_generator_v1
2026-01-07T23:00:00-05:00,PARK-DEMO-01,F-301,ev_charging,Logistics and charging,1096.46,0.8279,140.532,0.0,140.532,-0.45,0.091,0,0,valid,synthetic_generator_v1
2026-01-01T00:00:00-05:00,PARK-DEMO-01,F-302,ev_charging,Logistics and charging,918.7,0.8712,427.955,0.0,427.955,0.35,0.091,0,0,valid,synthetic_generator_v1
2026-01-01T01:00:00-05:00,PARK-DEMO-01,F-302,ev_charging,Logistics and charging,918.7,0.8712,169.7,0.0,169.7,-0.25,0.091,0,0,valid,synthetic_generator_v1
2026-01-01T02:00:00-05:00,PARK-DEMO-01,F-302,ev_charging,Logistics and charging,918.7,0.8712,85.455,0.0,85.455,1.9,0.091,0,0,valid,synthetic_generator_v1
2026-01-01T03:00:00-05:00,PARK-DEMO-01,F-302,ev_charging,Logistics and charging,918.7,0.8712,159.271,0.0,159.271,-0.29,0.091,0,0,valid,synthetic_generator_v1
2026-01-01T04:00:00-05:00,PARK-DEMO-01,F-302,ev_charging,Logistics and charging,918.7,0.8712,186.714,0.0,186.714,2.96,0.091,0,0,valid,synthetic_generator_v1
2026-01-01T05:00:00-05:00,PARK-DEMO-01,F-302,ev_charging,Logistics and charging,918.7,0.8712,204.428,0.0,204.428,2.05,0.091,0,0,valid,synthetic_generator_v1
2026-01-01T06:00:00-05:00,PARK-DEMO-01,F-302,ev_charging,Logistics and charging,918.7,0.8712,207.296,0.0,207.296,4.48,0.091,0,0,valid,synthetic_generator_v1
2026-01-01T07:00:00-05:00,PARK-DEMO-01,F-302,ev_charging,Logistics and charging,918.7,0.8712,289.207,58.431,230.775,4.8,0.091,0,0,valid,synthetic_generator_v1
2026-01-01T08:00:00-05:00,PARK-DEMO-01,F-302,ev_charging,Logistics and charging,918.7,0.8712,330.578,97.717,232.861,8.28,0.109,0,0,valid,synthetic_generator_v1
2026-01-01T09:00:00-05:00,PARK-DEMO-01,F-302,ev_charging,Logistics and charging,918.7,0.8712,424.683,136.107,288.577,10.4,0.109,0,0,valid,synthetic_generator_v1
2026-01-01T10:00:00-05:00,PARK-DEMO-01,F-302,ev_charging,Logistics and charging,918.7,0.8712,330.802,187.496,143.306,11.31,0.109,0,0,valid,synthetic_generator_v1
2026-01-01T11:00:00-05:00,PARK-DEMO-01,F-302,ev_charging,Logistics and charging,918.7,0.8712,293.078,204.276,88.802,12.16,0.109,0,0,valid,synthetic_generator_v1
2026-01-01T12:00:00-05:00,PARK-DEMO-01,F-302,ev_charging,Logistics and charging,918.7,0.8712,175.01,218.052,0.0,12.62,0.109,0,0,valid,synthetic_generator_v1
2026-01-01T13:00:00-05:00,PARK-DEMO-01,F-302,ev_charging,Logistics and charging,918.7,0.8712,165.67,168.661,0.0,15.99,0.109,0,0,valid,synthetic_generator_v1
2026-01-01T14:00:00-05:00,PARK-DEMO-01,F-302,ev_charging,Logistics and charging,918.7,0.8712,164.17,170.878,0.0,14.3,0.109,0,0,valid,synthetic_generator_v1
2026-01-01T15:00:00-05:00,PARK-DEMO-01,F-302,ev_charging,Logistics and charging,918.7,0.8712,205.924,127.445,78.479,14.82,0.109,0,0,valid,synthetic_generator_v1
2026-01-01T16:00:00-05:00,PARK-DEMO-01,F-302,ev_charging,Logistics and charging,918.7,0.8712,257.145,86.957,170.188,13.96,0.165,0,0,valid,synthetic_generator_v1
2026-01-01T17:00:00-05:00,PARK-DEMO-01,F-302,ev_charging,Logistics and charging,918.7,0.8712,317.564,48.069,269.495,13.31,0.165,0,0,valid,synthetic_generator_v1
2026-01-01T18:00:00-05:00,PARK-DEMO-01,F-302,ev_charging,Logistics and charging,918.7,0.8712,440.959,0.0,440.959,12.45,0.165,0,0,valid,synthetic_generator_v1
2026-01-01T19:00:00-05:00,PARK-DEMO-01,F-302,ev_charging,Logistics and charging,918.7,0.8712,527.48,0.0,527.48,8.69,0.165,0,0,valid,synthetic_generator_v1
2026-01-01T20:00:00-05:00,PARK-DEMO-01,F-302,ev_charging,Logistics and charging,918.7,0.8712,612.979,0.0,612.979,8.27,0.165,0,0,valid,synthetic_generator_v1
2026-01-01T21:00:00-05:00,PARK-DEMO-01,F-302,ev_charging,Logistics and charging,918.7,0.8712,689.902,0.0,689.902,8.83,0.165,0,0,valid,synthetic_generator_v1
2026-01-01T22:00:00-05:00,PARK-DEMO-01,F-302,ev_charging,Logistics and charging,918.7,0.8712,652.13,0.0,652.13,5.11,0.091,0,0,valid,synthetic_generator_v1
2026-01-01T23:00:00-05:00,PARK-DEMO-01,F-302,ev_charging,Logistics and charging,918.7,0.8712,581.124,0.0,581.124,4.16,0.091,0,0,valid,synthetic_generator_v1
2026-01-02T00:00:00-05:00,PARK-DEMO-01,F-302,ev_charging,Logistics and charging,918.7,0.8712,388.518,0.0,388.518,3.1,0.091,0,0,valid,synthetic_generator_v1
2026-01-02T01:00:00-05:00,PARK-DEMO-01,F-302,ev_charging,Logistics and charging,918.7,0.8712,190.599,0.0,190.599,2.7,0.091,0,0,valid,synthetic_generator_v1
2026-01-02T02:00:00-05:00,PARK-DEMO-01,F-302,ev_charging,Logistics and charging,918.7,0.8712,162.787,0.0,162.787,3.1,0.091,0,0,valid,synthetic_generator_v1
2026-01-02T03:00:00-05:00,PARK-DEMO-01,F-302,ev_charging,Logistics and charging,918.7,0.8712,210.065,0.0,210.065,1.47,0.091,0,0,valid,synthetic_generator_v1
2026-01-02T04:00:00-05:00,PARK-DEMO-01,F-302,ev_charging,Logistics and charging,918.7,0.8712,230.997,0.0,230.997,2.53,0.091,0,0,valid,synthetic_generator_v1
2026-01-02T05:00:00-05:00,PARK-DEMO-01,F-302,ev_charging,Logistics and charging,918.7,0.8712,171.993,0.0,171.993,3.62,0.091,0,0,valid,synthetic_generator_v1
2026-01-02T06:00:00-05:00,PARK-DEMO-01,F-302,ev_charging,Logistics and charging,918.7,0.8712,248.071,0.0,248.071,5.93,0.091,0,0,valid,synthetic_generator_v1
2026-01-02T07:00:00-05:00,PARK-DEMO-01,F-302,ev_charging,Logistics and charging,918.7,0.8712,261.819,51.088,210.731,6.51,0.091,0,0,valid,synthetic_generator_v1
2026-01-02T08:00:00-05:00,PARK-DEMO-01,F-302,ev_charging,Logistics and charging,918.7,0.8712,340.772,87.066,253.706,10.04,0.109,0,0,valid,synthetic_generator_v1
2026-01-02T09:00:00-05:00,PARK-DEMO-01,F-302,ev_charging,Logistics and charging,918.7,0.8712,395.322,150.717,244.605,11.65,0.109,0,0,valid,synthetic_generator_v1
2026-01-02T10:00:00-05:00,PARK-DEMO-01,F-302,ev_charging,Logistics and charging,918.7,0.8712,344.005,167.549,176.456,12.15,0.109,0,0,valid,synthetic_generator_v1
2026-01-02T11:00:00-05:00,PARK-DEMO-01,F-302,ev_charging,Logistics and charging,918.7,0.8712,292.702,192.948,99.754,12.09,0.109,0,0,valid,synthetic_generator_v1
2026-01-02T12:00:00-05:00,PARK-DEMO-01,F-302,ev_charging,Logistics and charging,918.7,0.8712,206.87,211.495,0.0,12.46,0.109,0,0,valid,synthetic_generator_v1
2026-01-02T13:00:00-05:00,PARK-DEMO-01,F-302,ev_charging,Logistics and charging,918.7,0.8712,231.302,173.277,58.025,16.09,0.109,0,0,valid,synthetic_generator_v1
2026-01-02T14:00:00-05:00,PARK-DEMO-01,F-302,ev_charging,Logistics and charging,918.7,0.8712,161.306,162.316,0.0,15.36,0.109,0,0,valid,synthetic_generator_v1
2026-01-02T15:00:00-05:00,PARK-DEMO-01,F-302,ev_charging,Logistics and charging,918.7,0.8712,172.291,149.659,22.632,17.21,0.109,0,0,valid,synthetic_generator_v1
2026-01-02T16:00:00-05:00,PARK-DEMO-01,F-302,ev_charging,Logistics and charging,918.7,0.8712,274.684,95.639,179.046,14.72,0.165,0,0,valid,synthetic_generator_v1
2026-01-02T17:00:00-05:00,PARK-DEMO-01,F-302,ev_charging,Logistics and charging,918.7,0.8712,277.519,58.022,219.497,13.43,0.165,0,0,valid,synthetic_generator_v1
2026-01-02T18:00:00-05:00,PARK-DEMO-01,F-302,ev_charging,Logistics and charging,918.7,0.8712,424.268,0.0,424.268,11.64,0.165,0,0,valid,synthetic_generator_v1
2026-01-02T19:00:00-05:00,PARK-DEMO-01,F-302,ev_charging,Logistics and charging,918.7,0.8712,580.412,0.0,580.412,11.37,0.165,0,0,valid,synthetic_generator_v1
2026-01-02T20:00:00-05:00,PARK-DEMO-01,F-302,ev_charging,Logistics and charging,918.7,0.8712,716.31,0.0,716.31,11.4,0.165,0,0,valid,synthetic_generator_v1
2026-01-02T21:00:00-05:00,PARK-DEMO-01,F-302,ev_charging,Logistics and charging,918.7,0.8712,773.354,0.0,773.354,5.65,0.165,0,0,valid,synthetic_generator_v1
2026-01-02T22:00:00-05:00,PARK-DEMO-01,F-302,ev_charging,Logistics and charging,918.7,0.8712,661.344,0.0,661.344,5.81,0.091,0,0,valid,synthetic_generator_v1
2026-01-02T23:00:00-05:00,PARK-DEMO-01,F-302,ev_charging,Logistics and charging,918.7,0.8712,563.786,0.0,563.786,2.65,0.091,0,0,valid,synthetic_generator_v1
2026-01-03T00:00:00-05:00,PARK-DEMO-01,F-302,ev_charging,Logistics and charging,918.7,0.8712,540.271,0.0,540.271,2.38,0.091,1,0,valid,synthetic_generator_v1
2026-01-03T01:00:00-05:00,PARK-DEMO-01,F-302,ev_charging,Logistics and charging,918.7,0.8712,300.132,0.0,300.132,2.22,0.091,1,0,valid,synthetic_generator_v1
2026-01-03T02:00:00-05:00,PARK-DEMO-01,F-302,ev_charging,Logistics and charging,918.7,0.8712,220.355,0.0,220.355,2.93,0.091,1,0,valid,synthetic_generator_v1
2026-01-03T03:00:00-05:00,PARK-DEMO-01,F-302,ev_charging,Logistics and charging,918.7,0.8712,243.595,0.0,243.595,1.88,0.091,1,0,valid,synthetic_generator_v1
2026-01-03T04:00:00-05:00,PARK-DEMO-01,F-302,ev_charging,Logistics and charging,918.7,0.8712,238.366,0.0,238.366,3.5,0.091,1,0,valid,synthetic_generator_v1
2026-01-03T05:00:00-05:00,PARK-DEMO-01,F-302,ev_charging,Logistics and charging,918.7,0.8712,272.665,0.0,272.665,2.95,0.091,1,0,valid,synthetic_generator_v1
2026-01-03T06:00:00-05:00,PARK-DEMO-01,F-302,ev_charging,Logistics and charging,918.7,0.8712,338.245,0.0,338.245,3.45,0.091,1,0,valid,synthetic_generator_v1
2026-01-03T07:00:00-05:00,PARK-DEMO-01,F-302,ev_charging,Logistics and charging,918.7,0.8712,348.167,58.323,289.844,6.34,0.091,1,0,valid,synthetic_generator_v1
2026-01-03T08:00:00-05:00,PARK-DEMO-01,F-302,ev_charging,Logistics and charging,918.7,0.8712,459.044,94.183,364.861,9.15,0.109,1,0,valid,synthetic_generator_v1
2026-01-03T09:00:00-05:00,PARK-DEMO-01,F-302,ev_charging,Logistics and charging,918.7,0.8712,497.539,149.011,348.529,9.92,0.109,1,0,valid,synthetic_generator_v1
2026-01-03T10:00:00-05:00,PARK-DEMO-01,F-302,ev_charging,Logistics and charging,918.7,0.8712,439.618,157.325,282.292,12.02,0.109,1,0,valid,synthetic_generator_v1
2026-01-03T11:00:00-05:00,PARK-DEMO-01,F-302,ev_charging,Logistics and charging,918.7,0.8712,363.895,217.819,146.076,13.49,0.109,1,0,valid,synthetic_generator_v1
2026-01-03T12:00:00-05:00,PARK-DEMO-01,F-302,ev_charging,Logistics and charging,918.7,0.8712,301.982,189.61,112.372,14.81,0.109,1,0,valid,synthetic_generator_v1
2026-01-03T13:00:00-05:00,PARK-DEMO-01,F-302,ev_charging,Logistics and charging,918.7,0.8712,266.929,208.165,58.764,17.83,0.109,1,0,valid,synthetic_generator_v1
2026-01-03T14:00:00-05:00,PARK-DEMO-01,F-302,ev_charging,Logistics and charging,918.7,0.8712,238.835,156.747,82.089,14.32,0.109,1,0,valid,synthetic_generator_v1
2026-01-03T15:00:00-05:00,PARK-DEMO-01,F-302,ev_charging,Logistics and charging,918.7,0.8712,267.657,129.28,138.376,15.62,0.109,1,0,valid,synthetic_generator_v1
2026-01-03T16:00:00-05:00,PARK-DEMO-01,F-302,ev_charging,Logistics and charging,918.7,0.8712,297.271,103.82,193.45,16.47,0.091,1,0,valid,synthetic_generator_v1
2026-01-03T17:00:00-05:00,PARK-DEMO-01,F-302,ev_charging,Logistics and charging,918.7,0.8712,388.969,50.702,338.267,14.14,0.091,1,0,valid,synthetic_generator_v1
2026-01-03T18:00:00-05:00,PARK-DEMO-01,F-302,ev_charging,Logistics and charging,918.7,0.8712,519.527,0.0,519.527,11.72,0.091,1,0,valid,synthetic_generator_v1
2026-01-03T19:00:00-05:00,PARK-DEMO-01,F-302,ev_charging,Logistics and charging,918.7,0.8712,625.075,0.0,625.075,10.73,0.091,1,0,valid,synthetic_generator_v1
2026-01-03T20:00:00-05:00,PARK-DEMO-01,F-302,ev_charging,Logistics and charging,918.7,0.8712,764.625,0.0,764.625,9.47,0.091,1,0,valid,synthetic_generator_v1
2026-01-03T21:00:00-05:00,PARK-DEMO-01,F-302,ev_charging,Logistics and charging,918.7,0.8712,831.304,0.0,831.304,5.71,0.091,1,0,valid,synthetic_generator_v1
2026-01-03T22:00:00-05:00,PARK-DEMO-01,F-302,ev_charging,Logistics and charging,918.7,0.8712,782.881,0.0,782.881,5.16,0.091,1,0,valid,synthetic_generator_v1
2026-01-03T23:00:00-05:00,PARK-DEMO-01,F-302,ev_charging,Logistics and charging,918.7,0.8712,651.107,0.0,651.107,7.67,0.091,1,0,valid,synthetic_generator_v1
2026-01-04T00:00:00-05:00,PARK-DEMO-01,F-302,ev_charging,Logistics and charging,918.7,0.8712,539.709,0.0,539.709,4.09,0.091,1,0,valid,synthetic_generator_v1
2026-01-04T01:00:00-05:00,PARK-DEMO-01,F-302,ev_charging,Logistics and charging,918.7,0.8712,271.642,0.0,271.642,4.5,0.091,1,0,valid,synthetic_generator_v1
2026-01-04T02:00:00-05:00,PARK-DEMO-01,F-302,ev_charging,Logistics and charging,918.7,0.8712,287.706,0.0,287.706,-0.36,0.091,1,0,valid,synthetic_generator_v1
2026-01-04T03:00:00-05:00,PARK-DEMO-01,F-302,ev_charging,Logistics and charging,918.7,0.8712,241.387,0.0,241.387,0.38,0.091,1,0,valid,synthetic_generator_v1
2026-01-04T04:00:00-05:00,PARK-DEMO-01,F-302,ev_charging,Logistics and charging,918.7,0.8712,228.133,0.0,228.133,1.44,0.091,1,0,valid,synthetic_generator_v1
2026-01-04T05:00:00-05:00,PARK-DEMO-01,F-302,ev_charging,Logistics and charging,918.7,0.8712,294.768,0.0,294.768,3.36,0.091,1,0,valid,synthetic_generator_v1
2026-01-04T06:00:00-05:00,PARK-DEMO-01,F-302,ev_charging,Logistics and charging,918.7,0.8712,295.17,0.0,295.17,3.81,0.091,1,0,valid,synthetic_generator_v1
2026-01-04T07:00:00-05:00,PARK-DEMO-01,F-302,ev_charging,Logistics and charging,918.7,0.8712,318.587,50.243,268.345,8.88,0.091,1,0,valid,synthetic_generator_v1
2026-01-04T08:00:00-05:00,PARK-DEMO-01,F-302,ev_charging,Logistics and charging,918.7,0.8712,454.238,89.24,364.998,6.44,0.109,1,0,valid,synthetic_generator_v1
2026-01-04T09:00:00-05:00,PARK-DEMO-01,F-302,ev_charging,Logistics and charging,918.7,0.8712,488.575,131.293,357.282,10.34,0.109,1,0,valid,synthetic_generator_v1
2026-01-04T10:00:00-05:00,PARK-DEMO-01,F-302,ev_charging,Logistics and charging,918.7,0.8712,425.403,190.197,235.207,11.6,0.109,1,0,valid,synthetic_generator_v1
2026-01-04T11:00:00-05:00,PARK-DEMO-01,F-302,ev_charging,Logistics and charging,918.7,0.8712,358.301,179.757,178.544,11.48,0.109,1,0,valid,synthetic_generator_v1
2026-01-04T12:00:00-05:00,PARK-DEMO-01,F-302,ev_charging,Logistics and charging,918.7,0.8712,369.235,186.451,182.785,14.57,0.109,1,0,valid,synthetic_generator_v1
2026-01-04T13:00:00-05:00,PARK-DEMO-01,F-302,ev_charging,Logistics and charging,918.7,0.8712,277.512,211.049,66.462,16.16,0.109,1,0,valid,synthetic_generator_v1
2026-01-04T14:00:00-05:00,PARK-DEMO-01,F-302,ev_charging,Logistics and charging,918.7,0.8712,219.408,166.818,52.589,14.88,0.109,1,0,valid,synthetic_generator_v1
2026-01-04T15:00:00-05:00,PARK-DEMO-01,F-302,ev_charging,Logistics and charging,918.7,0.8712,244.81,144.128,100.682,15.39,0.109,1,0,valid,synthetic_generator_v1
2026-01-04T16:00:00-05:00,PARK-DEMO-01,F-302,ev_charging,Logistics and charging,918.7,0.8712,297.731,111.838,185.892,13.94,0.091,1,0,valid,synthetic_generator_v1
2026-01-04T17:00:00-05:00,PARK-DEMO-01,F-302,ev_charging,Logistics and charging,918.7,0.8712,427.458,55.682,371.776,11.94,0.091,1,0,valid,synthetic_generator_v1
2026-01-04T18:00:00-05:00,PARK-DEMO-01,F-302,ev_charging,Logistics and charging,918.7,0.8712,514.351,0.0,514.351,12.45,0.091,1,0,valid,synthetic_generator_v1
2026-01-04T19:00:00-05:00,PARK-DEMO-01,F-302,ev_charging,Logistics and charging,918.7,0.8712,639.558,0.0,639.558,12.47,0.091,1,0,valid,synthetic_generator_v1
2026-01-04T20:00:00-05:00,PARK-DEMO-01,F-302,ev_charging,Logistics and charging,918.7,0.8712,792.878,0.0,792.878,9.14,0.091,1,0,valid,synthetic_generator_v1
2026-01-04T21:00:00-05:00,PARK-DEMO-01,F-302,ev_charging,Logistics and charging,918.7,0.8712,869.075,0.0,869.075,7.65,0.091,1,0,valid,synthetic_generator_v1
2026-01-04T22:00:00-05:00,PARK-DEMO-01,F-302,ev_charging,Logistics and charging,918.7,0.8712,764.51,0.0,764.51,4.05,0.091,1,0,valid,synthetic_generator_v1
2026-01-04T23:00:00-05:00,PARK-DEMO-01,F-302,ev_charging,Logistics and charging,918.7,0.8712,697.059,0.0,697.059,2.1,0.091,1,0,valid,synthetic_generator_v1
2026-01-05T00:00:00-05:00,PARK-DEMO-01,F-302,ev_charging,Logistics and charging,918.7,0.8712,426.541,0.0,426.541,0.4,0.091,0,0,valid,synthetic_generator_v1
2026-01-05T01:00:00-05:00,PARK-DEMO-01,F-302,ev_charging,Logistics and charging,918.7,0.8712,182.217,0.0,182.217,-1.89,0.091,0,0,valid,synthetic_generator_v1
2026-01-05T02:00:00-05:00,PARK-DEMO-01,F-302,ev_charging,Logistics and charging,918.7,0.8712,140.792,0.0,140.792,-0.47,0.091,0,0,valid,synthetic_generator_v1
2026-01-05T03:00:00-05:00,PARK-DEMO-01,F-302,ev_charging,Logistics and charging,918.7,0.8712,219.12,0.0,219.12,0.85,0.091,0,0,valid,synthetic_generator_v1
2026-01-05T04:00:00-05:00,PARK-DEMO-01,F-302,ev_charging,Logistics and charging,918.7,0.8712,178.193,0.0,178.193,0.29,0.091,0,0,valid,synthetic_generator_v1
2026-01-05T05:00:00-05:00,PARK-DEMO-01,F-302,ev_charging,Logistics and charging,918.7,0.8712,177.717,0.0,177.717,2.51,0.091,0,0,valid,synthetic_generator_v1
2026-01-05T06:00:00-05:00,PARK-DEMO-01,F-302,ev_charging,Logistics and charging,918.7,0.8712,177.121,0.0,177.121,4.9,0.091,0,0,valid,synthetic_generator_v1
2026-01-05T07:00:00-05:00,PARK-DEMO-01,F-302,ev_charging,Logistics and charging,918.7,0.8712,248.712,51.659,197.053,6.49,0.091,0,0,valid,synthetic_generator_v1
2026-01-05T08:00:00-05:00,PARK-DEMO-01,F-302,ev_charging,Logistics and charging,918.7,0.8712,370.391,100.637,269.755,6.78,0.109,0,0,valid,synthetic_generator_v1
2026-01-05T09:00:00-05:00,PARK-DEMO-01,F-302,ev_charging,Logistics and charging,918.7,0.8712,366.194,145.885,220.309,7.46,0.109,0,0,valid,synthetic_generator_v1
2026-01-05T10:00:00-05:00,PARK-DEMO-01,F-302,ev_charging,Logistics and charging,918.7,0.8712,322.127,194.517,127.61,10.59,0.109,0,0,valid,synthetic_generator_v1
2026-01-05T11:00:00-05:00,PARK-DEMO-01,F-302,ev_charging,Logistics and charging,918.7,0.8712,309.648,175.723,133.926,10.73,0.109,0,0,valid,synthetic_generator_v1
2026-01-05T12:00:00-05:00,PARK-DEMO-01,F-302,ev_charging,Logistics and charging,918.7,0.8712,209.938,224.984,0.0,12.95,0.109,0,0,valid,synthetic_generator_v1
2026-01-05T13:00:00-05:00,PARK-DEMO-01,F-302,ev_charging,Logistics and charging,918.7,0.8712,178.881,202.88,0.0,14.01,0.109,0,0,valid,synthetic_generator_v1
2026-01-05T14:00:00-05:00,PARK-DEMO-01,F-302,ev_charging,Logistics and charging,918.7,0.8712,207.778,161.773,46.005,12.64,0.109,0,0,valid,synthetic_generator_v1
2026-01-05T15:00:00-05:00,PARK-DEMO-01,F-302,ev_charging,Logistics and charging,918.7,0.8712,184.197,126.18,58.017,14.0,0.109,0,0,valid,synthetic_generator_v1
2026-01-05T16:00:00-05:00,PARK-DEMO-01,F-302,ev_charging,Logistics and charging,918.7,0.8712,252.501,88.983,163.518,13.31,0.165,0,0,valid,synthetic_generator_v1
2026-01-05T17:00:00-05:00,PARK-DEMO-01,F-302,ev_charging,Logistics and charging,918.7,0.8712,321.271,44.711,276.56,13.65,0.165,0,0,valid,synthetic_generator_v1
2026-01-05T18:00:00-05:00,PARK-DEMO-01,F-302,ev_charging,Logistics and charging,918.7,0.8712,424.099,0.0,424.099,10.39,0.165,0,0,valid,synthetic_generator_v1
2026-01-05T19:00:00-05:00,PARK-DEMO-01,F-302,ev_charging,Logistics and charging,918.7,0.8712,552.073,0.0,552.073,8.8,0.165,0,0,valid,synthetic_generator_v1
2026-01-05T20:00:00-05:00,PARK-DEMO-01,F-302,ev_charging,Logistics and charging,918.7,0.8712,121.4,0.0,121.4,7.38,0.165,0,1,anomaly,synthetic_generator_v1
2026-01-05T21:00:00-05:00,PARK-DEMO-01,F-302,ev_charging,Logistics and charging,918.7,0.8712,736.893,0.0,736.893,5.34,0.165,0,0,valid,synthetic_generator_v1
2026-01-05T22:00:00-05:00,PARK-DEMO-01,F-302,ev_charging,Logistics and charging,918.7,0.8712,708.351,0.0,708.351,5.05,0.091,0,0,valid,synthetic_generator_v1
2026-01-05T23:00:00-05:00,PARK-DEMO-01,F-302,ev_charging,Logistics and charging,918.7,0.8712,531.541,0.0,531.541,2.14,0.091,0,0,valid,synthetic_generator_v1
2026-01-06T00:00:00-05:00,PARK-DEMO-01,F-302,ev_charging,Logistics and charging,918.7,0.8712,461.769,0.0,461.769,2.87,0.091,0,0,valid,synthetic_generator_v1
2026-01-06T01:00:00-05:00,PARK-DEMO-01,F-302,ev_charging,Logistics and charging,918.7,0.8712,138.002,0.0,138.002,-0.74,0.091,0,0,valid,synthetic_generator_v1
2026-01-06T02:00:00-05:00,PARK-DEMO-01,F-302,ev_charging,Logistics and charging,918.7,0.8712,109.121,0.0,109.121,-1.23,0.091,0,0,valid,synthetic_generator_v1
2026-01-06T03:00:00-05:00,PARK-DEMO-01,F-302,ev_charging,Logistics and charging,918.7,0.8712,147.408,0.0,147.408,-1.2,0.091,0,0,valid,synthetic_generator_v1
2026-01-06T04:00:00-05:00,PARK-DEMO-01,F-302,ev_charging,Logistics and charging,918.7,0.8712,152.537,0.0,152.537,0.56,0.091,0,0,valid,synthetic_generator_v1
2026-01-06T05:00:00-05:00,PARK-DEMO-01,F-302,ev_charging,Logistics and charging,918.7,0.8712,157.912,0.0,157.912,-0.05,0.091,0,0,valid,synthetic_generator_v1
2026-01-06T06:00:00-05:00,PARK-DEMO-01,F-302,ev_charging,Logistics and charging,918.7,0.8712,209.394,0.0,209.394,1.01,0.091,0,0,valid,synthetic_generator_v1
2026-01-06T07:00:00-05:00,PARK-DEMO-01,F-302,ev_charging,Logistics and charging,918.7,0.8712,296.815,55.962,240.853,3.96,0.091,0,0,valid,synthetic_generator_v1
2026-01-06T08:00:00-05:00,PARK-DEMO-01,F-302,ev_charging,Logistics and charging,918.7,0.8712,386.695,96.133,290.562,7.33,0.109,0,0,valid,synthetic_generator_v1
2026-01-06T09:00:00-05:00,PARK-DEMO-01,F-302,ev_charging,Logistics and charging,918.7,0.8712,409.036,148.135,260.901,7.83,0.109,0,0,valid,synthetic_generator_v1
2026-01-06T10:00:00-05:00,PARK-DEMO-01,F-302,ev_charging,Logistics and charging,918.7,0.8712,359.123,150.835,208.288,8.55,0.109,0,0,valid,synthetic_generator_v1
2026-01-06T11:00:00-05:00,PARK-DEMO-01,F-302,ev_charging,Logistics and charging,918.7,0.8712,270.512,197.648,72.863,11.27,0.109,0,0,valid,synthetic_generator_v1
2026-01-06T12:00:00-05:00,PARK-DEMO-01,F-302,ev_charging,Logistics and charging,918.7,0.8712,187.849,223.64,0.0,10.51,0.109,0,0,valid,synthetic_generator_v1
2026-01-06T13:00:00-05:00,PARK-DEMO-01,F-302,ev_charging,Logistics and charging,918.7,0.8712,200.051,190.122,9.93,13.86,0.109,0,0,valid,synthetic_generator_v1
2026-01-06T14:00:00-05:00,PARK-DEMO-01,F-302,ev_charging,Logistics and charging,918.7,0.8712,204.149,170.703,33.446,13.08,0.109,0,0,valid,synthetic_generator_v1
2026-01-06T15:00:00-05:00,PARK-DEMO-01,F-302,ev_charging,Logistics and charging,918.7,0.8712,128.073,149.631,0.0,14.11,0.109,0,0,valid,synthetic_generator_v1
2026-01-06T16:00:00-05:00,PARK-DEMO-01,F-302,ev_charging,Logistics and charging,918.7,0.8712,270.265,112.833,157.432,13.27,0.165,0,0,valid,synthetic_generator_v1
2026-01-06T17:00:00-05:00,PARK-DEMO-01,F-302,ev_charging,Logistics and charging,918.7,0.8712,275.545,46.926,228.62,9.37,0.165,0,0,valid,synthetic_generator_v1
2026-01-06T18:00:00-05:00,PARK-DEMO-01,F-302,ev_charging,Logistics and charging,918.7,0.8712,440.575,0.0,440.575,7.45,0.165,0,0,valid,synthetic_generator_v1
2026-01-06T19:00:00-05:00,PARK-DEMO-01,F-302,ev_charging,Logistics and charging,918.7,0.8712,563.326,0.0,563.326,7.12,0.165,0,0,valid,synthetic_generator_v1
2026-01-06T20:00:00-05:00,PARK-DEMO-01,F-302,ev_charging,Logistics and charging,918.7,0.8712,658.239,0.0,658.239,2.42,0.165,0,0,valid,synthetic_generator_v1
2026-01-06T21:00:00-05:00,PARK-DEMO-01,F-302,ev_charging,Logistics and charging,918.7,0.8712,727.116,0.0,727.116,3.7,0.165,0,0,valid,synthetic_generator_v1
2026-01-06T22:00:00-05:00,PARK-DEMO-01,F-302,ev_charging,Logistics and charging,918.7,0.8712,677.157,0.0,677.157,3.08,0.091,0,0,valid,synthetic_generator_v1
2026-01-06T23:00:00-05:00,PARK-DEMO-01,F-302,ev_charging,Logistics and charging,918.7,0.8712,518.681,0.0,518.681,0.87,0.091,0,0,valid,synthetic_generator_v1
2026-01-07T00:00:00-05:00,PARK-DEMO-01,F-302,ev_charging,Logistics and charging,918.7,0.8712,439.321,0.0,439.321,0.55,0.091,0,0,valid,synthetic_generator_v1
2026-01-07T01:00:00-05:00,PARK-DEMO-01,F-302,ev_charging,Logistics and charging,918.7,0.8712,131.847,0.0,131.847,-2.11,0.091,0,0,valid,synthetic_generator_v1
2026-01-07T02:00:00-05:00,PARK-DEMO-01,F-302,ev_charging,Logistics and charging,918.7,0.8712,,0.0,,-0.12,0.091,0,0,missing,synthetic_generator_v1
2026-01-07T03:00:00-05:00,PARK-DEMO-01,F-302,ev_charging,Logistics and charging,918.7,0.8712,118.696,0.0,118.696,-0.96,0.091,0,0,valid,synthetic_generator_v1
2026-01-07T04:00:00-05:00,PARK-DEMO-01,F-302,ev_charging,Logistics and charging,918.7,0.8712,155.631,0.0,155.631,-3.3,0.091,0,0,valid,synthetic_generator_v1
2026-01-07T05:00:00-05:00,PARK-DEMO-01,F-302,ev_charging,Logistics and charging,918.7,0.8712,168.623,0.0,168.623,-0.02,0.091,0,0,valid,synthetic_generator_v1
2026-01-07T06:00:00-05:00,PARK-DEMO-01,F-302,ev_charging,Logistics and charging,918.7,0.8712,211.661,0.0,211.661,0.82,0.091,0,0,valid,synthetic_generator_v1
2026-01-07T07:00:00-05:00,PARK-DEMO-01,F-302,ev_charging,Logistics and charging,918.7,0.8712,306.101,57.426,248.674,4.23,0.091,0,0,valid,synthetic_generator_v1
2026-01-07T08:00:00-05:00,PARK-DEMO-01,F-302,ev_charging,Logistics and charging,918.7,0.8712,345.131,108.815,236.315,4.82,0.109,0,0,valid,synthetic_generator_v1
2026-01-07T09:00:00-05:00,PARK-DEMO-01,F-302,ev_charging,Logistics and charging,918.7,0.8712,375.714,135.219,240.495,7.97,0.109,0,0,valid,synthetic_generator_v1
2026-01-07T10:00:00-05:00,PARK-DEMO-01,F-302,ev_charging,Logistics and charging,918.7,0.8712,313.627,173.547,140.08,9.46,0.109,0,0,valid,synthetic_generator_v1
2026-01-07T11:00:00-05:00,PARK-DEMO-01,F-302,ev_charging,Logistics and charging,918.7,0.8712,257.818,185.05,72.768,10.8,0.109,0,0,valid,synthetic_generator_v1
2026-01-07T12:00:00-05:00,PARK-DEMO-01,F-302,ev_charging,Logistics and charging,918.7,0.8712,212.848,205.887,6.961,11.09,0.109,0,0,valid,synthetic_generator_v1
2026-01-07T13:00:00-05:00,PARK-DEMO-01,F-302,ev_charging,Logistics and charging,918.7,0.8712,179.564,190.225,0.0,11.96,0.109,0,0,valid,synthetic_generator_v1
2026-01-07T14:00:00-05:00,PARK-DEMO-01,F-302,ev_charging,Logistics and charging,918.7,0.8712,146.819,166.852,0.0,11.93,0.109,0,0,valid,synthetic_generator_v1
2026-01-07T15:00:00-05:00,PARK-DEMO-01,F-302,ev_charging,Logistics and charging,918.7,0.8712,171.207,146.156,25.051,12.33,0.109,0,0,valid,synthetic_generator_v1
2026-01-07T16:00:00-05:00,PARK-DEMO-01,F-302,ev_charging,Logistics and charging,918.7,0.8712,215.143,101.271,113.872,10.86,0.165,0,0,valid,synthetic_generator_v1
2026-01-07T17:00:00-05:00,PARK-DEMO-01,F-302,ev_charging,Logistics and charging,918.7,0.8712,293.8,51.536,242.264,9.62,0.165,0,0,valid,synthetic_generator_v1
2026-01-07T18:00:00-05:00,PARK-DEMO-01,F-302,ev_charging,Logistics and charging,918.7,0.8712,415.363,0.0,415.363,8.38,0.165,0,0,valid,synthetic_generator_v1
2026-01-07T19:00:00-05:00,PARK-DEMO-01,F-302,ev_charging,Logistics and charging,918.7,0.8712,579.261,0.0,579.261,7.75,0.165,0,0,valid,synthetic_generator_v1
2026-01-07T20:00:00-05:00,PARK-DEMO-01,F-302,ev_charging,Logistics and charging,918.7,0.8712,668.257,0.0,668.257,3.85,0.165,0,0,valid,synthetic_generator_v1
2026-01-07T21:00:00-05:00,PARK-DEMO-01,F-302,ev_charging,Logistics and charging,918.7,0.8712,705.582,0.0,705.582,3.4,0.165,0,0,valid,synthetic_generator_v1
2026-01-07T22:00:00-05:00,PARK-DEMO-01,F-302,ev_charging,Logistics and charging,918.7,0.8712,661.855,0.0,661.855,1.03,0.091,0,0,valid,synthetic_generator_v1
2026-01-07T23:00:00-05:00,PARK-DEMO-01,F-302,ev_charging,Logistics and charging,918.7,0.8712,554.171,0.0,554.171,1.8,0.091,0,0,valid,synthetic_generator_v1
2026-01-01T00:00:00-05:00,PARK-DEMO-01,F-303,ev_charging,Logistics and charging,1056.29,0.9192,117.28,0.0,117.28,5.05,0.091,0,0,valid,synthetic_generator_v1
2026-01-01T01:00:00-05:00,PARK-DEMO-01,F-303,ev_charging,Logistics and charging,1056.29,0.9192,177.387,0.0,177.387,1.1,0.091,0,0,valid,synthetic_generator_v1
2026-01-01T02:00:00-05:00,PARK-DEMO-01,F-303,ev_charging,Logistics and charging,1056.29,0.9192,184.293,0.0,184.293,0.08,0.091,0,0,valid,synthetic_generator_v1
2026-01-01T03:00:00-05:00,PARK-DEMO-01,F-303,ev_charging,Logistics and charging,1056.29,0.9192,243.949,0.0,243.949,-0.56,0.091,0,0,valid,synthetic_generator_v1
2026-01-01T04:00:00-05:00,PARK-DEMO-01,F-303,ev_charging,Logistics and charging,1056.29,0.9192,193.638,0.0,193.638,5.04,0.091,0,0,valid,synthetic_generator_v1
2026-01-01T05:00:00-05:00,PARK-DEMO-01,F-303,ev_charging,Logistics and charging,1056.29,0.9192,201.377,0.0,201.377,3.92,0.091,0,0,valid,synthetic_generator_v1
2026-01-01T06:00:00-05:00,PARK-DEMO-01,F-303,ev_charging,Logistics and charging,1056.29,0.9192,268.8,0.0,268.8,4.35,0.091,0,0,valid,synthetic_generator_v1
2026-01-01T07:00:00-05:00,PARK-DEMO-01,F-303,ev_charging,Logistics and charging,1056.29,0.9192,447.308,47.641,399.666,8.16,0.091,0,0,valid,synthetic_generator_v1
2026-01-01T08:00:00-05:00,PARK-DEMO-01,F-303,ev_charging,Logistics and charging,1056.29,0.9192,455.781,100.527,355.254,6.7,0.109,0,0,valid,synthetic_generator_v1
2026-01-01T09:00:00-05:00,PARK-DEMO-01,F-303,ev_charging,Logistics and charging,1056.29,0.9192,387.308,146.804,240.504,9.64,0.109,0,0,valid,synthetic_generator_v1
2026-01-01T10:00:00-05:00,PARK-DEMO-01,F-303,ev_charging,Logistics and charging,1056.29,0.9192,359.655,169.836,189.82,10.73,0.109,0,0,valid,synthetic_generator_v1
2026-01-01T11:00:00-05:00,PARK-DEMO-01,F-303,ev_charging,Logistics and charging,1056.29,0.9192,241.78,167.706,74.074,11.91,0.109,0,0,valid,synthetic_generator_v1
2026-01-01T12:00:00-05:00,PARK-DEMO-01,F-303,ev_charging,Logistics and charging,1056.29,0.9192,245.958,175.634,70.324,15.2,0.109,0,0,valid,synthetic_generator_v1
2026-01-01T13:00:00-05:00,PARK-DEMO-01,F-303,ev_charging,Logistics and charging,1056.29,0.9192,180.33,215.766,0.0,15.16,0.109,0,0,valid,synthetic_generator_v1
2026-01-01T14:00:00-05:00,PARK-DEMO-01,F-303,ev_charging,Logistics and charging,1056.29,0.9192,223.864,177.908,45.956,14.65,0.109,0,0,valid,synthetic_generator_v1
2026-01-01T15:00:00-05:00,PARK-DEMO-01,F-303,ev_charging,Logistics and charging,1056.29,0.9192,291.87,124.225,167.645,16.76,0.109,0,0,valid,synthetic_generator_v1
2026-01-01T16:00:00-05:00,PARK-DEMO-01,F-303,ev_charging,Logistics and charging,1056.29,0.9192,289.23,111.388,177.843,14.79,0.165,0,0,valid,synthetic_generator_v1
2026-01-01T17:00:00-05:00,PARK-DEMO-01,F-303,ev_charging,Logistics and charging,1056.29,0.9192,439.957,49.657,390.3,15.32,0.165,0,0,valid,synthetic_generator_v1
2026-01-01T18:00:00-05:00,PARK-DEMO-01,F-303,ev_charging,Logistics and charging,1056.29,0.9192,610.725,0.0,610.725,11.28,0.165,0,0,valid,synthetic_generator_v1
2026-01-01T19:00:00-05:00,PARK-DEMO-01,F-303,ev_charging,Logistics and charging,1056.29,0.9192,809.495,0.0,809.495,12.13,0.165,0,0,valid,synthetic_generator_v1
2026-01-01T20:00:00-05:00,PARK-DEMO-01,F-303,ev_charging,Logistics and charging,1056.29,0.9192,875.637,0.0,875.637,6.53,0.165,0,0,valid,synthetic_generator_v1
2026-01-01T21:00:00-05:00,PARK-DEMO-01,F-303,ev_charging,Logistics and charging,1056.29,0.9192,791.694,0.0,791.694,6.99,0.165,0,0,valid,synthetic_generator_v1
2026-01-01T22:00:00-05:00,PARK-DEMO-01,F-303,ev_charging,Logistics and charging,1056.29,0.9192,636.991,0.0,636.991,4.66,0.091,0,0,valid,synthetic_generator_v1
2026-01-01T23:00:00-05:00,PARK-DEMO-01,F-303,ev_charging,Logistics and charging,1056.29,0.9192,501.035,0.0,501.035,2.27,0.091,0,0,valid,synthetic_generator_v1
2026-01-02T00:00:00-05:00,PARK-DEMO-01,F-303,ev_charging,Logistics and charging,1056.29,0.9192,156.709,0.0,156.709,2.3,0.091,0,0,valid,synthetic_generator_v1
2026-01-02T01:00:00-05:00,PARK-DEMO-01,F-303,ev_charging,Logistics and charging,1056.29,0.9192,178.317,0.0,178.317,3.2,0.091,0,0,valid,synthetic_generator_v1
2026-01-02T02:00:00-05:00,PARK-DEMO-01,F-303,ev_charging,Logistics and charging,1056.29,0.9192,172.336,0.0,172.336,1.48,0.091,0,0,valid,synthetic_generator_v1
2026-01-02T03:00:00-05:00,PARK-DEMO-01,F-303,ev_charging,Logistics and charging,1056.29,0.9192,155.061,0.0,155.061,4.26,0.091,0,0,valid,synthetic_generator_v1
2026-01-02T04:00:00-05:00,PARK-DEMO-01,F-303,ev_charging,Logistics and charging,1056.29,0.9192,197.288,0.0,197.288,2.88,0.091,0,0,valid,synthetic_generator_v1
2026-01-02T05:00:00-05:00,PARK-DEMO-01,F-303,ev_charging,Logistics and charging,1056.29,0.9192,238.908,0.0,238.908,3.03,0.091,0,0,valid,synthetic_generator_v1
2026-01-02T06:00:00-05:00,PARK-DEMO-01,F-303,ev_charging,Logistics and charging,1056.29,0.9192,313.384,0.0,313.384,6.79,0.091,0,0,valid,synthetic_generator_v1
2026-01-02T07:00:00-05:00,PARK-DEMO-01,F-303,ev_charging,Logistics and charging,1056.29,0.9192,370.775,49.723,321.052,6.65,0.091,0,0,valid,synthetic_generator_v1
2026-01-02T08:00:00-05:00,PARK-DEMO-01,F-303,ev_charging,Logistics and charging,1056.29,0.9192,423.357,101.835,321.522,7.16,0.109,0,0,valid,synthetic_generator_v1
2026-01-02T09:00:00-05:00,PARK-DEMO-01,F-303,ev_charging,Logistics and charging,1056.29,0.9192,380.816,142.529,238.287,11.14,0.109,0,0,valid,synthetic_generator_v1
2026-01-02T10:00:00-05:00,PARK-DEMO-01,F-303,ev_charging,Logistics and charging,1056.29,0.9192,305.176,185.71,119.466,14.71,0.109,0,0,valid,synthetic_generator_v1
2026-01-02T11:00:00-05:00,PARK-DEMO-01,F-303,ev_charging,Logistics and charging,1056.29,0.9192,229.444,195.931,33.513,15.68,0.109,0,0,valid,synthetic_generator_v1
2026-01-02T12:00:00-05:00,PARK-DEMO-01,F-303,ev_charging,Logistics and charging,1056.29,0.9192,224.341,215.118,9.224,15.7,0.109,0,0,valid,synthetic_generator_v1
2026-01-02T13:00:00-05:00,PARK-DEMO-01,F-303,ev_charging,Logistics and charging,1056.29,0.9192,221.416,180.805,40.611,14.75,0.109,0,0,valid,synthetic_generator_v1
2026-01-02T14:00:00-05:00,PARK-DEMO-01,F-303,ev_charging,Logistics and charging,1056.29,0.9192,218.771,177.394,41.377,15.35,0.109,0,0,valid,synthetic_generator_v1
2026-01-02T15:00:00-05:00,PARK-DEMO-01,F-303,ev_charging,Logistics and charging,1056.29,0.9192,248.419,126.703,121.715,15.72,0.109,0,0,valid,synthetic_generator_v1
2026-01-02T16:00:00-05:00,PARK-DEMO-01,F-303,ev_charging,Logistics and charging,1056.29,0.9192,346.92,107.855,239.065,14.22,0.165,0,0,valid,synthetic_generator_v1
2026-01-02T17:00:00-05:00,PARK-DEMO-01,F-303,ev_charging,Logistics and charging,1056.29,0.9192,492.787,56.776,436.011,15.12,0.165,0,0,valid,synthetic_generator_v1
2026-01-02T18:00:00-05:00,PARK-DEMO-01,F-303,ev_charging,Logistics and charging,1056.29,0.9192,636.639,0.0,636.639,9.33,0.165,0,0,valid,synthetic_generator_v1
2026-01-02T19:00:00-05:00,PARK-DEMO-01,F-303,ev_charging,Logistics and charging,1056.29,0.9192,807.724,0.0,807.724,10.96,0.165,0,0,valid,synthetic_generator_v1
2026-01-02T20:00:00-05:00,PARK-DEMO-01,F-303,ev_charging,Logistics and charging,1056.29,0.9192,846.653,0.0,846.653,8.92,0.165,0,0,valid,synthetic_generator_v1
2026-01-02T21:00:00-05:00,PARK-DEMO-01,F-303,ev_charging,Logistics and charging,1056.29,0.9192,830.136,0.0,830.136,6.97,0.165,0,0,valid,synthetic_generator_v1
2026-01-02T22:00:00-05:00,PARK-DEMO-01,F-303,ev_charging,Logistics and charging,1056.29,0.9192,638.517,0.0,638.517,5.33,0.091,0,0,valid,synthetic_generator_v1
2026-01-02T23:00:00-05:00,PARK-DEMO-01,F-303,ev_charging,Logistics and charging,1056.29,0.9192,405.218,0.0,405.218,0.76,0.091,0,0,valid,synthetic_generator_v1
2026-01-03T00:00:00-05:00,PARK-DEMO-01,F-303,ev_charging,Logistics and charging,1056.29,0.9192,292.879,0.0,292.879,5.1,0.091,1,0,valid,synthetic_generator_v1
2026-01-03T01:00:00-05:00,PARK-DEMO-01,F-303,ev_charging,Logistics and charging,1056.29,0.9192,266.953,0.0,266.953,2.15,0.091,1,0,valid,synthetic_generator_v1
2026-01-03T02:00:00-05:00,PARK-DEMO-01,F-303,ev_charging,Logistics and charging,1056.29,0.9192,293.546,0.0,293.546,2.48,0.091,1,0,valid,synthetic_generator_v1
2026-01-03T03:00:00-05:00,PARK-DEMO-01,F-303,ev_charging,Logistics and charging,1056.29,0.9192,289.071,0.0,289.071,2.23,0.091,1,0,valid,synthetic_generator_v1
2026-01-03T04:00:00-05:00,PARK-DEMO-01,F-303,ev_charging,Logistics and charging,1056.29,0.9192,271.254,0.0,271.254,3.02,0.091,1,0,valid,synthetic_generator_v1
2026-01-03T05:00:00-05:00,PARK-DEMO-01,F-303,ev_charging,Logistics and charging,1056.29,0.9192,341.043,0.0,341.043,5.34,0.091,1,0,valid,synthetic_generator_v1
2026-01-03T06:00:00-05:00,PARK-DEMO-01,F-303,ev_charging,Logistics and charging,1056.29,0.9192,396.198,0.0,396.198,6.31,0.091,1,0,valid,synthetic_generator_v1
2026-01-03T07:00:00-05:00,PARK-DEMO-01,F-303,ev_charging,Logistics and charging,1056.29,0.9192,460.035,46.552,413.483,7.24,0.091,1,0,valid,synthetic_generator_v1
2026-01-03T08:00:00-05:00,PARK-DEMO-01,F-303,ev_charging,Logistics and charging,1056.29,0.9192,538.868,86.437,452.431,8.45,0.109,1,0,valid,synthetic_generator_v1
2026-01-03T09:00:00-05:00,PARK-DEMO-01,F-303,ev_charging,Logistics and charging,1056.29,0.9192,503.884,153.044,350.839,9.48,0.109,1,0,valid,synthetic_generator_v1
2026-01-03T10:00:00-05:00,PARK-DEMO-01,F-303,ev_charging,Logistics and charging,1056.29,0.9192,383.031,182.598,200.434,11.95,0.109,1,0,valid,synthetic_generator_v1
2026-01-03T11:00:00-05:00,PARK-DEMO-01,F-303,ev_charging,Logistics and charging,1056.29,0.9192,349.319,208.348,140.971,12.83,0.109,1,0,valid,synthetic_generator_v1
2026-01-03T12:00:00-05:00,PARK-DEMO-01,F-303,ev_charging,Logistics and charging,1056.29,0.9192,283.627,178.511,105.116,13.21,0.109,1,0,valid,synthetic_generator_v1
2026-01-03T13:00:00-05:00,PARK-DEMO-01,F-303,ev_charging,Logistics and charging,1056.29,0.9192,283.941,208.256,75.685,16.22,0.109,1,0,valid,synthetic_generator_v1
2026-01-03T14:00:00-05:00,PARK-DEMO-01,F-303,ev_charging,Logistics and charging,1056.29,0.9192,323.757,184.389,139.367,15.95,0.109,1,0,valid,synthetic_generator_v1
2026-01-03T15:00:00-05:00,PARK-DEMO-01,F-303,ev_charging,Logistics and charging,1056.29,0.9192,385.521,140.29,245.231,14.95,0.109,1,0,valid,synthetic_generator_v1
2026-01-03T16:00:00-05:00,PARK-DEMO-01,F-303,ev_charging,Logistics and charging,1056.29,0.9192,449.081,104.559,344.522,13.95,0.091,1,0,valid,synthetic_generator_v1
2026-01-03T17:00:00-05:00,PARK-DEMO-01,F-303,ev_charging,Logistics and charging,1056.29,0.9192,,47.889,,12.29,0.091,1,0,missing,synthetic_generator_v1
2026-01-03T18:00:00-05:00,PARK-DEMO-01,F-303,ev_charging,Logistics and charging,1056.29,0.9192,751.53,0.0,751.53,13.66,0.091,1,0,valid,synthetic_generator_v1
2026-01-03T19:00:00-05:00,PARK-DEMO-01,F-303,ev_charging,Logistics and charging,1056.29,0.9192,868.986,0.0,868.986,10.44,0.091,1,0,valid,synthetic_generator_v1
2026-01-03T20:00:00-05:00,PARK-DEMO-01,F-303,ev_charging,Logistics and charging,1056.29,0.9192,945.895,0.0,945.895,9.88,0.091,1,0,valid,synthetic_generator_v1
2026-01-03T21:00:00-05:00,PARK-DEMO-01,F-303,ev_charging,Logistics and charging,1056.29,0.9192,869.805,0.0,869.805,6.57,0.091,1,0,valid,synthetic_generator_v1
2026-01-03T22:00:00-05:00,PARK-DEMO-01,F-303,ev_charging,Logistics and charging,1056.29,0.9192,730.517,0.0,730.517,5.29,0.091,1,0,valid,synthetic_generator_v1
2026-01-03T23:00:00-05:00,PARK-DEMO-01,F-303,ev_charging,Logistics and charging,1056.29,0.9192,594.287,0.0,594.287,4.38,0.091,1,0,valid,synthetic_generator_v1
2026-01-04T00:00:00-05:00,PARK-DEMO-01,F-303,ev_charging,Logistics and charging,1056.29,0.9192,329.83,0.0,329.83,3.02,0.091,1,0,valid,synthetic_generator_v1
2026-01-04T01:00:00-05:00,PARK-DEMO-01,F-303,ev_charging,Logistics and charging,1056.29,0.9192,318.555,0.0,318.555,3.64,0.091,1,0,valid,synthetic_generator_v1
2026-01-04T02:00:00-05:00,PARK-DEMO-01,F-303,ev_charging,Logistics and charging,1056.29,0.9192,285.163,0.0,285.163,1.13,0.091,1,0,valid,synthetic_generator_v1
2026-01-04T03:00:00-05:00,PARK-DEMO-01,F-303,ev_charging,Logistics and charging,1056.29,0.9192,235.04,0.0,235.04,1.18,0.091,1,0,valid,synthetic_generator_v1
2026-01-04T04:00:00-05:00,PARK-DEMO-01,F-303,ev_charging,Logistics and charging,1056.29,0.9192,347.596,0.0,347.596,2.66,0.091,1,0,valid,synthetic_generator_v1
2026-01-04T05:00:00-05:00,PARK-DEMO-01,F-303,ev_charging,Logistics and charging,1056.29,0.9192,409.49,0.0,409.49,1.74,0.091,1,0,valid,synthetic_generator_v1
2026-01-04T06:00:00-05:00,PARK-DEMO-01,F-303,ev_charging,Logistics and charging,1056.29,0.9192,388.798,0.0,388.798,6.39,0.091,1,0,valid,synthetic_generator_v1
2026-01-04T07:00:00-05:00,PARK-DEMO-01,F-303,ev_charging,Logistics and charging,1056.29,0.9192,519.876,55.997,463.879,4.12,0.091,1,0,valid,synthetic_generator_v1
2026-01-04T08:00:00-05:00,PARK-DEMO-01,F-303,ev_charging,Logistics and charging,1056.29,0.9192,587.391,91.371,496.02,6.28,0.109,1,0,valid,synthetic_generator_v1
2026-01-04T09:00:00-05:00,PARK-DEMO-01,F-303,ev_charging,Logistics and charging,1056.29,0.9192,476.625,143.798,332.827,8.52,0.109,1,0,valid,synthetic_generator_v1
2026-01-04T10:00:00-05:00,PARK-DEMO-01,F-303,ev_charging,Logistics and charging,1056.29,0.9192,402.182,183.077,219.105,12.56,0.109,1,0,valid,synthetic_generator_v1
2026-01-04T11:00:00-05:00,PARK-DEMO-01,F-303,ev_charging,Logistics and charging,1056.29,0.9192,339.853,192.9,146.953,13.53,0.109,1,0,valid,synthetic_generator_v1
2026-01-04T12:00:00-05:00,PARK-DEMO-01,F-303,ev_charging,Logistics and charging,1056.29,0.9192,211.917,191.768,20.148,15.54,0.109,1,1,anomaly,synthetic_generator_v1
2026-01-04T13:00:00-05:00,PARK-DEMO-01,F-303,ev_charging,Logistics and charging,1056.29,0.9192,282.724,183.478,99.246,13.18,0.109,1,0,valid,synthetic_generator_v1
2026-01-04T14:00:00-05:00,PARK-DEMO-01,F-303,ev_charging,Logistics and charging,1056.29,0.9192,341.148,166.002,175.146,14.26,0.109,1,0,valid,synthetic_generator_v1
2026-01-04T15:00:00-05:00,PARK-DEMO-01,F-303,ev_charging,Logistics and charging,1056.29,0.9192,363.178,134.309,228.869,14.54,0.109,1,0,valid,synthetic_generator_v1
2026-01-04T16:00:00-05:00,PARK-DEMO-01,F-303,ev_charging,Logistics and charging,1056.29,0.9192,445.286,93.495,351.791,13.76,0.091,1,0,valid,synthetic_generator_v1
2026-01-04T17:00:00-05:00,PARK-DEMO-01,F-303,ev_charging,Logistics and charging,1056.29,0.9192,603.928,58.078,545.85,14.9,0.091,1,0,valid,synthetic_generator_v1
2026-01-04T18:00:00-05:00,PARK-DEMO-01,F-303,ev_charging,Logistics and charging,1056.29,0.9192,784.721,0.0,784.721,11.82,0.091,1,0,valid,synthetic_generator_v1
2026-01-04T19:00:00-05:00,PARK-DEMO-01,F-303,ev_charging,Logistics and charging,1056.29,0.9192,890.561,0.0,890.561,8.19,0.091,1,0,valid,synthetic_generator_v1
2026-01-04T20:00:00-05:00,PARK-DEMO-01,F-303,ev_charging,Logistics and charging,1056.29,0.9192,936.619,0.0,936.619,8.41,0.091,1,0,valid,synthetic_generator_v1
2026-01-04T21:00:00-05:00,PARK-DEMO-01,F-303,ev_charging,Logistics and charging,1056.29,0.9192,891.522,0.0,891.522,8.38,0.091,1,0,valid,synthetic_generator_v1
2026-01-04T22:00:00-05:00,PARK-DEMO-01,F-303,ev_charging,Logistics and charging,1056.29,0.9192,767.444,0.0,767.444,3.22,0.091,1,0,valid,synthetic_generator_v1
2026-01-04T23:00:00-05:00,PARK-DEMO-01,F-303,ev_charging,Logistics and charging,1056.29,0.9192,594.452,0.0,594.452,1.67,0.091,1,0,valid,synthetic_generator_v1
2026-01-05T00:00:00-05:00,PARK-DEMO-01,F-303,ev_charging,Logistics and charging,1056.29,0.9192,177.67,0.0,177.67,3.36,0.091,0,0,valid,synthetic_generator_v1
2026-01-05T01:00:00-05:00,PARK-DEMO-01,F-303,ev_charging,Logistics and charging,1056.29,0.9192,196.071,0.0,196.071,1.11,0.091,0,0,valid,synthetic_generator_v1
2026-01-05T02:00:00-05:00,PARK-DEMO-01,F-303,ev_charging,Logistics and charging,1056.29,0.9192,203.037,0.0,203.037,2.11,0.091,0,0,valid,synthetic_generator_v1
2026-01-05T03:00:00-05:00,PARK-DEMO-01,F-303,ev_charging,Logistics and charging,1056.29,0.9192,260.702,0.0,260.702,-1.93,0.091,0,0,valid,synthetic_generator_v1
2026-01-05T04:00:00-05:00,PARK-DEMO-01,F-303,ev_charging,Logistics and charging,1056.29,0.9192,232.489,0.0,232.489,0.97,0.091,0,0,valid,synthetic_generator_v1
2026-01-05T05:00:00-05:00,PARK-DEMO-01,F-303,ev_charging,Logistics and charging,1056.29,0.9192,283.339,0.0,283.339,1.75,0.091,0,0,valid,synthetic_generator_v1
2026-01-05T06:00:00-05:00,PARK-DEMO-01,F-303,ev_charging,Logistics and charging,1056.29,0.9192,312.609,0.0,312.609,0.9,0.091,0,0,valid,synthetic_generator_v1
2026-01-05T07:00:00-05:00,PARK-DEMO-01,F-303,ev_charging,Logistics and charging,1056.29,0.9192,390.998,51.831,339.167,6.34,0.091,0,0,valid,synthetic_generator_v1
2026-01-05T08:00:00-05:00,PARK-DEMO-01,F-303,ev_charging,Logistics and charging,1056.29,0.9192,456.075,87.434,368.641,4.27,0.109,0,0,valid,synthetic_generator_v1
2026-01-05T09:00:00-05:00,PARK-DEMO-01,F-303,ev_charging,Logistics and charging,1056.29,0.9192,432.841,123.731,309.11,9.22,0.109,0,0,valid,synthetic_generator_v1
2026-01-05T10:00:00-05:00,PARK-DEMO-01,F-303,ev_charging,Logistics and charging,1056.29,0.9192,337.753,150.189,187.564,11.55,0.109,0,0,valid,synthetic_generator_v1
2026-01-05T11:00:00-05:00,PARK-DEMO-01,F-303,ev_charging,Logistics and charging,1056.29,0.9192,264.459,199.501,64.958,11.19,0.109,0,0,valid,synthetic_generator_v1
2026-01-05T12:00:00-05:00,PARK-DEMO-01,F-303,ev_charging,Logistics and charging,1056.29,0.9192,228.985,222.343,6.643,11.04,0.109,0,0,valid,synthetic_generator_v1
2026-01-05T13:00:00-05:00,PARK-DEMO-01,F-303,ev_charging,Logistics and charging,1056.29,0.9192,167.047,206.248,0.0,15.25,0.109,0,0,valid,synthetic_generator_v1
2026-01-05T14:00:00-05:00,PARK-DEMO-01,F-303,ev_charging,Logistics and charging,1056.29,0.9192,250.431,184.11,66.322,14.46,0.109,0,0,valid,synthetic_generator_v1
2026-01-05T15:00:00-05:00,PARK-DEMO-01,F-303,ev_charging,Logistics and charging,1056.29,0.9192,258.242,126.888,131.354,15.0,0.109,0,0,valid,synthetic_generator_v1
2026-01-05T16:00:00-05:00,PARK-DEMO-01,F-303,ev_charging,Logistics and charging,1056.29,0.9192,366.302,89.286,277.016,13.48,0.165,0,0,valid,synthetic_generator_v1
2026-01-05T17:00:00-05:00,PARK-DEMO-01,F-303,ev_charging,Logistics and charging,1056.29,0.9192,517.239,48.343,468.896,13.14,0.165,0,0,valid,synthetic_generator_v1
2026-01-05T18:00:00-05:00,PARK-DEMO-01,F-303,ev_charging,Logistics and charging,1056.29,0.9192,653.546,0.0,653.546,10.36,0.165,0,0,valid,synthetic_generator_v1
2026-01-05T19:00:00-05:00,PARK-DEMO-01,F-303,ev_charging,Logistics and charging,1056.29,0.9192,801.106,0.0,801.106,7.12,0.165,0,0,valid,synthetic_generator_v1
2026-01-05T20:00:00-05:00,PARK-DEMO-01,F-303,ev_charging,Logistics and charging,1056.29,0.9192,837.759,0.0,837.759,7.42,0.165,0,0,valid,synthetic_generator_v1
2026-01-05T21:00:00-05:00,PARK-DEMO-01,F-303,ev_charging,Logistics and charging,1056.29,0.9192,764.93,0.0,764.93,4.23,0.165,0,0,valid,synthetic_generator_v1
2026-01-05T22:00:00-05:00,PARK-DEMO-01,F-303,ev_charging,Logistics and charging,1056.29,0.9192,643.436,0.0,643.436,3.68,0.091,0,0,valid,synthetic_generator_v1
2026-01-05T23:00:00-05:00,PARK-DEMO-01,F-303,ev_charging,Logistics and charging,1056.29,0.9192,466.379,0.0,466.379,5.06,0.091,0,0,valid,synthetic_generator_v1
2026-01-06T00:00:00-05:00,PARK-DEMO-01,F-303,ev_charging,Logistics and charging,1056.29,0.9192,152.738,0.0,152.738,0.27,0.091,0,0,valid,synthetic_generator_v1
2026-01-06T01:00:00-05:00,PARK-DEMO-01,F-303,ev_charging,Logistics and charging,1056.29,0.9192,183.473,0.0,183.473,0.15,0.091,0,0,valid,synthetic_generator_v1
2026-01-06T02:00:00-05:00,PARK-DEMO-01,F-303,ev_charging,Logistics and charging,1056.29,0.9192,214.997,0.0,214.997,-0.5,0.091,0,0,valid,synthetic_generator_v1
2026-01-06T03:00:00-05:00,PARK-DEMO-01,F-303,ev_charging,Logistics and charging,1056.29,0.9192,224.034,0.0,224.034,-0.2,0.091,0,0,valid,synthetic_generator_v1
2026-01-06T04:00:00-05:00,PARK-DEMO-01,F-303,ev_charging,Logistics and charging,1056.29,0.9192,210.34,0.0,210.34,0.78,0.091,0,0,valid,synthetic_generator_v1
2026-01-06T05:00:00-05:00,PARK-DEMO-01,F-303,ev_charging,Logistics and charging,1056.29,0.9192,239.691,0.0,239.691,-0.63,0.091,0,0,valid,synthetic_generator_v1
2026-01-06T06:00:00-05:00,PARK-DEMO-01,F-303,ev_charging,Logistics and charging,1056.29,0.9192,315.63,0.0,315.63,2.73,0.091,0,0,valid,synthetic_generator_v1
2026-01-06T07:00:00-05:00,PARK-DEMO-01,F-303,ev_charging,Logistics and charging,1056.29,0.9192,364.988,51.306,313.682,4.21,0.091,0,0,valid,synthetic_generator_v1
2026-01-06T08:00:00-05:00,PARK-DEMO-01,F-303,ev_charging,Logistics and charging,1056.29,0.9192,431.915,90.404,341.511,5.73,0.109,0,0,valid,synthetic_generator_v1
2026-01-06T09:00:00-05:00,PARK-DEMO-01,F-303,ev_charging,Logistics and charging,1056.29,0.9192,412.56,136.602,275.958,9.3,0.109,0,0,valid,synthetic_generator_v1
2026-01-06T10:00:00-05:00,PARK-DEMO-01,F-303,ev_charging,Logistics and charging,1056.29,0.9192,310.188,180.144,130.044,9.41,0.109,0,0,valid,synthetic_generator_v1
2026-01-06T11:00:00-05:00,PARK-DEMO-01,F-303,ev_charging,Logistics and charging,1056.29,0.9192,247.992,209.757,38.235,11.08,0.109,0,0,valid,synthetic_generator_v1
2026-01-06T12:00:00-05:00,PARK-DEMO-01,F-303,ev_charging,Logistics and charging,1056.29,0.9192,183.501,214.981,0.0,12.74,0.109,0,0,valid,synthetic_generator_v1
2026-01-06T13:00:00-05:00,PARK-DEMO-01,F-303,ev_charging,Logistics and charging,1056.29,0.9192,228.205,210.652,17.553,11.3,0.109,0,0,valid,synthetic_generator_v1
2026-01-06T14:00:00-05:00,PARK-DEMO-01,F-303,ev_charging,Logistics and charging,1056.29,0.9192,203.075,156.028,47.047,14.33,0.109,0,0,valid,synthetic_generator_v1
2026-01-06T15:00:00-05:00,PARK-DEMO-01,F-303,ev_charging,Logistics and charging,1056.29,0.9192,285.541,135.297,150.244,13.59,0.109,0,0,valid,synthetic_generator_v1
2026-01-06T16:00:00-05:00,PARK-DEMO-01,F-303,ev_charging,Logistics and charging,1056.29,0.9192,337.491,87.812,249.679,11.97,0.165,0,0,valid,synthetic_generator_v1
2026-01-06T17:00:00-05:00,PARK-DEMO-01,F-303,ev_charging,Logistics and charging,1056.29,0.9192,468.744,46.385,422.359,11.69,0.165,0,0,valid,synthetic_generator_v1
2026-01-06T18:00:00-05:00,PARK-DEMO-01,F-303,ev_charging,Logistics and charging,1056.29,0.9192,653.55,0.0,653.55,7.97,0.165,0,0,valid,synthetic_generator_v1
2026-01-06T19:00:00-05:00,PARK-DEMO-01,F-303,ev_charging,Logistics and charging,1056.29,0.9192,744.652,0.0,744.652,5.86,0.165,0,0,valid,synthetic_generator_v1
2026-01-06T20:00:00-05:00,PARK-DEMO-01,F-303,ev_charging,Logistics and charging,1056.29,0.9192,856.899,0.0,856.899,4.77,0.165,0,0,valid,synthetic_generator_v1
2026-01-06T21:00:00-05:00,PARK-DEMO-01,F-303,ev_charging,Logistics and charging,1056.29,0.9192,765.04,0.0,765.04,3.79,0.165,0,0,valid,synthetic_generator_v1
2026-01-06T22:00:00-05:00,PARK-DEMO-01,F-303,ev_charging,Logistics and charging,1056.29,0.9192,624.286,0.0,624.286,2.97,0.091,0,0,valid,synthetic_generator_v1
2026-01-06T23:00:00-05:00,PARK-DEMO-01,F-303,ev_charging,Logistics and charging,1056.29,0.9192,457.474,0.0,457.474,2.15,0.091,0,0,valid,synthetic_generator_v1
2026-01-07T00:00:00-05:00,PARK-DEMO-01,F-303,ev_charging,Logistics and charging,1056.29,0.9192,232.841,0.0,232.841,0.44,0.091,0,0,valid,synthetic_generator_v1
2026-01-07T01:00:00-05:00,PARK-DEMO-01,F-303,ev_charging,Logistics and charging,1056.29,0.9192,217.983,0.0,217.983,-2.01,0.091,0,0,valid,synthetic_generator_v1
2026-01-07T02:00:00-05:00,PARK-DEMO-01,F-303,ev_charging,Logistics and charging,1056.29,0.9192,160.144,0.0,160.144,-4.71,0.091,0,0,valid,synthetic_generator_v1
2026-01-07T03:00:00-05:00,PARK-DEMO-01,F-303,ev_charging,Logistics and charging,1056.29,0.9192,216.218,0.0,216.218,-1.15,0.091,0,0,valid,synthetic_generator_v1
2026-01-07T04:00:00-05:00,PARK-DEMO-01,F-303,ev_charging,Logistics and charging,1056.29,0.9192,,0.0,,-1.53,0.091,0,0,missing,synthetic_generator_v1
2026-01-07T05:00:00-05:00,PARK-DEMO-01,F-303,ev_charging,Logistics and charging,1056.29,0.9192,286.173,0.0,286.173,-0.22,0.091,0,0,valid,synthetic_generator_v1
2026-01-07T06:00:00-05:00,PARK-DEMO-01,F-303,ev_charging,Logistics and charging,1056.29,0.9192,317.197,0.0,317.197,0.35,0.091,0,0,valid,synthetic_generator_v1
2026-01-07T07:00:00-05:00,PARK-DEMO-01,F-303,ev_charging,Logistics and charging,1056.29,0.9192,415.723,53.809,361.914,2.78,0.091,0,0,valid,synthetic_generator_v1
2026-01-07T08:00:00-05:00,PARK-DEMO-01,F-303,ev_charging,Logistics and charging,1056.29,0.9192,490.099,94.677,395.422,5.84,0.109,0,0,valid,synthetic_generator_v1
2026-01-07T09:00:00-05:00,PARK-DEMO-01,F-303,ev_charging,Logistics and charging,1056.29,0.9192,362.819,142.554,220.265,7.72,0.109,0,0,valid,synthetic_generator_v1
2026-01-07T10:00:00-05:00,PARK-DEMO-01,F-303,ev_charging,Logistics and charging,1056.29,0.9192,372.148,180.013,192.136,7.89,0.109,0,0,valid,synthetic_generator_v1
2026-01-07T11:00:00-05:00,PARK-DEMO-01,F-303,ev_charging,Logistics and charging,1056.29,0.9192,217.921,214.126,3.795,11.43,0.109,0,0,valid,synthetic_generator_v1
2026-01-07T12:00:00-05:00,PARK-DEMO-01,F-303,ev_charging,Logistics and charging,1056.29,0.9192,166.441,182.039,0.0,11.21,0.109,0,0,valid,synthetic_generator_v1
2026-01-07T13:00:00-05:00,PARK-DEMO-01,F-303,ev_charging,Logistics and charging,1056.29,0.9192,185.77,209.261,0.0,13.71,0.109,0,0,valid,synthetic_generator_v1
2026-01-07T14:00:00-05:00,PARK-DEMO-01,F-303,ev_charging,Logistics and charging,1056.29,0.9192,213.13,173.783,39.347,11.08,0.109,0,0,valid,synthetic_generator_v1
2026-01-07T15:00:00-05:00,PARK-DEMO-01,F-303,ev_charging,Logistics and charging,1056.29,0.9192,257.591,156.833,100.758,12.18,0.109,0,0,valid,synthetic_generator_v1
2026-01-07T16:00:00-05:00,PARK-DEMO-01,F-303,ev_charging,Logistics and charging,1056.29,0.9192,355.798,94.115,261.683,11.25,0.165,0,0,valid,synthetic_generator_v1
2026-01-07T17:00:00-05:00,PARK-DEMO-01,F-303,ev_charging,Logistics and charging,1056.29,0.9192,486.102,46.84,439.262,9.91,0.165,0,0,valid,synthetic_generator_v1
2026-01-07T18:00:00-05:00,PARK-DEMO-01,F-303,ev_charging,Logistics and charging,1056.29,0.9192,630.156,0.0,630.156,6.42,0.165,0,0,valid,synthetic_generator_v1
2026-01-07T19:00:00-05:00,PARK-DEMO-01,F-303,ev_charging,Logistics and charging,1056.29,0.9192,786.735,0.0,786.735,8.86,0.165,0,0,valid,synthetic_generator_v1
2026-01-07T20:00:00-05:00,PARK-DEMO-01,F-303,ev_charging,Logistics and charging,1056.29,0.9192,808.492,0.0,808.492,5.08,0.165,0,0,valid,synthetic_generator_v1
2026-01-07T21:00:00-05:00,PARK-DEMO-01,F-303,ev_charging,Logistics and charging,1056.29,0.9192,719.042,0.0,719.042,2.95,0.165,0,0,valid,synthetic_generator_v1
2026-01-07T22:00:00-05:00,PARK-DEMO-01,F-303,ev_charging,Logistics and charging,1056.29,0.9192,683.956,0.0,683.956,2.59,0.091,0,0,valid,synthetic_generator_v1
2026-01-07T23:00:00-05:00,PARK-DEMO-01,F-303,ev_charging,Logistics and charging,1056.29,0.9192,460.049,0.0,460.049,-0.4,0.091,0,0,valid,synthetic_generator_v1
2026-01-01T00:00:00-05:00,PARK-DEMO-01,F-304,ev_charging,Logistics and charging,1135.17,0.9076,517.414,0.0,517.414,4.48,0.091,0,0,valid,synthetic_generator_v1
2026-01-01T01:00:00-05:00,PARK-DEMO-01,F-304,ev_charging,Logistics and charging,1135.17,0.9076,189.653,0.0,189.653,0.19,0.091,0,0,valid,synthetic_generator_v1
2026-01-01T02:00:00-05:00,PARK-DEMO-01,F-304,ev_charging,Logistics and charging,1135.17,0.9076,197.275,0.0,197.275,1.98,0.091,0,0,valid,synthetic_generator_v1
2026-01-01T03:00:00-05:00,PARK-DEMO-01,F-304,ev_charging,Logistics and charging,1135.17,0.9076,236.69,0.0,236.69,-0.81,0.091,0,0,valid,synthetic_generator_v1
2026-01-01T04:00:00-05:00,PARK-DEMO-01,F-304,ev_charging,Logistics and charging,1135.17,0.9076,241.934,0.0,241.934,2.86,0.091,0,0,valid,synthetic_generator_v1
2026-01-01T05:00:00-05:00,PARK-DEMO-01,F-304,ev_charging,Logistics and charging,1135.17,0.9076,224.589,0.0,224.589,3.29,0.091,0,0,valid,synthetic_generator_v1
2026-01-01T06:00:00-05:00,PARK-DEMO-01,F-304,ev_charging,Logistics and charging,1135.17,0.9076,224.001,0.0,224.001,4.24,0.091,0,0,valid,synthetic_generator_v1
2026-01-01T07:00:00-05:00,PARK-DEMO-01,F-304,ev_charging,Logistics and charging,1135.17,0.9076,,46.157,,5.88,0.091,0,0,missing,synthetic_generator_v1
2026-01-01T08:00:00-05:00,PARK-DEMO-01,F-304,ev_charging,Logistics and charging,1135.17,0.9076,417.784,94.244,323.54,8.27,0.109,0,0,valid,synthetic_generator_v1
2026-01-01T09:00:00-05:00,PARK-DEMO-01,F-304,ev_charging,Logistics and charging,1135.17,0.9076,490.253,133.313,356.94,10.76,0.109,0,0,valid,synthetic_generator_v1
2026-01-01T10:00:00-05:00,PARK-DEMO-01,F-304,ev_charging,Logistics and charging,1135.17,0.9076,423.989,192.35,231.639,10.62,0.109,0,0,valid,synthetic_generator_v1
2026-01-01T11:00:00-05:00,PARK-DEMO-01,F-304,ev_charging,Logistics and charging,1135.17,0.9076,302.222,181.931,120.291,10.88,0.109,0,0,valid,synthetic_generator_v1
2026-01-01T12:00:00-05:00,PARK-DEMO-01,F-304,ev_charging,Logistics and charging,1135.17,0.9076,261.936,221.678,40.259,13.29,0.109,0,0,valid,synthetic_generator_v1
2026-01-01T13:00:00-05:00,PARK-DEMO-01,F-304,ev_charging,Logistics and charging,1135.17,0.9076,240.294,170.323,69.971,14.74,0.109,0,0,valid,synthetic_generator_v1
2026-01-01T14:00:00-05:00,PARK-DEMO-01,F-304,ev_charging,Logistics and charging,1135.17,0.9076,183.424,191.815,0.0,15.07,0.109,0,0,valid,synthetic_generator_v1
2026-01-01T15:00:00-05:00,PARK-DEMO-01,F-304,ev_charging,Logistics and charging,1135.17,0.9076,198.304,131.745,66.558,15.4,0.109,0,0,valid,synthetic_generator_v1
2026-01-01T16:00:00-05:00,PARK-DEMO-01,F-304,ev_charging,Logistics and charging,1135.17,0.9076,305.842,101.237,204.605,14.92,0.165,0,0,valid,synthetic_generator_v1
2026-01-01T17:00:00-05:00,PARK-DEMO-01,F-304,ev_charging,Logistics and charging,1135.17,0.9076,416.817,53.302,363.515,13.35,0.165,0,0,valid,synthetic_generator_v1
2026-01-01T18:00:00-05:00,PARK-DEMO-01,F-304,ev_charging,Logistics and charging,1135.17,0.9076,514.362,0.0,514.362,15.04,0.165,0,0,valid,synthetic_generator_v1
2026-01-01T19:00:00-05:00,PARK-DEMO-01,F-304,ev_charging,Logistics and charging,1135.17,0.9076,701.3,0.0,701.3,6.66,0.165,0,0,valid,synthetic_generator_v1
2026-01-01T20:00:00-05:00,PARK-DEMO-01,F-304,ev_charging,Logistics and charging,1135.17,0.9076,865.755,0.0,865.755,7.61,0.165,0,0,valid,synthetic_generator_v1
2026-01-01T21:00:00-05:00,PARK-DEMO-01,F-304,ev_charging,Logistics and charging,1135.17,0.9076,879.719,0.0,879.719,6.09,0.165,0,0,valid,synthetic_generator_v1
2026-01-01T22:00:00-05:00,PARK-DEMO-01,F-304,ev_charging,Logistics and charging,1135.17,0.9076,837.591,0.0,837.591,4.93,0.091,0,0,valid,synthetic_generator_v1
2026-01-01T23:00:00-05:00,PARK-DEMO-01,F-304,ev_charging,Logistics and charging,1135.17,0.9076,657.01,0.0,657.01,3.47,0.091,0,0,valid,synthetic_generator_v1
2026-01-02T00:00:00-05:00,PARK-DEMO-01,F-304,ev_charging,Logistics and charging,1135.17,0.9076,549.4,0.0,549.4,2.64,0.091,0,0,valid,synthetic_generator_v1
2026-01-02T01:00:00-05:00,PARK-DEMO-01,F-304,ev_charging,Logistics and charging,1135.17,0.9076,222.282,0.0,222.282,3.87,0.091,0,0,valid,synthetic_generator_v1
2026-01-02T02:00:00-05:00,PARK-DEMO-01,F-304,ev_charging,Logistics and charging,1135.17,0.9076,205.497,0.0,205.497,3.2,0.091,0,0,valid,synthetic_generator_v1
2026-01-02T03:00:00-05:00,PARK-DEMO-01,F-304,ev_charging,Logistics and charging,1135.17,0.9076,191.916,0.0,191.916,1.11,0.091,0,0,valid,synthetic_generator_v1
2026-01-02T04:00:00-05:00,PARK-DEMO-01,F-304,ev_charging,Logistics and charging,1135.17,0.9076,234.679,0.0,234.679,2.71,0.091,0,0,valid,synthetic_generator_v1
2026-01-02T05:00:00-05:00,PARK-DEMO-01,F-304,ev_charging,Logistics and charging,1135.17,0.9076,219.672,0.0,219.672,5.31,0.091,0,0,valid,synthetic_generator_v1
2026-01-02T06:00:00-05:00,PARK-DEMO-01,F-304,ev_charging,Logistics and charging,1135.17,0.9076,218.73,0.0,218.73,6.32,0.091,0,0,valid,synthetic_generator_v1
2026-01-02T07:00:00-05:00,PARK-DEMO-01,F-304,ev_charging,Logistics and charging,1135.17,0.9076,322.584,54.379,268.204,8.85,0.091,0,0,valid,synthetic_generator_v1
2026-01-02T08:00:00-05:00,PARK-DEMO-01,F-304,ev_charging,Logistics and charging,1135.17,0.9076,425.593,94.758,330.835,9.32,0.109,0,0,valid,synthetic_generator_v1
2026-01-02T09:00:00-05:00,PARK-DEMO-01,F-304,ev_charging,Logistics and charging,1135.17,0.9076,484.229,123.332,360.898,10.86,0.109,0,0,valid,synthetic_generator_v1
2026-01-02T10:00:00-05:00,PARK-DEMO-01,F-304,ev_charging,Logistics and charging,1135.17,0.9076,450.368,185.842,264.526,12.58,0.109,0,0,valid,synthetic_generator_v1
2026-01-02T11:00:00-05:00,PARK-DEMO-01,F-304,ev_charging,Logistics and charging,1135.17,0.9076,321.239,218.623,102.616,13.09,0.109,0,0,valid,synthetic_generator_v1
2026-01-02T12:00:00-05:00,PARK-DEMO-01,F-304,ev_charging,Logistics and charging,1135.17,0.9076,264.788,196.818,67.97,13.74,0.109,0,0,valid,synthetic_generator_v1
2026-01-02T13:00:00-05:00,PARK-DEMO-01,F-304,ev_charging,Logistics and charging,1135.17,0.9076,218.88,193.319,25.561,16.82,0.109,0,0,valid,synthetic_generator_v1
2026-01-02T14:00:00-05:00,PARK-DEMO-01,F-304,ev_charging,Logistics and charging,1135.17,0.9076,224.885,168.118,56.767,15.43,0.109,0,0,valid,synthetic_generator_v1
2026-01-02T15:00:00-05:00,PARK-DEMO-01,F-304,ev_charging,Logistics and charging,1135.17,0.9076,229.35,158.969,70.381,15.41,0.109,0,0,valid,synthetic_generator_v1
2026-01-02T16:00:00-05:00,PARK-DEMO-01,F-304,ev_charging,Logistics and charging,1135.17,0.9076,233.701,104.386,129.316,13.45,0.165,0,0,valid,synthetic_generator_v1
2026-01-02T17:00:00-05:00,PARK-DEMO-01,F-304,ev_charging,Logistics and charging,1135.17,0.9076,382.231,56.36,325.871,13.53,0.165,0,0,valid,synthetic_generator_v1
2026-01-02T18:00:00-05:00,PARK-DEMO-01,F-304,ev_charging,Logistics and charging,1135.17,0.9076,464.863,0.0,464.863,13.53,0.165,0,0,valid,synthetic_generator_v1
2026-01-02T19:00:00-05:00,PARK-DEMO-01,F-304,ev_charging,Logistics and charging,1135.17,0.9076,701.496,0.0,701.496,9.98,0.165,0,0,valid,synthetic_generator_v1
2026-01-02T20:00:00-05:00,PARK-DEMO-01,F-304,ev_charging,Logistics and charging,1135.17,0.9076,822.423,0.0,822.423,7.94,0.165,0,0,valid,synthetic_generator_v1
2026-01-02T21:00:00-05:00,PARK-DEMO-01,F-304,ev_charging,Logistics and charging,1135.17,0.9076,907.977,0.0,907.977,5.63,0.165,0,0,valid,synthetic_generator_v1
2026-01-02T22:00:00-05:00,PARK-DEMO-01,F-304,ev_charging,Logistics and charging,1135.17,0.9076,862.845,0.0,862.845,5.24,0.091,0,0,valid,synthetic_generator_v1
2026-01-02T23:00:00-05:00,PARK-DEMO-01,F-304,ev_charging,Logistics and charging,1135.17,0.9076,626.191,0.0,626.191,2.15,0.091,0,0,valid,synthetic_generator_v1
2026-01-03T00:00:00-05:00,PARK-DEMO-01,F-304,ev_charging,Logistics and charging,1135.17,0.9076,621.044,0.0,621.044,3.41,0.091,1,0,valid,synthetic_generator_v1
2026-01-03T01:00:00-05:00,PARK-DEMO-01,F-304,ev_charging,Logistics and charging,1135.17,0.9076,330.854,0.0,330.854,2.65,0.091,1,0,valid,synthetic_generator_v1
2026-01-03T02:00:00-05:00,PARK-DEMO-01,F-304,ev_charging,Logistics and charging,1135.17,0.9076,275.97,0.0,275.97,1.12,0.091,1,0,valid,synthetic_generator_v1
2026-01-03T03:00:00-05:00,PARK-DEMO-01,F-304,ev_charging,Logistics and charging,1135.17,0.9076,397.587,0.0,397.587,2.68,0.091,1,0,valid,synthetic_generator_v1
2026-01-03T04:00:00-05:00,PARK-DEMO-01,F-304,ev_charging,Logistics and charging,1135.17,0.9076,293.227,0.0,293.227,2.6,0.091,1,0,valid,synthetic_generator_v1
2026-01-03T05:00:00-05:00,PARK-DEMO-01,F-304,ev_charging,Logistics and charging,1135.17,0.9076,295.63,0.0,295.63,3.25,0.091,1,0,valid,synthetic_generator_v1
2026-01-03T06:00:00-05:00,PARK-DEMO-01,F-304,ev_charging,Logistics and charging,1135.17,0.9076,392.074,0.0,392.074,5.13,0.091,1,0,valid,synthetic_generator_v1
2026-01-03T07:00:00-05:00,PARK-DEMO-01,F-304,ev_charging,Logistics and charging,1135.17,0.9076,454.009,51.039,402.97,7.91,0.091,1,0,valid,synthetic_generator_v1
2026-01-03T08:00:00-05:00,PARK-DEMO-01,F-304,ev_charging,Logistics and charging,1135.17,0.9076,536.734,102.01,434.724,9.1,0.109,1,0,valid,synthetic_generator_v1
2026-01-03T09:00:00-05:00,PARK-DEMO-01,F-304,ev_charging,Logistics and charging,1135.17,0.9076,596.314,153.108,443.207,11.18,0.109,1,0,valid,synthetic_generator_v1
2026-01-03T10:00:00-05:00,PARK-DEMO-01,F-304,ev_charging,Logistics and charging,1135.17,0.9076,529.617,189.262,340.355,11.98,0.109,1,0,valid,synthetic_generator_v1
2026-01-03T11:00:00-05:00,PARK-DEMO-01,F-304,ev_charging,Logistics and charging,1135.17,0.9076,483.843,167.808,316.034,14.17,0.109,1,0,valid,synthetic_generator_v1
2026-01-03T12:00:00-05:00,PARK-DEMO-01,F-304,ev_charging,Logistics and charging,1135.17,0.9076,358.151,223.637,134.514,15.73,0.109,1,0,valid,synthetic_generator_v1
2026-01-03T13:00:00-05:00,PARK-DEMO-01,F-304,ev_charging,Logistics and charging,1135.17,0.9076,332.218,166.536,165.682,15.43,0.109,1,0,valid,synthetic_generator_v1
2026-01-03T14:00:00-05:00,PARK-DEMO-01,F-304,ev_charging,Logistics and charging,1135.17,0.9076,357.233,181.823,175.41,15.88,0.109,1,0,valid,synthetic_generator_v1
2026-01-03T15:00:00-05:00,PARK-DEMO-01,F-304,ev_charging,Logistics and charging,1135.17,0.9076,375.755,158.543,217.212,13.52,0.109,1,0,valid,synthetic_generator_v1
2026-01-03T16:00:00-05:00,PARK-DEMO-01,F-304,ev_charging,Logistics and charging,1135.17,0.9076,363.877,109.95,253.927,13.8,0.091,1,0,valid,synthetic_generator_v1
2026-01-03T17:00:00-05:00,PARK-DEMO-01,F-304,ev_charging,Logistics and charging,1135.17,0.9076,492.409,48.733,443.677,15.23,0.091,1,0,valid,synthetic_generator_v1
2026-01-03T18:00:00-05:00,PARK-DEMO-01,F-304,ev_charging,Logistics and charging,1135.17,0.9076,634.462,0.0,634.462,10.84,0.091,1,0,valid,synthetic_generator_v1
2026-01-03T19:00:00-05:00,PARK-DEMO-01,F-304,ev_charging,Logistics and charging,1135.17,0.9076,815.177,0.0,815.177,11.82,0.091,1,0,valid,synthetic_generator_v1
2026-01-03T20:00:00-05:00,PARK-DEMO-01,F-304,ev_charging,Logistics and charging,1135.17,0.9076,941.003,0.0,941.003,8.89,0.091,1,0,valid,synthetic_generator_v1
2026-01-03T21:00:00-05:00,PARK-DEMO-01,F-304,ev_charging,Logistics and charging,1135.17,0.9076,1061.778,0.0,1061.778,5.69,0.091,1,0,valid,synthetic_generator_v1
2026-01-03T22:00:00-05:00,PARK-DEMO-01,F-304,ev_charging,Logistics and charging,1135.17,0.9076,986.209,0.0,986.209,4.92,0.091,1,0,valid,synthetic_generator_v1
2026-01-03T23:00:00-05:00,PARK-DEMO-01,F-304,ev_charging,Logistics and charging,1135.17,0.9076,843.332,0.0,843.332,3.14,0.091,1,0,valid,synthetic_generator_v1
2026-01-04T00:00:00-05:00,PARK-DEMO-01,F-304,ev_charging,Logistics and charging,1135.17,0.9076,654.889,0.0,654.889,3.76,0.091,1,0,valid,synthetic_generator_v1
2026-01-04T01:00:00-05:00,PARK-DEMO-01,F-304,ev_charging,Logistics and charging,1135.17,0.9076,293.622,0.0,293.622,1.81,0.091,1,0,valid,synthetic_generator_v1
2026-01-04T02:00:00-05:00,PARK-DEMO-01,F-304,ev_charging,Logistics and charging,1135.17,0.9076,310.542,0.0,310.542,-0.85,0.091,1,0,valid,synthetic_generator_v1
2026-01-04T03:00:00-05:00,PARK-DEMO-01,F-304,ev_charging,Logistics and charging,1135.17,0.9076,305.974,0.0,305.974,-0.8,0.091,1,0,valid,synthetic_generator_v1
2026-01-04T04:00:00-05:00,PARK-DEMO-01,F-304,ev_charging,Logistics and charging,1135.17,0.9076,366.18,0.0,366.18,2.06,0.091,1,0,valid,synthetic_generator_v1
2026-01-04T05:00:00-05:00,PARK-DEMO-01,F-304,ev_charging,Logistics and charging,1135.17,0.9076,323.135,0.0,323.135,3.51,0.091,1,0,valid,synthetic_generator_v1
2026-01-04T06:00:00-05:00,PARK-DEMO-01,F-304,ev_charging,Logistics and charging,1135.17,0.9076,384.401,0.0,384.401,3.69,0.091,1,0,valid,synthetic_generator_v1
2026-01-04T07:00:00-05:00,PARK-DEMO-01,F-304,ev_charging,Logistics and charging,1135.17,0.9076,447.121,54.726,392.395,8.01,0.091,1,0,valid,synthetic_generator_v1
2026-01-04T08:00:00-05:00,PARK-DEMO-01,F-304,ev_charging,Logistics and charging,1135.17,0.9076,542.371,93.439,448.932,6.34,0.109,1,0,valid,synthetic_generator_v1
2026-01-04T09:00:00-05:00,PARK-DEMO-01,F-304,ev_charging,Logistics and charging,1135.17,0.9076,556.762,132.445,424.316,9.33,0.109,1,0,valid,synthetic_generator_v1
2026-01-04T10:00:00-05:00,PARK-DEMO-01,F-304,ev_charging,Logistics and charging,1135.17,0.9076,522.192,182.38,339.812,11.95,0.109,1,0,valid,synthetic_generator_v1
2026-01-04T11:00:00-05:00,PARK-DEMO-01,F-304,ev_charging,Logistics and charging,1135.17,0.9076,436.681,191.829,244.851,12.08,0.109,1,0,valid,synthetic_generator_v1
2026-01-04T12:00:00-05:00,PARK-DEMO-01,F-304,ev_charging,Logistics and charging,1135.17,0.9076,397.367,185.426,211.941,13.4,0.109,1,0,valid,synthetic_generator_v1
2026-01-04T13:00:00-05:00,PARK-DEMO-01,F-304,ev_charging,Logistics and charging,1135.17,0.9076,362.327,168.385,193.942,16.42,0.109,1,0,valid,synthetic_generator_v1
2026-01-04T14:00:00-05:00,PARK-DEMO-01,F-304,ev_charging,Logistics and charging,1135.17,0.9076,323.582,157.843,165.739,13.64,0.109,1,0,valid,synthetic_generator_v1
2026-01-04T15:00:00-05:00,PARK-DEMO-01,F-304,ev_charging,Logistics and charging,1135.17,0.9076,339.142,123.437,215.706,14.04,0.109,1,0,valid,synthetic_generator_v1
2026-01-04T16:00:00-05:00,PARK-DEMO-01,F-304,ev_charging,Logistics and charging,1135.17,0.9076,375.669,89.477,286.191,12.0,0.091,1,0,valid,synthetic_generator_v1
2026-01-04T17:00:00-05:00,PARK-DEMO-01,F-304,ev_charging,Logistics and charging,1135.17,0.9076,496.368,57.971,438.397,13.73,0.091,1,0,valid,synthetic_generator_v1
2026-01-04T18:00:00-05:00,PARK-DEMO-01,F-304,ev_charging,Logistics and charging,1135.17,0.9076,605.377,0.0,605.377,11.11,0.091,1,0,valid,synthetic_generator_v1
2026-01-04T19:00:00-05:00,PARK-DEMO-01,F-304,ev_charging,Logistics and charging,1135.17,0.9076,793.085,0.0,793.085,11.13,0.091,1,0,valid,synthetic_generator_v1
2026-01-04T20:00:00-05:00,PARK-DEMO-01,F-304,ev_charging,Logistics and charging,1135.17,0.9076,942.474,0.0,942.474,8.96,0.091,1,0,valid,synthetic_generator_v1
2026-01-04T21:00:00-05:00,PARK-DEMO-01,F-304,ev_charging,Logistics and charging,1135.17,0.9076,1016.354,0.0,1016.354,6.0,0.091,1,0,valid,synthetic_generator_v1
2026-01-04T22:00:00-05:00,PARK-DEMO-01,F-304,ev_charging,Logistics and charging,1135.17,0.9076,941.092,0.0,941.092,3.28,0.091,1,0,valid,synthetic_generator_v1
2026-01-04T23:00:00-05:00,PARK-DEMO-01,F-304,ev_charging,Logistics and charging,1135.17,0.9076,847.853,0.0,847.853,4.46,0.091,1,0,valid,synthetic_generator_v1
2026-01-05T00:00:00-05:00,PARK-DEMO-01,F-304,ev_charging,Logistics and charging,1135.17,0.9076,557.239,0.0,557.239,-0.45,0.091,0,0,valid,synthetic_generator_v1
2026-01-05T01:00:00-05:00,PARK-DEMO-01,F-304,ev_charging,Logistics and charging,1135.17,0.9076,168.635,0.0,168.635,-1.44,0.091,0,0,valid,synthetic_generator_v1
2026-01-05T02:00:00-05:00,PARK-DEMO-01,F-304,ev_charging,Logistics and charging,1135.17,0.9076,194.553,0.0,194.553,-2.48,0.091,0,0,valid,synthetic_generator_v1
2026-01-05T03:00:00-05:00,PARK-DEMO-01,F-304,ev_charging,Logistics and charging,1135.17,0.9076,220.502,0.0,220.502,2.03,0.091,0,0,valid,synthetic_generator_v1
2026-01-05T04:00:00-05:00,PARK-DEMO-01,F-304,ev_charging,Logistics and charging,1135.17,0.9076,181.507,0.0,181.507,0.78,0.091,0,0,valid,synthetic_generator_v1
2026-01-05T05:00:00-05:00,PARK-DEMO-01,F-304,ev_charging,Logistics and charging,1135.17,0.9076,44.681,0.0,44.681,0.88,0.091,0,1,anomaly,synthetic_generator_v1
2026-01-05T06:00:00-05:00,PARK-DEMO-01,F-304,ev_charging,Logistics and charging,1135.17,0.9076,274.861,0.0,274.861,2.78,0.091,0,0,valid,synthetic_generator_v1
2026-01-05T07:00:00-05:00,PARK-DEMO-01,F-304,ev_charging,Logistics and charging,1135.17,0.9076,332.413,47.603,284.81,2.23,0.091,0,0,valid,synthetic_generator_v1
2026-01-05T08:00:00-05:00,PARK-DEMO-01,F-304,ev_charging,Logistics and charging,1135.17,0.9076,399.816,90.678,309.138,5.44,0.109,0,0,valid,synthetic_generator_v1
2026-01-05T09:00:00-05:00,PARK-DEMO-01,F-304,ev_charging,Logistics and charging,1135.17,0.9076,478.396,144.824,333.573,10.38,0.109,0,0,valid,synthetic_generator_v1
2026-01-05T10:00:00-05:00,PARK-DEMO-01,F-304,ev_charging,Logistics and charging,1135.17,0.9076,423.109,162.699,260.41,10.87,0.109,0,0,valid,synthetic_generator_v1
2026-01-05T11:00:00-05:00,PARK-DEMO-01,F-304,ev_charging,Logistics and charging,1135.17,0.9076,287.662,213.098,74.563,11.3,0.109,0,0,valid,synthetic_generator_v1
2026-01-05T12:00:00-05:00,PARK-DEMO-01,F-304,ev_charging,Logistics and charging,1135.17,0.9076,273.149,191.856,81.293,12.37,0.109,0,0,valid,synthetic_generator_v1
2026-01-05T13:00:00-05:00,PARK-DEMO-01,F-304,ev_charging,Logistics and charging,1135.17,0.9076,184.701,173.817,10.885,14.43,0.109,0,0,valid,synthetic_generator_v1
2026-01-05T14:00:00-05:00,PARK-DEMO-01,F-304,ev_charging,Logistics and charging,1135.17,0.9076,202.26,156.732,45.528,15.48,0.109,0,0,valid,synthetic_generator_v1
2026-01-05T15:00:00-05:00,PARK-DEMO-01,F-304,ev_charging,Logistics and charging,1135.17,0.9076,205.069,125.134,79.935,13.65,0.109,0,0,valid,synthetic_generator_v1
2026-01-05T16:00:00-05:00,PARK-DEMO-01,F-304,ev_charging,Logistics and charging,1135.17,0.9076,291.885,100.431,191.454,12.98,0.165,0,0,valid,synthetic_generator_v1
2026-01-05T17:00:00-05:00,PARK-DEMO-01,F-304,ev_charging,Logistics and charging,1135.17,0.9076,371.062,56.423,314.638,11.73,0.165,0,0,valid,synthetic_generator_v1
2026-01-05T18:00:00-05:00,PARK-DEMO-01,F-304,ev_charging,Logistics and charging,1135.17,0.9076,538.619,0.0,538.619,10.24,0.165,0,0,valid,synthetic_generator_v1
2026-01-05T19:00:00-05:00,PARK-DEMO-01,F-304,ev_charging,Logistics and charging,1135.17,0.9076,656.184,0.0,656.184,8.27,0.165,0,0,valid,synthetic_generator_v1
2026-01-05T20:00:00-05:00,PARK-DEMO-01,F-304,ev_charging,Logistics and charging,1135.17,0.9076,812.385,0.0,812.385,8.41,0.165,0,0,valid,synthetic_generator_v1
2026-01-05T21:00:00-05:00,PARK-DEMO-01,F-304,ev_charging,Logistics and charging,1135.17,0.9076,878.331,0.0,878.331,5.94,0.165,0,0,valid,synthetic_generator_v1
2026-01-05T22:00:00-05:00,PARK-DEMO-01,F-304,ev_charging,Logistics and charging,1135.17,0.9076,869.265,0.0,869.265,4.17,0.091,0,0,valid,synthetic_generator_v1
2026-01-05T23:00:00-05:00,PARK-DEMO-01,F-304,ev_charging,Logistics and charging,1135.17,0.9076,719.436,0.0,719.436,0.41,0.091,0,0,valid,synthetic_generator_v1
2026-01-06T00:00:00-05:00,PARK-DEMO-01,F-304,ev_charging,Logistics and charging,1135.17,0.9076,533.207,0.0,533.207,-0.1,0.091,0,0,valid,synthetic_generator_v1
2026-01-06T01:00:00-05:00,PARK-DEMO-01,F-304,ev_charging,Logistics and charging,1135.17,0.9076,221.841,0.0,221.841,-2.11,0.091,0,0,valid,synthetic_generator_v1
2026-01-06T02:00:00-05:00,PARK-DEMO-01,F-304,ev_charging,Logistics and charging,1135.17,0.9076,175.924,0.0,175.924,-0.4,0.091,0,0,valid,synthetic_generator_v1
2026-01-06T03:00:00-05:00,PARK-DEMO-01,F-304,ev_charging,Logistics and charging,1135.17,0.9076,229.743,0.0,229.743,-0.92,0.091,0,0,valid,synthetic_generator_v1
2026-01-06T04:00:00-05:00,PARK-DEMO-01,F-304,ev_charging,Logistics and charging,1135.17,0.9076,206.436,0.0,206.436,-1.51,0.091,0,0,valid,synthetic_generator_v1
2026-01-06T05:00:00-05:00,PARK-DEMO-01,F-304,ev_charging,Logistics and charging,1135.17,0.9076,208.726,0.0,208.726,2.26,0.091,0,0,valid,synthetic_generator_v1
2026-01-06T06:00:00-05:00,PARK-DEMO-01,F-304,ev_charging,Logistics and charging,1135.17,0.9076,274.638,0.0,274.638,2.66,0.091,0,0,valid,synthetic_generator_v1
2026-01-06T07:00:00-05:00,PARK-DEMO-01,F-304,ev_charging,Logistics and charging,1135.17,0.9076,371.58,52.548,319.033,2.44,0.091,0,0,valid,synthetic_generator_v1
2026-01-06T08:00:00-05:00,PARK-DEMO-01,F-304,ev_charging,Logistics and charging,1135.17,0.9076,368.18,97.824,270.356,5.84,0.109,0,0,valid,synthetic_generator_v1
2026-01-06T09:00:00-05:00,PARK-DEMO-01,F-304,ev_charging,Logistics and charging,1135.17,0.9076,499.952,128.34,371.611,8.74,0.109,0,0,valid,synthetic_generator_v1
2026-01-06T10:00:00-05:00,PARK-DEMO-01,F-304,ev_charging,Logistics and charging,1135.17,0.9076,446.337,193.159,253.178,7.53,0.109,0,0,valid,synthetic_generator_v1
2026-01-06T11:00:00-05:00,PARK-DEMO-01,F-304,ev_charging,Logistics and charging,1135.17,0.9076,294.288,195.319,98.97,13.32,0.109,0,0,valid,synthetic_generator_v1
2026-01-06T12:00:00-05:00,PARK-DEMO-01,F-304,ev_charging,Logistics and charging,1135.17,0.9076,261.102,221.825,39.277,12.09,0.109,0,0,valid,synthetic_generator_v1
2026-01-06T13:00:00-05:00,PARK-DEMO-01,F-304,ev_charging,Logistics and charging,1135.17,0.9076,195.442,196.77,0.0,11.26,0.109,0,0,valid,synthetic_generator_v1
2026-01-06T14:00:00-05:00,PARK-DEMO-01,F-304,ev_charging,Logistics and charging,1135.17,0.9076,215.32,179.691,35.629,11.35,0.109,0,0,valid,synthetic_generator_v1
2026-01-06T15:00:00-05:00,PARK-DEMO-01,F-304,ev_charging,Logistics and charging,1135.17,0.9076,232.774,158.031,74.743,13.63,0.109,0,0,valid,synthetic_generator_v1
2026-01-06T16:00:00-05:00,PARK-DEMO-01,F-304,ev_charging,Logistics and charging,1135.17,0.9076,268.205,89.529,178.676,11.86,0.165,0,0,valid,synthetic_generator_v1
2026-01-06T17:00:00-05:00,PARK-DEMO-01,F-304,ev_charging,Logistics and charging,1135.17,0.9076,391.095,47.778,343.317,10.28,0.165,0,0,valid,synthetic_generator_v1
2026-01-06T18:00:00-05:00,PARK-DEMO-01,F-304,ev_charging,Logistics and charging,1135.17,0.9076,545.664,0.0,545.664,8.63,0.165,0,0,valid,synthetic_generator_v1
2026-01-06T19:00:00-05:00,PARK-DEMO-01,F-304,ev_charging,Logistics and charging,1135.17,0.9076,658.594,0.0,658.594,6.25,0.165,0,0,valid,synthetic_generator_v1
2026-01-06T20:00:00-05:00,PARK-DEMO-01,F-304,ev_charging,Logistics and charging,1135.17,0.9076,860.691,0.0,860.691,4.17,0.165,0,0,valid,synthetic_generator_v1
2026-01-06T21:00:00-05:00,PARK-DEMO-01,F-304,ev_charging,Logistics and charging,1135.17,0.9076,886.855,0.0,886.855,3.55,0.165,0,0,valid,synthetic_generator_v1
2026-01-06T22:00:00-05:00,PARK-DEMO-01,F-304,ev_charging,Logistics and charging,1135.17,0.9076,865.272,0.0,865.272,0.74,0.091,0,0,valid,synthetic_generator_v1
2026-01-06T23:00:00-05:00,PARK-DEMO-01,F-304,ev_charging,Logistics and charging,1135.17,0.9076,719.551,0.0,719.551,0.24,0.091,0,0,valid,synthetic_generator_v1
2026-01-07T00:00:00-05:00,PARK-DEMO-01,F-304,ev_charging,Logistics and charging,1135.17,0.9076,543.127,0.0,543.127,-1.86,0.091,0,0,valid,synthetic_generator_v1
2026-01-07T01:00:00-05:00,PARK-DEMO-01,F-304,ev_charging,Logistics and charging,1135.17,0.9076,136.632,0.0,136.632,-3.02,0.091,0,0,valid,synthetic_generator_v1
2026-01-07T02:00:00-05:00,PARK-DEMO-01,F-304,ev_charging,Logistics and charging,1135.17,0.9076,158.865,0.0,158.865,-2.1,0.091,0,0,valid,synthetic_generator_v1
2026-01-07T03:00:00-05:00,PARK-DEMO-01,F-304,ev_charging,Logistics and charging,1135.17,0.9076,206.837,0.0,206.837,-2.47,0.091,0,0,valid,synthetic_generator_v1
2026-01-07T04:00:00-05:00,PARK-DEMO-01,F-304,ev_charging,Logistics and charging,1135.17,0.9076,236.073,0.0,236.073,-0.99,0.091,0,0,valid,synthetic_generator_v1
2026-01-07T05:00:00-05:00,PARK-DEMO-01,F-304,ev_charging,Logistics and charging,1135.17,0.9076,178.278,0.0,178.278,-0.27,0.091,0,0,valid,synthetic_generator_v1
2026-01-07T06:00:00-05:00,PARK-DEMO-01,F-304,ev_charging,Logistics and charging,1135.17,0.9076,305.881,0.0,305.881,-0.75,0.091,0,0,valid,synthetic_generator_v1
2026-01-07T07:00:00-05:00,PARK-DEMO-01,F-304,ev_charging,Logistics and charging,1135.17,0.9076,319.705,53.172,266.534,4.36,0.091,0,0,valid,synthetic_generator_v1
2026-01-07T08:00:00-05:00,PARK-DEMO-01,F-304,ev_charging,Logistics and charging,1135.17,0.9076,440.161,107.948,332.213,4.45,0.109,0,0,valid,synthetic_generator_v1
2026-01-07T09:00:00-05:00,PARK-DEMO-01,F-304,ev_charging,Logistics and charging,1135.17,0.9076,488.033,143.146,344.887,6.8,0.109,0,0,valid,synthetic_generator_v1
2026-01-07T10:00:00-05:00,PARK-DEMO-01,F-304,ev_charging,Logistics and charging,1135.17,0.9076,393.189,162.492,230.697,8.43,0.109,0,0,valid,synthetic_generator_v1
2026-01-07T11:00:00-05:00,PARK-DEMO-01,F-304,ev_charging,Logistics and charging,1135.17,0.9076,372.492,198.231,174.261,9.55,0.109,0,0,valid,synthetic_generator_v1
2026-01-07T12:00:00-05:00,PARK-DEMO-01,F-304,ev_charging,Logistics and charging,1135.17,0.9076,269.264,217.319,51.944,11.13,0.109,0,0,valid,synthetic_generator_v1
2026-01-07T13:00:00-05:00,PARK-DEMO-01,F-304,ev_charging,Logistics and charging,1135.17,0.9076,231.711,196.612,35.099,11.69,0.109,0,0,valid,synthetic_generator_v1
2026-01-07T14:00:00-05:00,PARK-DEMO-01,F-304,ev_charging,Logistics and charging,1135.17,0.9076,176.275,190.331,0.0,9.47,0.109,0,0,valid,synthetic_generator_v1
2026-01-07T15:00:00-05:00,PARK-DEMO-01,F-304,ev_charging,Logistics and charging,1135.17,0.9076,209.977,136.879,73.098,13.57,0.109,0,0,valid,synthetic_generator_v1
2026-01-07T16:00:00-05:00,PARK-DEMO-01,F-304,ev_charging,Logistics and charging,1135.17,0.9076,324.968,96.512,228.456,10.18,0.165,0,0,valid,synthetic_generator_v1
2026-01-07T17:00:00-05:00,PARK-DEMO-01,F-304,ev_charging,Logistics and charging,1135.17,0.9076,395.037,47.429,347.608,9.73,0.165,0,0,valid,synthetic_generator_v1
2026-01-07T18:00:00-05:00,PARK-DEMO-01,F-304,ev_charging,Logistics and charging,1135.17,0.9076,507.612,0.0,507.612,10.67,0.165,0,0,valid,synthetic_generator_v1
2026-01-07T19:00:00-05:00,PARK-DEMO-01,F-304,ev_charging,Logistics and charging,1135.17,0.9076,703.434,0.0,703.434,5.63,0.165,0,0,valid,synthetic_generator_v1
2026-01-07T20:00:00-05:00,PARK-DEMO-01,F-304,ev_charging,Logistics and charging,1135.17,0.9076,848.795,0.0,848.795,5.53,0.165,0,0,valid,synthetic_generator_v1
2026-01-07T21:00:00-05:00,PARK-DEMO-01,F-304,ev_charging,Logistics and charging,1135.17,0.9076,893.499,0.0,893.499,3.18,0.165,0,0,valid,synthetic_generator_v1
2026-01-07T22:00:00-05:00,PARK-DEMO-01,F-304,ev_charging,Logistics and charging,1135.17,0.9076,807.96,0.0,807.96,4.79,0.091,0,0,valid,synthetic_generator_v1
2026-01-07T23:00:00-05:00,PARK-DEMO-01,F-304,ev_charging,Logistics and charging,1135.17,0.9076,663.168,0.0,663.168,2.6,0.091,0,0,valid,synthetic_generator_v1
